pc,routine_label,opcode,mnemonic,operand_text,write_class,target_raw,target_resolved,target_symbol,address_class,width,bitmask,x_base,y_base,index_resolution_status,value_source,nearby_branch_context,dispatcher_context,candidate_role,confidence,notes
7108,L7100,,STAA,"$3D,X",store,"$3D,X",$103D,L103D,absolute_memory_or_table,8,,$1000,,resolved_indexed,A,,,ram_state_or_intermediate,medium,requires downstream read/use analysis
710F,L7100,,STAA,"$39,X",store,"$39,X",$3039,L3039,hardware_register_region_30xx,8,,$3000,,resolved_indexed,A,,,hardware_or_asic_state,medium,mapped hardware/ASIC region
7113,L7100,,STAA,"$24,X",store,"$24,X",$3024,L3024,hardware_register_region_30xx,8,,$3000,,resolved_indexed,A,,,hardware_or_asic_state,medium,mapped hardware/ASIC region
7115,L7100,,BCLR,"$38,X,#$20",bit_mutation,"$38,X",$3038,L3038,hardware_register_region_30xx,bit,#$20,$3000,,resolved_indexed,bit_clear_mask,,,hardware_or_asic_state,medium,mapped hardware/ASIC region
711A,L7100,,STAA,"$35,X",store,"$35,X",$3035,L3035,hardware_register_region_30xx,8,,$3000,,resolved_indexed,A,,,hardware_or_asic_state,medium,mapped hardware/ASIC region
7120,L7100,,STAA,"0,X",store,"0,X",,"0,X",unknown,8,,$3000,,unresolved_indexed,A,711C:JSR LCC7C,,ram_state_or_intermediate,medium,requires downstream read/use analysis
7122,L7100,,STAA,"$08,X",store,"$08,X",$3008,L3008,hardware_register_region_30xx,8,,$3000,,resolved_indexed,A,711C:JSR LCC7C,,hardware_or_asic_state,medium,mapped hardware/ASIC region
7128,L7100,,STD,L306E,store,L306E,$306E,L306E,hardware_register_region_30xx,16,,,,direct,D,711C:JSR LCC7C,,hardware_or_asic_state,medium,mapped hardware/ASIC region
713A,L713A,,STX,L3FFC,store,L3FFC,$3FFC,L3FFC,asic_hardware_region_3fxx,16,,,,direct,X,"711C:JSR LCC7C | 7132:BRCLR 0,Y,#$01,L713A",,iac_output_sink_or_state,medium,IAC phase/output/enable candidate; direct writer bench-gated
714A,L713A,,STD,L3FFC,store,L3FFC,$3FFC,L3FFC,asic_hardware_region_3fxx,16,,,,direct,D,"711C:JSR LCC7C | 7132:BRCLR 0,Y,#$01,L713A | 713D:JSR LF3ED | 7143:JSR LF3ED",,iac_output_sink_or_state,medium,IAC phase/output/enable candidate; direct writer bench-gated
7154,L713A,,STAB,"$2D,X",store,"$2D,X",$302D,L302D,hardware_register_region_30xx,8,,$3000,$400B,resolved_indexed,B,"711C:JSR LCC7C | 7132:BRCLR 0,Y,#$01,L713A | 713D:JSR LF3ED | 7143:JSR LF3ED",,hardware_or_asic_state,medium,mapped hardware/ASIC region
715B,L715B,,STD,"0,X",store,"0,X",,"0,X",unknown,16,,$3FC0,$400B,unresolved_indexed,D,"711C:JSR LCC7C | 7132:BRCLR 0,Y,#$01,L713A | 713D:JSR LF3ED | 7143:JSR LF3ED",,ram_state_or_intermediate,medium,requires downstream read/use analysis
7182,L7182,,CLR,"0,X",clear,"0,X",,"0,X",unknown,8,,$0360,$400B,unresolved_indexed,zero,713D:JSR LF3ED | 7143:JSR LF3ED | 7162:BNE L715B | 716A:JSR LF2FD | 7173:JSR LF2FD | 717C:JSR LF2FD,,ram_state_or_intermediate,medium,requires downstream read/use analysis
719E,L7182,,BSET,"L0050,#$08",bit_mutation,L0050,$0050,L0050,internal_ram,bit,#$08,,,direct,bit_set_mask,7188:BNE L7182 | 718A:JSR LF20D | 718D:JSR LF245 | 7190:JSR LC56F | 7198:BCC L71C3 | 719C:BCS L71C3,,mode_flag_or_safety_gate,medium,bit-level state mutation
71B4,L7182,,BSET,"L0044,#$01",bit_mutation,L0044,$0044,L0044,internal_ram,bit,#$01,,,direct,bit_set_mask,7190:JSR LC56F | 7198:BCC L71C3 | 719C:BCS L71C3 | 71A5:BCS L71C3 | 71AC:BCS L71C3 | 71B2:BHI L71C3,,mode_flag_or_safety_gate,medium,bit-level state mutation
71B7,L7182,,CLR,L0001,clear,L0001,$0001,L0001,internal_ram,8,,,,direct,zero,7190:JSR LC56F | 7198:BCC L71C3 | 719C:BCS L71C3 | 71A5:BCS L71C3 | 71AC:BCS L71C3 | 71B2:BHI L71C3,,ram_state_or_intermediate,medium,requires downstream read/use analysis
71BD,L7182,,STX,L3FFC,store,L3FFC,$3FFC,L3FFC,asic_hardware_region_3fxx,16,,,,direct,X,7190:JSR LC56F | 7198:BCC L71C3 | 719C:BCS L71C3 | 71A5:BCS L71C3 | 71AC:BCS L71C3 | 71B2:BHI L71C3,,iac_output_sink_or_state,medium,IAC phase/output/enable candidate; direct writer bench-gated
71C3,L71C3,,BCLR,"L0005,#$10",bit_mutation,L0005,$0005,L0005,internal_ram,bit,#$10,,,direct,bit_clear_mask,7198:BCC L71C3 | 719C:BCS L71C3 | 71A5:BCS L71C3 | 71AC:BCS L71C3 | 71B2:BHI L71C3 | 71C0:JMP L7459,,mode_flag_or_safety_gate,medium,bit-level state mutation
71CD,L71C3,,BSET,"L003A,#$04",bit_mutation,L003A,$003A,L003A,internal_ram,bit,#$04,,,direct,bit_set_mask,719C:BCS L71C3 | 71A5:BCS L71C3 | 71AC:BCS L71C3 | 71B2:BHI L71C3 | 71C0:JMP L7459 | 71CB:BEQ L71D2,,mode_flag_or_safety_gate,medium,bit-level state mutation
71E9,L71E5,,BSET,"L003A,#$02",bit_mutation,L003A,$003A,L003A,internal_ram,bit,#$02,,,direct,bit_set_mask,71CB:BEQ L71D2 | 71D0:BRA L71EC | 71D5:JSR LF2AA | 71DF:BNE L71E5 | 71E3:BEQ L720C | 71E7:BEQ L720C,,mode_flag_or_safety_gate,medium,bit-level state mutation
71EC,L71EC,,BSET,"L0005,#$10",bit_mutation,L0005,$0005,L0005,internal_ram,bit,#$10,,,direct,bit_set_mask,71CB:BEQ L71D2 | 71D0:BRA L71EC | 71D5:JSR LF2AA | 71DF:BNE L71E5 | 71E3:BEQ L720C | 71E7:BEQ L720C,,mode_flag_or_safety_gate,medium,bit-level state mutation
71F7,L71EC,,STD,L3FFC,store,L3FFC,$3FFC,L3FFC,asic_hardware_region_3fxx,16,,,,direct,D,71D0:BRA L71EC | 71D5:JSR LF2AA | 71DF:BNE L71E5 | 71E3:BEQ L720C | 71E7:BEQ L720C | 71F2:JSR LF3ED,,iac_output_sink_or_state,medium,IAC phase/output/enable candidate; direct writer bench-gated
71FA,L71EC,,BSET,"L001A,#$20",bit_mutation,L001A,$001A,L001A,internal_ram,bit,#$20,,,direct,bit_set_mask,71D0:BRA L71EC | 71D5:JSR LF2AA | 71DF:BNE L71E5 | 71E3:BEQ L720C | 71E7:BEQ L720C | 71F2:JSR LF3ED,,mode_flag_or_safety_gate,medium,bit-level state mutation
71FD,L71EC,,BSET,"L000F,#$20",bit_mutation,L000F,$000F,L000F,internal_ram,bit,#$20,,,direct,bit_set_mask,71D0:BRA L71EC | 71D5:JSR LF2AA | 71DF:BNE L71E5 | 71E3:BEQ L720C | 71E7:BEQ L720C | 71F2:JSR LF3ED,,mode_flag_or_safety_gate,medium,bit-level state mutation
7203,L71EC,,STAA,L0015,store,L0015,$0015,L0015,internal_ram,8,,,,direct,A,71D5:JSR LF2AA | 71DF:BNE L71E5 | 71E3:BEQ L720C | 71E7:BEQ L720C | 71F2:JSR LF3ED | 7200:JSR LF326,,ram_state_or_intermediate,medium,requires downstream read/use analysis
7233,L720C,,STD,L02F6,store,L02F6,$02F6,L02F6,internal_ram,16,,,,direct,D,720A:BCC L7208 | 720C:JSR LF326 | 7211:BEQ L723C | 7219:JSR LF2FD | 7222:JSR LF2FD | 722B:JSR LF2FD,,ram_state_or_intermediate,medium,requires downstream read/use analysis
7239,L720C,,BSET,"L0046,#$40",bit_mutation,L0046,$0046,L0046,internal_ram,bit,#$40,,,direct,bit_set_mask,720C:JSR LF326 | 7211:BEQ L723C | 7219:JSR LF2FD | 7222:JSR LF2FD | 722B:JSR LF2FD | 7236:JSR LF280,,mode_flag_or_safety_gate,medium,bit-level state mutation
723C,L723C,,BSET,"L0086,#$08",bit_mutation,L0086,$0086,L0086,internal_ram,bit,#$08,,,direct,bit_set_mask,720C:JSR LF326 | 7211:BEQ L723C | 7219:JSR LF2FD | 7222:JSR LF2FD | 722B:JSR LF2FD | 7236:JSR LF280,,mode_flag_or_safety_gate,medium,bit-level state mutation
7263,L7262,,STAA,"0,X",store,"0,X",,"0,X",unknown,8,,$032B,$0001,unresolved_indexed,A,722B:JSR LF2FD | 7236:JSR LF280 | 724C:BEQ L7252 | 7254:BNE L724A | 725B:BEQ L7260 | 725E:BEQ L726B,,ram_state_or_intermediate,medium,requires downstream read/use analysis
7268,L7262,,BSET,"L003A,#$40",bit_mutation,L003A,$003A,L003A,internal_ram,bit,#$40,,,direct,bit_set_mask,7236:JSR LF280 | 724C:BEQ L7252 | 7254:BNE L724A | 725B:BEQ L7260 | 725E:BEQ L726B | 7266:BNE L7262,,mode_flag_or_safety_gate,medium,bit-level state mutation
726F,L726B,,STD,L01F6,store,L01F6,$01F6,L01F6,internal_ram,16,,,,direct,D,7236:JSR LF280 | 724C:BEQ L7252 | 7254:BNE L724A | 725B:BEQ L7260 | 725E:BEQ L726B | 7266:BNE L7262,,ram_state_or_intermediate,medium,requires downstream read/use analysis
727C,L726B,,STAA,L001F,store,L001F,$001F,L001F,internal_ram,8,,,,direct,A,7254:BNE L724A | 725B:BEQ L7260 | 725E:BEQ L726B | 7266:BNE L7262 | 7274:BEQ L727E | 7279:BCC L727E,,ram_state_or_intermediate,medium,requires downstream read/use analysis
7288,L727E,,STAA,L0020,store,L0020,$0020,L0020,internal_ram,8,,,,direct,A,725E:BEQ L726B | 7266:BNE L7262 | 7274:BEQ L727E | 7279:BCC L727E | 7280:BEQ L728A | 7285:BCC L728A,,ram_state_or_intermediate,medium,requires downstream read/use analysis
7294,L728A,,STAA,L0021,store,L0021,$0021,L0021,internal_ram,8,,,,direct,A,7274:BEQ L727E | 7279:BCC L727E | 7280:BEQ L728A | 7285:BCC L728A | 728C:BEQ L7296 | 7291:BCC L7296,,ram_state_or_intermediate,medium,requires downstream read/use analysis
72A0,L7296,,STAA,L0022,store,L0022,$0022,L0022,internal_ram,8,,,,direct,A,7280:BEQ L728A | 7285:BCC L728A | 728C:BEQ L7296 | 7291:BCC L7296 | 7298:BEQ L72A2 | 729D:BCC L72A2,,ram_state_or_intermediate,medium,requires downstream read/use analysis
72AC,L72A2,,STAA,L0023,store,L0023,$0023,L0023,internal_ram,8,,,,direct,A,728C:BEQ L7296 | 7291:BCC L7296 | 7298:BEQ L72A2 | 729D:BCC L72A2 | 72A4:BEQ L72AE | 72A9:BCC L72AE,,ram_state_or_intermediate,medium,requires downstream read/use analysis
72B8,L72AE,,STAA,L0024,store,L0024,$0024,L0024,internal_ram,8,,,,direct,A,7298:BEQ L72A2 | 729D:BCC L72A2 | 72A4:BEQ L72AE | 72A9:BCC L72AE | 72B0:BEQ L72BA | 72B5:BCC L72BA,,ram_state_or_intermediate,medium,requires downstream read/use analysis
72C4,L72BA,,STAA,L0025,store,L0025,$0025,L0025,internal_ram,8,,,,direct,A,72A4:BEQ L72AE | 72A9:BCC L72AE | 72B0:BEQ L72BA | 72B5:BCC L72BA | 72BC:BEQ L72C6 | 72C1:BCC L72C6,,ram_state_or_intermediate,medium,requires downstream read/use analysis
72D0,L72C6,,STAA,L0026,store,L0026,$0026,L0026,internal_ram,8,,,,direct,A,72B0:BEQ L72BA | 72B5:BCC L72BA | 72BC:BEQ L72C6 | 72C1:BCC L72C6 | 72C8:BEQ L72D2 | 72CD:BCC L72D2,,ram_state_or_intermediate,medium,requires downstream read/use analysis
72DC,L72D2,,STAA,L0027,store,L0027,$0027,L0027,internal_ram,8,,,,direct,A,72BC:BEQ L72C6 | 72C1:BCC L72C6 | 72C8:BEQ L72D2 | 72CD:BCC L72D2 | 72D4:BEQ L72DE | 72D9:BCC L72DE,,ram_state_or_intermediate,medium,requires downstream read/use analysis
72E8,L72DE,,STAA,L0028,store,L0028,$0028,L0028,internal_ram,8,,,,direct,A,72C8:BEQ L72D2 | 72CD:BCC L72D2 | 72D4:BEQ L72DE | 72D9:BCC L72DE | 72E0:BEQ L72EA | 72E5:BCC L72EA,,ram_state_or_intermediate,medium,requires downstream read/use analysis
72F4,L72EA,,STAA,L0029,store,L0029,$0029,L0029,internal_ram,8,,,,direct,A,72D4:BEQ L72DE | 72D9:BCC L72DE | 72E0:BEQ L72EA | 72E5:BCC L72EA | 72EC:BEQ L72F6 | 72F1:BCC L72F6,,ram_state_or_intermediate,medium,requires downstream read/use analysis
7300,L72F6,,STAA,L002A,store,L002A,$002A,L002A,internal_ram,8,,,,direct,A,72E0:BEQ L72EA | 72E5:BCC L72EA | 72EC:BEQ L72F6 | 72F1:BCC L72F6 | 72F8:BEQ L7302 | 72FD:BCC L7302,,ram_state_or_intermediate,medium,requires downstream read/use analysis
730C,L7302,,STAA,L002B,store,L002B,$002B,L002B,internal_ram,8,,,,direct,A,72EC:BEQ L72F6 | 72F1:BCC L72F6 | 72F8:BEQ L7302 | 72FD:BCC L7302 | 7304:BEQ L730E | 7309:BCC L730E,,ram_state_or_intermediate,medium,requires downstream read/use analysis
7318,L730E,,STAA,L002C,store,L002C,$002C,L002C,internal_ram,8,,,,direct,A,72F8:BEQ L7302 | 72FD:BCC L7302 | 7304:BEQ L730E | 7309:BCC L730E | 7310:BEQ L731A | 7315:BCC L731A,,ram_state_or_intermediate,medium,requires downstream read/use analysis
7324,L731A,,STAA,L002D,store,L002D,$002D,L002D,internal_ram,8,,,,direct,A,7304:BEQ L730E | 7309:BCC L730E | 7310:BEQ L731A | 7315:BCC L731A | 731C:BEQ L7326 | 7321:BCC L7326,,ram_state_or_intermediate,medium,requires downstream read/use analysis
7330,L7326,,STAA,L002E,store,L002E,$002E,L002E,internal_ram,8,,,,direct,A,7310:BEQ L731A | 7315:BCC L731A | 731C:BEQ L7326 | 7321:BCC L7326 | 7328:BEQ L7332 | 732D:BCC L7332,,ram_state_or_intermediate,medium,requires downstream read/use analysis
733C,L7332,,STAA,L002F,store,L002F,$002F,L002F,internal_ram,8,,,,direct,A,731C:BEQ L7326 | 7321:BCC L7326 | 7328:BEQ L7332 | 732D:BCC L7332 | 7334:BEQ L733E | 7339:BCC L733E,,ram_state_or_intermediate,medium,requires downstream read/use analysis
7348,L733E,,STAA,L0030,store,L0030,$0030,L0030,internal_ram,8,,,,direct,A,7328:BEQ L7332 | 732D:BCC L7332 | 7334:BEQ L733E | 7339:BCC L733E | 7340:BEQ L734A | 7345:BCC L734A,,ram_state_or_intermediate,medium,requires downstream read/use analysis
7354,L734A,,STAA,L0031,store,L0031,$0031,L0031,internal_ram,8,,,,direct,A,7334:BEQ L733E | 7339:BCC L733E | 7340:BEQ L734A | 7345:BCC L734A | 734C:BEQ L7356 | 7351:BCC L7356,,ram_state_or_intermediate,medium,requires downstream read/use analysis
7363,L7356,,STAA,L0031,store,L0031,$0031,L0031,internal_ram,8,,,,direct,A,"7340:BEQ L734A | 7345:BCC L734A | 734C:BEQ L7356 | 7351:BCC L7356 | 7356:BRCLR L001E,#$04,L7368 | 735F:BCC L7368",,ram_state_or_intermediate,medium,requires downstream read/use analysis
7365,L7356,,BCLR,"L001E,#$04",bit_mutation,L001E,$001E,L001E,internal_ram,bit,#$04,,,direct,bit_clear_mask,"7340:BEQ L734A | 7345:BCC L734A | 734C:BEQ L7356 | 7351:BCC L7356 | 7356:BRCLR L001E,#$04,L7368 | 735F:BCC L7368",,mode_flag_or_safety_gate,medium,bit-level state mutation
7368,L7368,,BCLR,"L0019,#$04",bit_mutation,L0019,$0019,L0019,internal_ram,bit,#$04,,,direct,bit_clear_mask,"7340:BEQ L734A | 7345:BCC L734A | 734C:BEQ L7356 | 7351:BCC L7356 | 7356:BRCLR L001E,#$04,L7368 | 735F:BCC L7368",,mode_flag_or_safety_gate,medium,bit-level state mutation
736B,L7368,,BCLR,"L0019,#$02",bit_mutation,L0019,$0019,L0019,internal_ram,bit,#$02,,,direct,bit_clear_mask,"7340:BEQ L734A | 7345:BCC L734A | 734C:BEQ L7356 | 7351:BCC L7356 | 7356:BRCLR L001E,#$04,L7368 | 735F:BCC L7368",,mode_flag_or_safety_gate,medium,bit-level state mutation
7375,L7368,,BCLR,"L0017,#$20",bit_mutation,L0017,$0017,L0017,internal_ram,bit,#$20,,,direct,bit_clear_mask,"7345:BCC L734A | 734C:BEQ L7356 | 7351:BCC L7356 | 7356:BRCLR L001E,#$04,L7368 | 735F:BCC L7368 | 7371:BRCLR 0,X,#$80,L7378",,mode_flag_or_safety_gate,medium,bit-level state mutation
7381,L7378,,STAB,L0032,store,L0032,$0032,L0032,internal_ram,8,,,,direct,B,"734C:BEQ L7356 | 7351:BCC L7356 | 7356:BRCLR L001E,#$04,L7368 | 735F:BCC L7368 | 7371:BRCLR 0,X,#$80,L7378 | 737F:BCS L7383",,ram_state_or_intermediate,medium,requires downstream read/use analysis
7389,L7383,,STAB,L0033,store,L0033,$0033,L0033,internal_ram,8,,,,direct,B,"7351:BCC L7356 | 7356:BRCLR L001E,#$04,L7368 | 735F:BCC L7368 | 7371:BRCLR 0,X,#$80,L7378 | 737F:BCS L7383 | 7387:BCS L738B",,ram_state_or_intermediate,medium,requires downstream read/use analysis
7391,L738B,,STAB,L0034,store,L0034,$0034,L0034,internal_ram,8,,,,direct,B,"7356:BRCLR L001E,#$04,L7368 | 735F:BCC L7368 | 7371:BRCLR 0,X,#$80,L7378 | 737F:BCS L7383 | 7387:BCS L738B | 738F:BCS L7393",,ram_state_or_intermediate,medium,requires downstream read/use analysis
7396,L7393,,STAA,L01C6,store,L01C6,$01C6,L01C6,internal_ram,8,,,,direct,A,"7356:BRCLR L001E,#$04,L7368 | 735F:BCC L7368 | 7371:BRCLR 0,X,#$80,L7378 | 737F:BCS L7383 | 7387:BCS L738B | 738F:BCS L7393",,ram_state_or_intermediate,medium,requires downstream read/use analysis
7399,L7393,,STAA,L01C3,store,L01C3,$01C3,L01C3,internal_ram,8,,,,direct,A,"7356:BRCLR L001E,#$04,L7368 | 735F:BCC L7368 | 7371:BRCLR 0,X,#$80,L7378 | 737F:BCS L7383 | 7387:BCS L738B | 738F:BCS L7393",,ram_state_or_intermediate,medium,requires downstream read/use analysis
73AA,L73AA,,STAA,L01C0,store,L01C0,$01C0,L01C0,internal_ram,8,,,,direct,A,"735F:BCC L7368 | 7371:BRCLR 0,X,#$80,L7378 | 737F:BCS L7383 | 7387:BCS L738B | 738F:BCS L7393 | 73A5:BCC L73AA",,ram_state_or_intermediate,medium,requires downstream read/use analysis
73AD,L73AA,,STAA,L01C7,store,L01C7,$01C7,L01C7,internal_ram,8,,,,direct,A,"735F:BCC L7368 | 7371:BRCLR 0,X,#$80,L7378 | 737F:BCS L7383 | 7387:BCS L738B | 738F:BCS L7393 | 73A5:BCC L73AA",,ram_state_or_intermediate,medium,requires downstream read/use analysis
73B3,L73AA,,BSET,"L004E,#$01",bit_mutation,L004E,$004E,L004E,internal_ram,bit,#$01,,,direct,bit_set_mask,"7371:BRCLR 0,X,#$80,L7378 | 737F:BCS L7383 | 7387:BCS L738B | 738F:BCS L7393 | 73A5:BCC L73AA | 73B0:JSR LC614",,mode_flag_or_safety_gate,medium,bit-level state mutation
73B6,L73AA,,BSET,"L0043,#$80",bit_mutation,L0043,$0043,L0043,internal_ram,bit,#$80,,,direct,bit_set_mask,"7371:BRCLR 0,X,#$80,L7378 | 737F:BCS L7383 | 7387:BCS L738B | 738F:BCS L7393 | 73A5:BCC L73AA | 73B0:JSR LC614",,mode_flag_or_safety_gate,medium,bit-level state mutation
73B9,L73AA,,BCLR,"L0004,#$10",bit_mutation,L0004,$0004,L0004,internal_ram,bit,#$10,,,direct,bit_clear_mask,"7371:BRCLR 0,X,#$80,L7378 | 737F:BCS L7383 | 7387:BCS L738B | 738F:BCS L7393 | 73A5:BCC L73AA | 73B0:JSR LC614",,mode_flag_or_safety_gate,medium,bit-level state mutation
73CA,L73AA,,STAA,L0282,store,L0282,$0282,L0282,internal_ram,8,,,,direct,A,738F:BCS L7393 | 73A5:BCC L73AA | 73B0:JSR LC614 | 73BF:JSR LC96A | 73C2:JSR LC9F7 | 73C5:JSR LCA6B,,ram_state_or_intermediate,medium,requires downstream read/use analysis
73D8,L73AA,,BSET,"L0004,#$10",bit_mutation,L0004,$0004,L0004,internal_ram,bit,#$10,,,direct,bit_set_mask,73B0:JSR LC614 | 73BF:JSR LC96A | 73C2:JSR LC9F7 | 73C5:JSR LCA6B | 73D1:BCS L73DB | 73D6:BCS L73DB,,mode_flag_or_safety_gate,medium,bit-level state mutation
73E1,L73DB,,STAA,L01D5,store,L01D5,$01D5,L01D5,internal_ram,8,,,,direct,A,73BF:JSR LC96A | 73C2:JSR LC9F7 | 73C5:JSR LCA6B | 73D1:BCS L73DB | 73D6:BCS L73DB | 73DB:JSR L925E,,ram_state_or_intermediate,medium,requires downstream read/use analysis
73E4,L73DB,,STAA,L01D0,store,L01D0,$01D0,L01D0,internal_ram,8,,,,direct,A,73BF:JSR LC96A | 73C2:JSR LC9F7 | 73C5:JSR LCA6B | 73D1:BCS L73DB | 73D6:BCS L73DB | 73DB:JSR L925E,,ram_state_or_intermediate,medium,requires downstream read/use analysis
73E7,L73DB,,STAA,L01D2,store,L01D2,$01D2,L01D2,internal_ram,8,,,,direct,A,73BF:JSR LC96A | 73C2:JSR LC9F7 | 73C5:JSR LCA6B | 73D1:BCS L73DB | 73D6:BCS L73DB | 73DB:JSR L925E,,ram_state_or_intermediate,medium,requires downstream read/use analysis
73F3,L73DB,,STAA,L01DC,store,L01DC,$01DC,L01DC,internal_ram,8,,,,direct,A,73C5:JSR LCA6B | 73D1:BCS L73DB | 73D6:BCS L73DB | 73DB:JSR L925E | 73EA:JSR LB1AC | 73ED:JSR LB0E4,,ram_state_or_intermediate,medium,requires downstream read/use analysis
73F6,L73DB,,STAA,L01DA,store,L01DA,$01DA,L01DA,internal_ram,8,,,,direct,A,73C5:JSR LCA6B | 73D1:BCS L73DB | 73D6:BCS L73DB | 73DB:JSR L925E | 73EA:JSR LB1AC | 73ED:JSR LB0E4,,ram_state_or_intermediate,medium,requires downstream read/use analysis
73F9,L73DB,,STAA,L01DB,store,L01DB,$01DB,L01DB,internal_ram,8,,,,direct,A,73C5:JSR LCA6B | 73D1:BCS L73DB | 73D6:BCS L73DB | 73DB:JSR L925E | 73EA:JSR LB1AC | 73ED:JSR LB0E4,,ram_state_or_intermediate,medium,requires downstream read/use analysis
73FC,L73DB,,STAA,L01DE,store,L01DE,$01DE,L01DE,internal_ram,8,,,,direct,A,73C5:JSR LCA6B | 73D1:BCS L73DB | 73D6:BCS L73DB | 73DB:JSR L925E | 73EA:JSR LB1AC | 73ED:JSR LB0E4,,ram_state_or_intermediate,medium,requires downstream read/use analysis
7402,L73DB,,STAA,L01B5,store,L01B5,$01B5,L01B5,internal_ram,8,,,,direct,A,73C5:JSR LCA6B | 73D1:BCS L73DB | 73D6:BCS L73DB | 73DB:JSR L925E | 73EA:JSR LB1AC | 73ED:JSR LB0E4,,ram_state_or_intermediate,medium,requires downstream read/use analysis
740C,L73DB,,STD,L01A2,store,L01A2,$01A2,L01A2,internal_ram,16,,,,direct,D,73D1:BCS L73DB | 73D6:BCS L73DB | 73DB:JSR L925E | 73EA:JSR LB1AC | 73ED:JSR LB0E4 | 7405:JSR LD14E,,ram_state_or_intermediate,medium,requires downstream read/use analysis
741D,L741D,,STAB,L0078,store,L0078,$0078,L0078,internal_ram,8,,,,direct,B,73DB:JSR L925E | 73EA:JSR LB1AC | 73ED:JSR LB0E4 | 7405:JSR LD14E | 740F:JSR L74D3 | 7418:BCS L741D,,ram_state_or_intermediate,medium,requires downstream read/use analysis
7422,L741D,,STD,L0205,store,L0205,$0205,L0205,internal_ram,16,,,,direct,D,73DB:JSR L925E | 73EA:JSR LB1AC | 73ED:JSR LB0E4 | 7405:JSR LD14E | 740F:JSR L74D3 | 7418:BCS L741D,,ram_state_or_intermediate,medium,requires downstream read/use analysis
7428,L741D,,STD,L0851,store,L0851,$0851,L0851,absolute_memory_or_table,16,,,,direct,D,73DB:JSR L925E | 73EA:JSR LB1AC | 73ED:JSR LB0E4 | 7405:JSR LD14E | 740F:JSR L74D3 | 7418:BCS L741D,,ram_state_or_intermediate,medium,requires downstream read/use analysis
742E,L741D,,STAA,L024A,store,L024A,$024A,L024A,internal_ram,8,,,,direct,A,73DB:JSR L925E | 73EA:JSR LB1AC | 73ED:JSR LB0E4 | 7405:JSR LD14E | 740F:JSR L74D3 | 7418:BCS L741D,,ram_state_or_intermediate,medium,requires downstream read/use analysis
7433,L741D,,STAA,L0002,store,L0002,$0002,L0002,internal_ram,8,,,,direct,A,73DB:JSR L925E | 73EA:JSR LB1AC | 73ED:JSR LB0E4 | 7405:JSR LD14E | 740F:JSR L74D3 | 7418:BCS L741D,,ram_state_or_intermediate,medium,requires downstream read/use analysis
7437,L741D,,STAA,L0248,store,L0248,$0248,L0248,internal_ram,8,,,,direct,A,73DB:JSR L925E | 73EA:JSR LB1AC | 73ED:JSR LB0E4 | 7405:JSR LD14E | 740F:JSR L74D3 | 7418:BCS L741D,,ram_state_or_intermediate,medium,requires downstream read/use analysis
743C,L741D,,STAA,L0049,store,L0049,$0049,L0049,internal_ram,8,,,,direct,A,73DB:JSR L925E | 73EA:JSR LB1AC | 73ED:JSR LB0E4 | 7405:JSR LD14E | 740F:JSR L74D3 | 7418:BCS L741D,,ram_state_or_intermediate,medium,requires downstream read/use analysis
7443,L741D,,STAA,L303A,store,L303A,$303A,L303A,hardware_register_region_30xx,8,,,,direct,A,73EA:JSR LB1AC | 73ED:JSR LB0E4 | 7405:JSR LD14E | 740F:JSR L74D3 | 7418:BCS L741D | 743E:JSR LF28E,,watchdog_cop_sink,high,COP/watchdog register candidate
7448,L741D,,STAA,L303A,store,L303A,$303A,L303A,hardware_register_region_30xx,8,,,,direct,A,73EA:JSR LB1AC | 73ED:JSR LB0E4 | 7405:JSR LD14E | 740F:JSR L74D3 | 7418:BCS L741D | 743E:JSR LF28E,,watchdog_cop_sink,high,COP/watchdog register candidate
744D,L741D,,STAA,L004C,store,L004C,$004C,L004C,internal_ram,8,,,,direct,A,73EA:JSR LB1AC | 73ED:JSR LB0E4 | 7405:JSR LD14E | 740F:JSR L74D3 | 7418:BCS L741D | 743E:JSR LF28E,,ram_state_or_intermediate,medium,requires downstream read/use analysis
7456,L741D,,STAA,L02CE,store,L02CE,$02CE,L02CE,internal_ram,8,,,,direct,A,"73ED:JSR LB0E4 | 7405:JSR LD14E | 740F:JSR L74D3 | 7418:BCS L741D | 743E:JSR LF28E | 744F:BRCLR L0004,#$08,L7459",,ram_state_or_intermediate,medium,requires downstream read/use analysis
745B,L7459,,STAA,L3023,store,L3023,$3023,L3023,hardware_register_region_30xx,8,,,,direct,A,"73ED:JSR LB0E4 | 7405:JSR LD14E | 740F:JSR L74D3 | 7418:BCS L741D | 743E:JSR LF28E | 744F:BRCLR L0004,#$08,L7459",,hardware_or_asic_state,medium,mapped hardware/ASIC region
7464,L7459,,STD,L301A,store,L301A,$301A,L301A,hardware_register_region_30xx,16,,,,direct,D,"73ED:JSR LB0E4 | 7405:JSR LD14E | 740F:JSR L74D3 | 7418:BCS L741D | 743E:JSR LF28E | 744F:BRCLR L0004,#$08,L7459",,hardware_or_asic_state,medium,mapped hardware/ASIC region
7469,L7459,,STAA,L3022,store,L3022,$3022,L3022,hardware_register_region_30xx,8,,,,direct,A,"73ED:JSR LB0E4 | 7405:JSR LD14E | 740F:JSR L74D3 | 7418:BCS L741D | 743E:JSR LF28E | 744F:BRCLR L0004,#$08,L7459",,hardware_or_asic_state,medium,mapped hardware/ASIC region
747B,L7473,,STX,L029B,store,L029B,$029B,L029B,internal_ram,16,,,,direct,X,"740F:JSR L74D3 | 7418:BCS L741D | 743E:JSR LF28E | 744F:BRCLR L0004,#$08,L7459 | 746C:BRCLR L0051,#$04,L74B3 | 7476:BNE L747E",,ram_state_or_intermediate,medium,requires downstream read/use analysis
7486,L747E,,STD,"0,X",store,"0,X",,"0,X",unknown,16,,$0800,$0001,unresolved_indexed,D,"7418:BCS L741D | 743E:JSR LF28E | 744F:BRCLR L0004,#$08,L7459 | 746C:BRCLR L0051,#$04,L74B3 | 7476:BNE L747E | 7481:BEQ L74AD",,ram_state_or_intermediate,medium,requires downstream read/use analysis
748A,L747E,,STD,"$02,X",store,"$02,X",$0802,L0802,absolute_memory_or_table,16,,$0800,$0001,resolved_indexed,D,"7418:BCS L741D | 743E:JSR LF28E | 744F:BRCLR L0004,#$08,L7459 | 746C:BRCLR L0051,#$04,L74B3 | 7476:BNE L747E | 7481:BEQ L74AD",,ram_state_or_intermediate,medium,requires downstream read/use analysis
748E,L747E,,STD,"$04,X",store,"$04,X",$0804,L0804,absolute_memory_or_table,16,,$0800,$0001,resolved_indexed,D,"7418:BCS L741D | 743E:JSR LF28E | 744F:BRCLR L0004,#$08,L7459 | 746C:BRCLR L0051,#$04,L74B3 | 7476:BNE L747E | 7481:BEQ L74AD",,ram_state_or_intermediate,medium,requires downstream read/use analysis
7492,L747E,,STD,"$06,X",store,"$06,X",$0806,L0806,absolute_memory_or_table,16,,$0800,$0001,resolved_indexed,D,"7418:BCS L741D | 743E:JSR LF28E | 744F:BRCLR L0004,#$08,L7459 | 746C:BRCLR L0051,#$04,L74B3 | 7476:BNE L747E | 7481:BEQ L74AD",,ram_state_or_intermediate,medium,requires downstream read/use analysis
7496,L747E,,STD,"$08,X",store,"$08,X",$0808,L0808,absolute_memory_or_table,16,,$0800,$0001,resolved_indexed,D,"7418:BCS L741D | 743E:JSR LF28E | 744F:BRCLR L0004,#$08,L7459 | 746C:BRCLR L0051,#$04,L74B3 | 7476:BNE L747E | 7481:BEQ L74AD",,ram_state_or_intermediate,medium,requires downstream read/use analysis
749A,L747E,,STD,"$0A,X",store,"$0A,X",$080A,L080A,absolute_memory_or_table,16,,$0800,$0001,resolved_indexed,D,"7418:BCS L741D | 743E:JSR LF28E | 744F:BRCLR L0004,#$08,L7459 | 746C:BRCLR L0051,#$04,L74B3 | 7476:BNE L747E | 7481:BEQ L74AD",,ram_state_or_intermediate,medium,requires downstream read/use analysis
749E,L747E,,STD,"$0C,X",store,"$0C,X",$080C,L080C,absolute_memory_or_table,16,,$0800,$0001,resolved_indexed,D,"7418:BCS L741D | 743E:JSR LF28E | 744F:BRCLR L0004,#$08,L7459 | 746C:BRCLR L0051,#$04,L74B3 | 7476:BNE L747E | 7481:BEQ L74AD",,ram_state_or_intermediate,medium,requires downstream read/use analysis
74A2,L747E,,STD,"$0E,X",store,"$0E,X",$080E,L080E,absolute_memory_or_table,16,,$0800,$0001,resolved_indexed,D,"7418:BCS L741D | 743E:JSR LF28E | 744F:BRCLR L0004,#$08,L7459 | 746C:BRCLR L0051,#$04,L74B3 | 7476:BNE L747E | 7481:BEQ L74AD",,ram_state_or_intermediate,medium,requires downstream read/use analysis
74A7,L747E,,STX,L029B,store,L029B,$029B,L029B,internal_ram,16,,,,direct,X,"7418:BCS L741D | 743E:JSR LF28E | 744F:BRCLR L0004,#$08,L7459 | 746C:BRCLR L0051,#$04,L74B3 | 7476:BNE L747E | 7481:BEQ L74AD",,ram_state_or_intermediate,medium,requires downstream read/use analysis
74AD,L74AD,,CLR,L029B,clear,L029B,$029B,L029B,internal_ram,8,,,,direct,zero,"743E:JSR LF28E | 744F:BRCLR L0004,#$08,L7459 | 746C:BRCLR L0051,#$04,L74B3 | 7476:BNE L747E | 7481:BEQ L74AD | 74AB:BRA L7473",,ram_state_or_intermediate,medium,requires downstream read/use analysis
74B0,L74AD,,BCLR,"L0051,#$04",bit_mutation,L0051,$0051,L0051,internal_ram,bit,#$04,,,direct,bit_clear_mask,"743E:JSR LF28E | 744F:BRCLR L0004,#$08,L7459 | 746C:BRCLR L0051,#$04,L74B3 | 7476:BNE L747E | 7481:BEQ L74AD | 74AB:BRA L7473",,mode_flag_or_safety_gate,medium,bit-level state mutation
74CD,L74CD,,STX,L02D1,store,L02D1,$02D1,L02D1,internal_ram,16,,,,direct,X,74AB:BRA L7473 | 74B9:BNE L74C3 | 74BE:BCC L74C3 | 74C1:BRA L74B7 | 74C6:BEQ L74CD | 74CB:BCC L74D0,,ram_state_or_intermediate,medium,requires downstream read/use analysis
74D6,L74D3,,STD,L3FCC,store,L3FCC,$3FCC,L3FCC,asic_hardware_region_3fxx,16,,,,direct,D,74B9:BNE L74C3 | 74BE:BCC L74C3 | 74C1:BRA L74B7 | 74C6:BEQ L74CD | 74CB:BCC L74D0 | 74D1:BRA L746C,,hardware_or_asic_state,medium,mapped hardware/ASIC region
74DF,L74D3,,STD,L3FEA,store,L3FEA,$3FEA,L3FEA,asic_hardware_region_3fxx,16,,,,direct,D,74BE:BCC L74C3 | 74C1:BRA L74B7 | 74C6:BEQ L74CD | 74CB:BCC L74D0 | 74D1:BRA L746C | 74D9:JSR LF3ED,,hardware_or_asic_state,medium,mapped hardware/ASIC region
74E7,L74D3,,STAA,L00D9,store,L00D9,$00D9,L00D9,internal_ram,8,,,,direct,A,74C1:BRA L74B7 | 74C6:BEQ L74CD | 74CB:BCC L74D0 | 74D1:BRA L746C | 74D9:JSR LF3ED | 74E2:JSR LF3ED,,ram_state_or_intermediate,medium,requires downstream read/use analysis
7503,L74F1,,STD,L3016,store,L3016,$3016,L3016,hardware_register_region_30xx,16,,,,direct,D,"74CB:BCC L74D0 | 74D1:BRA L746C | 74D9:JSR LF3ED | 74E2:JSR LF3ED | 74EA:BRCLR L0044,#$01,L74F1 | 74EE:JMP LFC11",,hardware_or_asic_state,medium,mapped hardware/ASIC region
7509,L74F1,,BCLR,"0,X,#$40",bit_mutation,"0,X",,"0,X",unknown,bit,#$40,$3062,$0001,unresolved_indexed,bit_clear_mask,"74CB:BCC L74D0 | 74D1:BRA L746C | 74D9:JSR LF3ED | 74E2:JSR LF3ED | 74EA:BRCLR L0044,#$01,L74F1 | 74EE:JMP LFC11",,mode_flag_or_safety_gate,medium,bit-level state mutation
750C,L74F1,,BSET,"0,X,#$40",bit_mutation,"0,X",,"0,X",unknown,bit,#$40,$3062,$0001,unresolved_indexed,bit_set_mask,"74CB:BCC L74D0 | 74D1:BRA L746C | 74D9:JSR LF3ED | 74E2:JSR LF3ED | 74EA:BRCLR L0044,#$01,L74F1 | 74EE:JMP LFC11",,mode_flag_or_safety_gate,medium,bit-level state mutation
7513,L74F1,,BSET,"L0050,#$20",bit_mutation,L0050,$0050,L0050,internal_ram,bit,#$20,,,direct,bit_set_mask,"74D1:BRA L746C | 74D9:JSR LF3ED | 74E2:JSR LF3ED | 74EA:BRCLR L0044,#$01,L74F1 | 74EE:JMP LFC11 | 750F:BRSET L0044,#$10,L7516",,mode_flag_or_safety_gate,medium,bit-level state mutation
7518,L7516,,STAB,L306F,store,L306F,$306F,L306F,hardware_register_region_30xx,8,,,,direct,B,"74D1:BRA L746C | 74D9:JSR LF3ED | 74E2:JSR LF3ED | 74EA:BRCLR L0044,#$01,L74F1 | 74EE:JMP LFC11 | 750F:BRSET L0044,#$10,L7516",,hardware_or_asic_state,medium,mapped hardware/ASIC region
7521,L7516,,STAA,L3030,store,L3030,$3030,L3030,hardware_register_region_30xx,8,,,,direct,A,"74D9:JSR LF3ED | 74E2:JSR LF3ED | 74EA:BRCLR L0044,#$01,L74F1 | 74EE:JMP LFC11 | 750F:BRSET L0044,#$10,L7516 | 751B:BRCLR L0050,#$01,L752E",,hardware_or_asic_state,medium,mapped hardware/ASIC region
752B,L7516,,STAA,L082E,store,L082E,$082E,L082E,absolute_memory_or_table,8,,,,direct,A,"74D9:JSR LF3ED | 74E2:JSR LF3ED | 74EA:BRCLR L0044,#$01,L74F1 | 74EE:JMP LFC11 | 750F:BRSET L0044,#$10,L7516 | 751B:BRCLR L0050,#$01,L752E",,ram_state_or_intermediate,medium,requires downstream read/use analysis
7537,L7535,,STD,L006A,store,L006A,$006A,L006A,internal_ram,16,,,,direct,D,"74EA:BRCLR L0044,#$01,L74F1 | 74EE:JMP LFC11 | 750F:BRSET L0044,#$10,L7516 | 751B:BRCLR L0050,#$01,L752E | 752E:BRCLR L004F,#$10,L7535 | 7532:JMP L7650",,ram_state_or_intermediate,medium,requires downstream read/use analysis
7543,L7535,,STAB,L02CD,store,L02CD,$02CD,L02CD,internal_ram,8,,,,direct,B,"750F:BRSET L0044,#$10,L7516 | 751B:BRCLR L0050,#$01,L752E | 752E:BRCLR L004F,#$10,L7535 | 7532:JMP L7650 | 7539:BRSET L0044,#$10,L7548 | 7541:BEQ L7552",,ram_state_or_intermediate,medium,requires downstream read/use analysis
754D,L7548,,STAA,"$23,X",store,"$23,X",$3023,L3023,hardware_register_region_30xx,8,,$3000,$0001,resolved_indexed,A,"751B:BRCLR L0050,#$01,L752E | 752E:BRCLR L004F,#$10,L7535 | 7532:JMP L7650 | 7539:BRSET L0044,#$10,L7548 | 7541:BEQ L7552 | 7546:BRA L7552",,hardware_or_asic_state,medium,mapped hardware/ASIC region
756C,L7552,,STD,L024C,store,L024C,$024C,L024C,internal_ram,16,,,,direct,D,"7546:BRA L7552 | 754F:JMP L77C6 | 7557:JSR LF4C1 | 755D:BCC L7548 | 7562:BRCLR 0,X,#$04,L7579 | 7569:JSR L7827",,ram_state_or_intermediate,medium,requires downstream read/use analysis
7581,L757C,,STD,L024C,store,L024C,$024C,L024C,internal_ram,16,,,,direct,D,"7562:BRCLR 0,X,#$04,L7579 | 7569:JSR L7827 | 7572:BRSET 0,X,#$10,L757C | 7576:JMP L762A | 7579:JMP L7630 | 757C:BRCLR L0019,#$40,L7587",,ram_state_or_intermediate,medium,requires downstream read/use analysis
7591,L7591,,STD,L0250,store,L0250,$0250,L0250,internal_ram,16,,,,direct,D,"7572:BRSET 0,X,#$10,L757C | 7576:JMP L762A | 7579:JMP L7630 | 757C:BRCLR L0019,#$40,L7587 | 7584:JMP L762A | 758C:BPL L7591",,ram_state_or_intermediate,medium,requires downstream read/use analysis
75A2,L7591,,BSET,"L0053,#$20",bit_mutation,L0053,$0053,L0053,internal_ram,bit,#$20,,,direct,bit_set_mask,"7579:JMP L7630 | 757C:BRCLR L0019,#$40,L7587 | 7584:JMP L762A | 758C:BPL L7591 | 7597:BRSET $23,X,#$01,L75F7 | 75A0:BNE L75A7",,mode_flag_or_safety_gate,medium,bit-level state mutation
75BC,L75BC,,STD,L0250,store,L0250,$0250,L0250,internal_ram,16,,,,direct,D,"7597:BRSET $23,X,#$01,L75F7 | 75A0:BNE L75A7 | 75A5:BRA L75CB | 75A7:BRCLR L0053,#$20,L75CB | 75B2:JSR LF550 | 75B7:BCC L75BC",,ram_state_or_intermediate,medium,requires downstream read/use analysis
75C8,L75C8,,STAA,L02CE,store,L02CE,$02CE,L02CE,internal_ram,8,,,,direct,A,"75A0:BNE L75A7 | 75A5:BRA L75CB | 75A7:BRCLR L0053,#$20,L75CB | 75B2:JSR LF550 | 75B7:BCC L75BC | 75C5:BNE L75C8",,ram_state_or_intermediate,medium,requires downstream read/use analysis
75CB,L75CB,,BSET,"$20,X,#$03",bit_mutation,"$20,X",$0270,L0270,internal_ram,bit,#$03,$0250,$0001,resolved_indexed,bit_set_mask,"75A0:BNE L75A7 | 75A5:BRA L75CB | 75A7:BRCLR L0053,#$20,L75CB | 75B2:JSR LF550 | 75B7:BCC L75BC | 75C5:BNE L75C8",,mode_flag_or_safety_gate,medium,bit-level state mutation
75CE,L75CB,,BSET,"$0B,X,#$08",bit_mutation,"$0B,X",$025B,L025B,internal_ram,bit,#$08,$0250,$0001,resolved_indexed,bit_set_mask,"75A0:BNE L75A7 | 75A5:BRA L75CB | 75A7:BRCLR L0053,#$20,L75CB | 75B2:JSR LF550 | 75B7:BCC L75BC | 75C5:BNE L75C8",,mode_flag_or_safety_gate,medium,bit-level state mutation
75DF,L75DD,,STD,L0825,store,L0825,$0825,L0825,absolute_memory_or_table,16,,,,direct,D,"75A7:BRCLR L0053,#$20,L75CB | 75B2:JSR LF550 | 75B7:BCC L75BC | 75C5:BNE L75C8 | 75D1:JSR L785A | 75D8:BCC L75DD",,ram_state_or_intermediate,medium,requires downstream read/use analysis
75E2,L75DD,,BCLR,"$20,X,#$01",bit_mutation,"$20,X",$0270,L0270,internal_ram,bit,#$01,$0250,$0001,resolved_indexed,bit_clear_mask,"75A7:BRCLR L0053,#$20,L75CB | 75B2:JSR LF550 | 75B7:BCC L75BC | 75C5:BNE L75C8 | 75D1:JSR L785A | 75D8:BCC L75DD",,mode_flag_or_safety_gate,medium,bit-level state mutation
75F3,L75F3,,STD,"$1E,X",store,"$1E,X",$026E,L026E,internal_ram,16,,$0250,$0001,resolved_indexed,D,75B2:JSR LF550 | 75B7:BCC L75BC | 75C5:BNE L75C8 | 75D1:JSR L785A | 75D8:BCC L75DD | 75EE:BPL L75F3,,ram_state_or_intermediate,medium,requires downstream read/use analysis
75F9,L75F7,,STAA,"$23,X",store,"$23,X",$0273,L0273,internal_ram,8,,$0250,$0001,resolved_indexed,A,75B7:BCC L75BC | 75C5:BNE L75C8 | 75D1:JSR L785A | 75D8:BCC L75DD | 75EE:BPL L75F3 | 75F5:BRA L7630,,ram_state_or_intermediate,medium,requires downstream read/use analysis
75FB,L75F7,,CLR,L084E,clear,L084E,$084E,L084E,absolute_memory_or_table,8,,,,direct,zero,75B7:BCC L75BC | 75C5:BNE L75C8 | 75D1:JSR L785A | 75D8:BCC L75DD | 75EE:BPL L75F3 | 75F5:BRA L7630,,ram_state_or_intermediate,medium,requires downstream read/use analysis
75FE,L75F7,,BSET,"$20,X,#$0C",bit_mutation,"$20,X",$0270,L0270,internal_ram,bit,#$0C,$0250,$0001,resolved_indexed,bit_set_mask,75B7:BCC L75BC | 75C5:BNE L75C8 | 75D1:JSR L785A | 75D8:BCC L75DD | 75EE:BPL L75F3 | 75F5:BRA L7630,,mode_flag_or_safety_gate,medium,bit-level state mutation
7601,L75F7,,BSET,"$0B,X,#$10",bit_mutation,"$0B,X",$025B,L025B,internal_ram,bit,#$10,$0250,$0001,resolved_indexed,bit_set_mask,75B7:BCC L75BC | 75C5:BNE L75C8 | 75D1:JSR L785A | 75D8:BCC L75DD | 75EE:BPL L75F3 | 75F5:BRA L7630,,mode_flag_or_safety_gate,medium,bit-level state mutation
7604,L75F7,,BCLR,"L0053,#$20",bit_mutation,L0053,$0053,L0053,internal_ram,bit,#$20,,,direct,bit_clear_mask,75B7:BCC L75BC | 75C5:BNE L75C8 | 75D1:JSR L785A | 75D8:BCC L75DD | 75EE:BPL L75F3 | 75F5:BRA L7630,,mode_flag_or_safety_gate,medium,bit-level state mutation
7612,L7610,,STD,L0827,store,L0827,$0827,L0827,absolute_memory_or_table,16,,,,direct,D,75C5:BNE L75C8 | 75D1:JSR L785A | 75D8:BCC L75DD | 75EE:BPL L75F3 | 75F5:BRA L7630 | 760B:BCC L7610,,ram_state_or_intermediate,medium,requires downstream read/use analysis
7615,L7610,,BCLR,"$20,X,#$04",bit_mutation,"$20,X",$0270,L0270,internal_ram,bit,#$04,$0250,$0001,resolved_indexed,bit_clear_mask,75C5:BNE L75C8 | 75D1:JSR L785A | 75D8:BCC L75DD | 75EE:BPL L75F3 | 75F5:BRA L7630 | 760B:BCC L7610,,mode_flag_or_safety_gate,medium,bit-level state mutation
7626,L7626,,STD,"$1C,X",store,"$1C,X",$026C,L026C,internal_ram,16,,$0250,$0001,resolved_indexed,D,75D1:JSR L785A | 75D8:BCC L75DD | 75EE:BPL L75F3 | 75F5:BRA L7630 | 760B:BCC L7610 | 7621:BPL L7626,,ram_state_or_intermediate,medium,requires downstream read/use analysis
7638,L7638,,STAA,L02CE,store,L02CE,$02CE,L02CE,internal_ram,8,,,,direct,A,75F5:BRA L7630 | 760B:BCC L7610 | 7621:BPL L7626 | 7628:BRA L7630 | 762D:JSR L8548 | 7634:BNE L7638,,ram_state_or_intermediate,medium,requires downstream read/use analysis
764A,L7638,,STAA,L02CE,store,L02CE,$02CE,L02CE,internal_ram,8,,,,direct,A,7621:BPL L7626 | 7628:BRA L7630 | 762D:JSR L8548 | 7634:BNE L7638 | 7640:BHI L764D | 7645:BLS L764D,,ram_state_or_intermediate,medium,requires downstream read/use analysis
765B,L7650,,STAA,L0268,store,L0268,$0268,L0268,internal_ram,8,,,,direct,A,7634:BNE L7638 | 7640:BHI L764D | 7645:BLS L764D | 764D:JMP L77C6 | 7653:BEQ L7696 | 7659:BEQ L765E,,ram_state_or_intermediate,medium,requires downstream read/use analysis
767C,L7673,,INC,L081E,read_modify_write,L081E,$081E,L081E,absolute_memory_or_table,8,,,,direct,target_plus_1,7653:BEQ L7696 | 7659:BEQ L765E | 7663:JSR LF4C1 | 766F:BCC L7673 | 7673:JSR LF4C1 | 767A:BCC L7696,,ram_state_or_intermediate,medium,requires downstream read/use analysis
7687,L7673,,CLR,L081E,clear,L081E,$081E,L081E,absolute_memory_or_table,8,,,,direct,zero,7659:BEQ L765E | 7663:JSR LF4C1 | 766F:BCC L7673 | 7673:JSR LF4C1 | 767A:BCC L7696 | 7685:BCS L7696,,ram_state_or_intermediate,medium,requires downstream read/use analysis
7693,L7693,,STAA,L02C9,store,L02C9,$02C9,L02C9,internal_ram,8,,,,direct,A,7663:JSR LF4C1 | 766F:BCC L7673 | 7673:JSR LF4C1 | 767A:BCC L7696 | 7685:BCS L7696 | 7690:BCC L7693,,ram_state_or_intermediate,medium,requires downstream read/use analysis
76A9,L7696,,BCLR,"L0053,#$40",bit_mutation,L0053,$0053,L0053,internal_ram,bit,#$40,,,direct,bit_clear_mask,"7685:BCS L7696 | 7690:BCC L7693 | 769B:BEQ L76D9 | 769D:BRSET L0019,#$40,L76D9 | 76A1:BRSET L0051,#$01,L76BA | 76A5:BRCLR L0053,#$40,L771C",,mode_flag_or_safety_gate,medium,bit-level state mutation
76B5,L76B5,,STD,L0254,store,L0254,$0254,L0254,internal_ram,16,,,,direct,D,"7690:BCC L7693 | 769B:BEQ L76D9 | 769D:BRSET L0019,#$40,L76D9 | 76A1:BRSET L0051,#$01,L76BA | 76A5:BRCLR L0053,#$40,L771C | 76B0:BCC L76B5",,ram_state_or_intermediate,medium,requires downstream read/use analysis
76BA,L76BA,,INC,L0829,read_modify_write,L0829,$0829,L0829,absolute_memory_or_table,8,,,,direct,target_plus_1,"769B:BEQ L76D9 | 769D:BRSET L0019,#$40,L76D9 | 76A1:BRSET L0051,#$01,L76BA | 76A5:BRCLR L0053,#$40,L771C | 76B0:BCC L76B5 | 76B8:BRA L7702",,ram_state_or_intermediate,medium,requires downstream read/use analysis
76D4,L76BA,,BSET,"L0053,#$40",bit_mutation,L0053,$0053,L0053,internal_ram,bit,#$40,,,direct,bit_set_mask,"76A5:BRCLR L0053,#$40,L771C | 76B0:BCC L76B5 | 76B8:BRA L7702 | 76C2:BCC L76DC | 76CB:BCS L771C | 76D2:BNE L7712",,mode_flag_or_safety_gate,medium,bit-level state mutation
76E1,L76DC,,STAA,"$23,X",store,"$23,X",$3023,L3023,hardware_register_region_30xx,8,,$3000,$0001,resolved_indexed,A,76B8:BRA L7702 | 76C2:BCC L76DC | 76CB:BCS L771C | 76D2:BNE L7712 | 76D7:BRA L7712 | 76D9:JMP L7765,,hardware_or_asic_state,medium,mapped hardware/ASIC region
76F3,L76DC,,CLR,L0829,clear,L0829,$0829,L0829,absolute_memory_or_table,8,,,,direct,zero,76CB:BCS L771C | 76D2:BNE L7712 | 76D7:BRA L7712 | 76D9:JMP L7765 | 76EA:BCC L76F8 | 76F1:BNE L7765,,ram_state_or_intermediate,medium,requires downstream read/use analysis
76FF,L76F8,,BSET,"L0053,#$40",bit_mutation,L0053,$0053,L0053,internal_ram,bit,#$40,,,direct,bit_set_mask,76D7:BRA L7712 | 76D9:JMP L7765 | 76EA:BCC L76F8 | 76F1:BNE L7765 | 76F6:BRA L7765 | 76FD:BNE L7702,,mode_flag_or_safety_gate,medium,bit-level state mutation
770F,L770F,,STD,L0250,store,L0250,$0250,L0250,internal_ram,16,,,,direct,D,76D9:JMP L7765 | 76EA:BCC L76F8 | 76F1:BNE L7765 | 76F6:BRA L7765 | 76FD:BNE L7702 | 770A:BPL L770F,,ram_state_or_intermediate,medium,requires downstream read/use analysis
7712,L7712,,BCLR,"L0051,#$01",bit_mutation,L0051,$0051,L0051,internal_ram,bit,#$01,,,direct,bit_clear_mask,76D9:JMP L7765 | 76EA:BCC L76F8 | 76F1:BNE L7765 | 76F6:BRA L7765 | 76FD:BNE L7702 | 770A:BPL L770F,,mode_flag_or_safety_gate,medium,bit-level state mutation
7716,L7712,,STAA,L082A,store,L082A,$082A,L082A,absolute_memory_or_table,8,,,,direct,A,76D9:JMP L7765 | 76EA:BCC L76F8 | 76F1:BNE L7765 | 76F6:BRA L7765 | 76FD:BNE L7702 | 770A:BPL L770F,,ram_state_or_intermediate,medium,requires downstream read/use analysis
7719,L7712,,STAA,L0829,store,L0829,$0829,L0829,absolute_memory_or_table,8,,,,direct,A,76D9:JMP L7765 | 76EA:BCC L76F8 | 76F1:BNE L7765 | 76F6:BRA L7765 | 76FD:BNE L7702 | 770A:BPL L770F,,ram_state_or_intermediate,medium,requires downstream read/use analysis
7725,L771C,,BSET,"L0051,#$80",bit_mutation,L0051,$0051,L0051,internal_ram,bit,#$80,,,direct,bit_set_mask,"76EA:BCC L76F8 | 76F1:BNE L7765 | 76F6:BRA L7765 | 76FD:BNE L7702 | 770A:BPL L770F | 7720:BRSET 0,Y,#$20,L7728",,mode_flag_or_safety_gate,medium,bit-level state mutation
7731,L7728,,STAA,"$23,X",store,"$23,X",$3023,L3023,hardware_register_region_30xx,8,,$3000,$400B,resolved_indexed,A,"76F1:BNE L7765 | 76F6:BRA L7765 | 76FD:BNE L7702 | 770A:BPL L770F | 7720:BRSET 0,Y,#$20,L7728 | 772B:BRCLR $23,X,#$01,L774C",,hardware_or_asic_state,medium,mapped hardware/ASIC region
7733,L7728,,CLR,L084E,clear,L084E,$084E,L084E,absolute_memory_or_table,8,,,,direct,zero,"76F1:BNE L7765 | 76F6:BRA L7765 | 76FD:BNE L7702 | 770A:BPL L770F | 7720:BRSET 0,Y,#$20,L7728 | 772B:BRCLR $23,X,#$01,L774C",,ram_state_or_intermediate,medium,requires downstream read/use analysis
7742,L773B,,BSET,"L0051,#$80",bit_mutation,L0051,$0051,L0051,internal_ram,bit,#$80,,,direct,bit_set_mask,"770A:BPL L770F | 7720:BRSET 0,Y,#$20,L7728 | 772B:BRCLR $23,X,#$01,L774C | 7736:BRSET 0,Y,#$20,L7754 | 773B:JSR L77F7 | 773E:BRSET L0051,#$80,L7765",,mode_flag_or_safety_gate,medium,bit-level state mutation
7747,L773B,,STD,L081F,store,L081F,$081F,L081F,absolute_memory_or_table,16,,,,direct,D,"770A:BPL L770F | 7720:BRSET 0,Y,#$20,L7728 | 772B:BRCLR $23,X,#$01,L774C | 7736:BRSET 0,Y,#$20,L7754 | 773B:JSR L77F7 | 773E:BRSET L0051,#$80,L7765",,ram_state_or_intermediate,medium,requires downstream read/use analysis
775B,L7754,,BSET,"L0051,#$80",bit_mutation,L0051,$0051,L0051,internal_ram,bit,#$80,,,direct,bit_set_mask,"773E:BRSET L0051,#$80,L7765 | 774A:BRA L7754 | 774C:JSR L785A | 774F:BRSET 0,Y,#$20,L773B | 7754:JSR L77C7 | 7757:BRSET L0051,#$80,L7765",,mode_flag_or_safety_gate,medium,bit-level state mutation
7760,L7754,,STD,L081F,store,L081F,$081F,L081F,absolute_memory_or_table,16,,,,direct,D,"773E:BRSET L0051,#$80,L7765 | 774A:BRA L7754 | 774C:JSR L785A | 774F:BRSET 0,Y,#$20,L773B | 7754:JSR L77C7 | 7757:BRSET L0051,#$80,L7765",,ram_state_or_intermediate,medium,requires downstream read/use analysis
776A,L7765,,BCLR,"L0073,#$40",bit_mutation,L0073,$0073,L0073,internal_ram,bit,#$40,,,direct,bit_clear_mask,"774A:BRA L7754 | 774C:JSR L785A | 774F:BRSET 0,Y,#$20,L773B | 7754:JSR L77C7 | 7757:BRSET L0051,#$80,L7765 | 7763:BRA L773B",,mode_flag_or_safety_gate,medium,bit-level state mutation
7790,L7790,,STD,L006A,store,L006A,$006A,L006A,internal_ram,16,,,,direct,D,7763:BRA L773B | 776F:BEQ L77C6 | 7776:BCS L778E | 777E:BHI L778E | 7789:JSR LF479 | 778C:BRA L7790,,ram_state_or_intermediate,medium,requires downstream read/use analysis
77B5,L77A4,,BCLR,"L0051,#$01",bit_mutation,L0051,$0051,L0051,internal_ram,bit,#$01,,,direct,bit_clear_mask,"7797:BEQ L77C6 | 779E:BEQ L77A4 | 77A0:BRCLR L0019,#$40,L77C6 | 77A4:BRCLR L0051,#$01,L77B8 | 77A8:BRCLR L003F,#$10,L77C3 | 77B3:BLS L77B8",,mode_flag_or_safety_gate,medium,bit-level state mutation
77B8,L77B8,,BCLR,"L003F,#$10",bit_mutation,L003F,$003F,L003F,internal_ram,bit,#$10,,,direct,bit_clear_mask,"7797:BEQ L77C6 | 779E:BEQ L77A4 | 77A0:BRCLR L0019,#$40,L77C6 | 77A4:BRCLR L0051,#$01,L77B8 | 77A8:BRCLR L003F,#$10,L77C3 | 77B3:BLS L77B8",,mode_flag_or_safety_gate,medium,bit-level state mutation
77C3,L77C3,,BSET,"L003F,#$10",bit_mutation,L003F,$003F,L003F,internal_ram,bit,#$10,,,direct,bit_set_mask,"77A4:BRCLR L0051,#$01,L77B8 | 77A8:BRCLR L003F,#$10,L77C3 | 77B3:BLS L77B8 | 77BB:JSR L77C7 | 77BE:JSR L77F7 | 77C1:BRA L77C6",,mode_flag_or_safety_gate,medium,bit-level state mutation
77D8,L77D6,,STD,L0821,store,L0821,$0821,L0821,absolute_memory_or_table,16,,,,direct,D,"77A8:BRCLR L003F,#$10,L77C3 | 77B3:BLS L77B8 | 77BB:JSR L77C7 | 77BE:JSR L77F7 | 77C1:BRA L77C6 | 77D1:BCC L77D6",,ram_state_or_intermediate,medium,requires downstream read/use analysis
77DD,L77D6,,STAA,"$23,X",store,"$23,X",$3023,L3023,hardware_register_region_30xx,8,,$3000,$4518,resolved_indexed,A,"77A8:BRCLR L003F,#$10,L77C3 | 77B3:BLS L77B8 | 77BB:JSR L77C7 | 77BE:JSR L77F7 | 77C1:BRA L77C6 | 77D1:BCC L77D6",,hardware_or_asic_state,medium,mapped hardware/ASIC region
77DF,L77D6,,BSET,"$22,X,#$08",bit_mutation,"$22,X",$3022,L3022,hardware_register_region_30xx,bit,#$08,$3000,$4518,resolved_indexed,bit_set_mask,"77A8:BRCLR L003F,#$10,L77C3 | 77B3:BLS L77B8 | 77BB:JSR L77C7 | 77BE:JSR L77F7 | 77C1:BRA L77C6 | 77D1:BCC L77D6",,hardware_or_asic_state,medium,mapped hardware/ASIC region
77EE,L77EE,,BSET,"$20,X,#$03",bit_mutation,"$20,X",$3020,L3020,hardware_register_region_30xx,bit,#$03,$3000,$4518,resolved_indexed,bit_set_mask,"77BB:JSR L77C7 | 77BE:JSR L77F7 | 77C1:BRA L77C6 | 77D1:BCC L77D6 | 77E2:BRCLR 0,X,#$08,L77EE | 77EC:BPL L77F6",,hardware_or_asic_state,medium,mapped hardware/ASIC region
77F4,L77EE,,STD,"$1E,X",store,"$1E,X",$301E,L301E,hardware_register_region_30xx,16,,$3000,$4518,resolved_indexed,D,"77BB:JSR L77C7 | 77BE:JSR L77F7 | 77C1:BRA L77C6 | 77D1:BCC L77D6 | 77E2:BRCLR 0,X,#$08,L77EE | 77EC:BPL L77F6",,hardware_or_asic_state,medium,mapped hardware/ASIC region
7808,L7806,,STD,L0823,store,L0823,$0823,L0823,absolute_memory_or_table,16,,,,direct,D,"77BE:JSR L77F7 | 77C1:BRA L77C6 | 77D1:BCC L77D6 | 77E2:BRCLR 0,X,#$08,L77EE | 77EC:BPL L77F6 | 7801:BCC L7806",,ram_state_or_intermediate,medium,requires downstream read/use analysis
780D,L7806,,STAA,"$23,X",store,"$23,X",$3023,L3023,hardware_register_region_30xx,8,,$3000,$4518,resolved_indexed,A,"77BE:JSR L77F7 | 77C1:BRA L77C6 | 77D1:BCC L77D6 | 77E2:BRCLR 0,X,#$08,L77EE | 77EC:BPL L77F6 | 7801:BCC L7806",,hardware_or_asic_state,medium,mapped hardware/ASIC region
780F,L7806,,BSET,"$22,X,#$10",bit_mutation,"$22,X",$3022,L3022,hardware_register_region_30xx,bit,#$10,$3000,$4518,resolved_indexed,bit_set_mask,"77BE:JSR L77F7 | 77C1:BRA L77C6 | 77D1:BCC L77D6 | 77E2:BRCLR 0,X,#$08,L77EE | 77EC:BPL L77F6 | 7801:BCC L7806",,hardware_or_asic_state,medium,mapped hardware/ASIC region
781E,L781E,,BSET,"$20,X,#$0C",bit_mutation,"$20,X",$3020,L3020,hardware_register_region_30xx,bit,#$0C,$3000,$4518,resolved_indexed,bit_set_mask,"77D1:BCC L77D6 | 77E2:BRCLR 0,X,#$08,L77EE | 77EC:BPL L77F6 | 7801:BCC L7806 | 7812:BRCLR 0,X,#$10,L781E | 781C:BPL L7826",,hardware_or_asic_state,medium,mapped hardware/ASIC region
7824,L781E,,STD,"$1C,X",store,"$1C,X",$301C,L301C,hardware_register_region_30xx,16,,$3000,$4518,resolved_indexed,D,"77D1:BCC L77D6 | 77E2:BRCLR 0,X,#$08,L77EE | 77EC:BPL L77F6 | 7801:BCC L7806 | 7812:BRCLR 0,X,#$10,L781E | 781C:BPL L7826",,hardware_or_asic_state,medium,mapped hardware/ASIC region
7869,L785A,,STAA,L084E,store,L084E,$084E,L084E,absolute_memory_or_table,8,,,,direct,A,"783A:BRSET L0004,#$10,L784B | 7846:BCC L784B | 784F:JSR LF550 | 7854:BCC L7859 | 785F:BEQ L7874 | 7866:BEQ L786C",,ram_state_or_intermediate,medium,requires downstream read/use analysis
7871,L786C,,BSET,"L0019,#$40",bit_mutation,L0019,$0019,L0019,internal_ram,bit,#$40,,,direct,bit_set_mask,7846:BCC L784B | 784F:JSR LF550 | 7854:BCC L7859 | 785F:BEQ L7874 | 7866:BEQ L786C | 786F:BLS L7874,,mode_flag_or_safety_gate,medium,bit-level state mutation
787A,L7874,,STAA,"$23,X",store,"$23,X",$3023,L3023,hardware_register_region_30xx,8,,$3000,$4518,resolved_indexed,A,7846:BCC L784B | 784F:JSR LF550 | 7854:BCC L7859 | 785F:BEQ L7874 | 7866:BEQ L786C | 786F:BLS L7874,,hardware_or_asic_state,medium,mapped hardware/ASIC region
7880,L7874,,BCLR,"$22,X,#$08",bit_mutation,"$22,X",$3022,L3022,hardware_register_region_30xx,bit,#$08,$3000,$4518,resolved_indexed,bit_clear_mask,"784F:JSR LF550 | 7854:BCC L7859 | 785F:BEQ L7874 | 7866:BEQ L786C | 786F:BLS L7874 | 787C:BRCLR 0,X,#$08,L78C5",,hardware_or_asic_state,medium,mapped hardware/ASIC region
7883,L7874,,BCLR,"$20,X,#$01",bit_mutation,"$20,X",$3020,L3020,hardware_register_region_30xx,bit,#$01,$3000,$4518,resolved_indexed,bit_clear_mask,"784F:JSR LF550 | 7854:BCC L7859 | 785F:BEQ L7874 | 7866:BEQ L786C | 786F:BLS L7874 | 787C:BRCLR 0,X,#$08,L78C5",,hardware_or_asic_state,medium,mapped hardware/ASIC region
789A,L7898,,STD,L0825,store,L0825,$0825,L0825,absolute_memory_or_table,16,,,,direct,D,"7866:BEQ L786C | 786F:BLS L7874 | 787C:BRCLR 0,X,#$08,L78C5 | 7886:BRCLR L0046,#$01,L78A7 | 7890:BCS L7895 | 7893:BCC L7898",,ram_state_or_intermediate,medium,requires downstream read/use analysis
789F,L7898,,STD,L023A,store,L023A,$023A,L023A,internal_ram,16,,,,direct,D,"7866:BEQ L786C | 786F:BLS L7874 | 787C:BRCLR 0,X,#$08,L78C5 | 7886:BRCLR L0046,#$01,L78A7 | 7890:BCS L7895 | 7893:BCC L7898",,ram_state_or_intermediate,medium,requires downstream read/use analysis
78A2,L7898,,BCLR,"L0046,#$01",bit_mutation,L0046,$0046,L0046,internal_ram,bit,#$01,,,direct,bit_clear_mask,"7866:BEQ L786C | 786F:BLS L7874 | 787C:BRCLR 0,X,#$08,L78C5 | 7886:BRCLR L0046,#$01,L78A7 | 7890:BCS L7895 | 7893:BCC L7898",,mode_flag_or_safety_gate,medium,bit-level state mutation
78B2,L78B0,,STD,L0825,store,L0825,$0825,L0825,absolute_memory_or_table,16,,,,direct,D,"787C:BRCLR 0,X,#$08,L78C5 | 7886:BRCLR L0046,#$01,L78A7 | 7890:BCS L7895 | 7893:BCC L7898 | 78A5:BRA L78B5 | 78AB:BCC L78B0",,ram_state_or_intermediate,medium,requires downstream read/use analysis
78C5,L78C5,,BSET,"$20,X,#$01",bit_mutation,"$20,X",$3020,L3020,hardware_register_region_30xx,bit,#$01,$3000,$4518,resolved_indexed,bit_set_mask,7890:BCS L7895 | 7893:BCC L7898 | 78A5:BRA L78B5 | 78AB:BCC L78B0 | 78BE:BPL L78D6 | 78C3:BRA L78D6,,hardware_or_asic_state,medium,mapped hardware/ASIC region
78D6,L78D6,,STD,"$1E,X",store,"$1E,X",$301E,L301E,hardware_register_region_30xx,16,,$3000,$4518,resolved_indexed,D,7893:BCC L7898 | 78A5:BRA L78B5 | 78AB:BCC L78B0 | 78BE:BPL L78D6 | 78C3:BRA L78D6 | 78D1:BPL L78D6,,hardware_or_asic_state,medium,mapped hardware/ASIC region
78DE,L78D6,,STAA,"$23,X",store,"$23,X",$3023,L3023,hardware_register_region_30xx,8,,$3000,$4518,resolved_indexed,A,7893:BCC L7898 | 78A5:BRA L78B5 | 78AB:BCC L78B0 | 78BE:BPL L78D6 | 78C3:BRA L78D6 | 78D1:BPL L78D6,,hardware_or_asic_state,medium,mapped hardware/ASIC region
78E4,L78D6,,BCLR,"$22,X,#$10",bit_mutation,"$22,X",$3022,L3022,hardware_register_region_30xx,bit,#$10,$3000,$4518,resolved_indexed,bit_clear_mask,"78A5:BRA L78B5 | 78AB:BCC L78B0 | 78BE:BPL L78D6 | 78C3:BRA L78D6 | 78D1:BPL L78D6 | 78E0:BRCLR 0,X,#$10,L7929",,hardware_or_asic_state,medium,mapped hardware/ASIC region
78E7,L78D6,,BCLR,"$20,X,#$04",bit_mutation,"$20,X",$3020,L3020,hardware_register_region_30xx,bit,#$04,$3000,$4518,resolved_indexed,bit_clear_mask,"78A5:BRA L78B5 | 78AB:BCC L78B0 | 78BE:BPL L78D6 | 78C3:BRA L78D6 | 78D1:BPL L78D6 | 78E0:BRCLR 0,X,#$10,L7929",,hardware_or_asic_state,medium,mapped hardware/ASIC region
78FE,L78FC,,STD,L0827,store,L0827,$0827,L0827,absolute_memory_or_table,16,,,,direct,D,"78C3:BRA L78D6 | 78D1:BPL L78D6 | 78E0:BRCLR 0,X,#$10,L7929 | 78EA:BRCLR L0046,#$01,L790B | 78F4:BCS L78F9 | 78F7:BCC L78FC",,ram_state_or_intermediate,medium,requires downstream read/use analysis
7903,L78FC,,STD,L023A,store,L023A,$023A,L023A,internal_ram,16,,,,direct,D,"78C3:BRA L78D6 | 78D1:BPL L78D6 | 78E0:BRCLR 0,X,#$10,L7929 | 78EA:BRCLR L0046,#$01,L790B | 78F4:BCS L78F9 | 78F7:BCC L78FC",,ram_state_or_intermediate,medium,requires downstream read/use analysis
7906,L78FC,,BCLR,"L0046,#$01",bit_mutation,L0046,$0046,L0046,internal_ram,bit,#$01,,,direct,bit_clear_mask,"78C3:BRA L78D6 | 78D1:BPL L78D6 | 78E0:BRCLR 0,X,#$10,L7929 | 78EA:BRCLR L0046,#$01,L790B | 78F4:BCS L78F9 | 78F7:BCC L78FC",,mode_flag_or_safety_gate,medium,bit-level state mutation
7916,L7914,,STD,L0827,store,L0827,$0827,L0827,absolute_memory_or_table,16,,,,direct,D,"78E0:BRCLR 0,X,#$10,L7929 | 78EA:BRCLR L0046,#$01,L790B | 78F4:BCS L78F9 | 78F7:BCC L78FC | 7909:BRA L7919 | 790F:BCC L7914",,ram_state_or_intermediate,medium,requires downstream read/use analysis
7929,L7929,,BSET,"$20,X,#$04",bit_mutation,"$20,X",$3020,L3020,hardware_register_region_30xx,bit,#$04,$3000,$4518,resolved_indexed,bit_set_mask,78F4:BCS L78F9 | 78F7:BCC L78FC | 7909:BRA L7919 | 790F:BCC L7914 | 7922:BPL L793A | 7927:BRA L793A,,hardware_or_asic_state,medium,mapped hardware/ASIC region
793A,L793A,,STD,"$1C,X",store,"$1C,X",$301C,L301C,hardware_register_region_30xx,16,,$3000,$4518,resolved_indexed,D,78F7:BCC L78FC | 7909:BRA L7919 | 790F:BCC L7914 | 7922:BPL L793A | 7927:BRA L793A | 7935:BPL L793A,,hardware_or_asic_state,medium,mapped hardware/ASIC region
7943,L793A,,STD,L301A,store,L301A,$301A,L301A,hardware_register_region_30xx,16,,,,direct,D,78F7:BCC L78FC | 7909:BRA L7919 | 790F:BCC L7914 | 7922:BPL L793A | 7927:BRA L793A | 7935:BPL L793A,,hardware_or_asic_state,medium,mapped hardware/ASIC region
7948,L793A,,STAA,L3023,store,L3023,$3023,L3023,hardware_register_region_30xx,8,,,,direct,A,78F7:BCC L78FC | 7909:BRA L7919 | 790F:BCC L7914 | 7922:BPL L793A | 7927:BRA L793A | 7935:BPL L793A,,hardware_or_asic_state,medium,mapped hardware/ASIC region
794B,L793A,,BSET,"L0000,#$01",bit_mutation,L0000,$0000,L0000,internal_ram,bit,#$01,,,direct,bit_set_mask,78F7:BCC L78FC | 7909:BRA L7919 | 790F:BCC L7914 | 7922:BPL L793A | 7927:BRA L793A | 7935:BPL L793A,,mode_flag_or_safety_gate,medium,bit-level state mutation
7952,L793A,,INC,L0002,read_modify_write,L0002,$0002,L0002,internal_ram,8,,,,direct,target_plus_1,"7909:BRA L7919 | 790F:BCC L7914 | 7922:BPL L793A | 7927:BRA L793A | 7935:BPL L793A | 794E:BRCLR L0044,#$01,L7958",,ram_state_or_intermediate,medium,requires downstream read/use analysis
7971,L7971,,BSET,"L003A,#$08",bit_mutation,L003A,$003A,L003A,internal_ram,bit,#$08,,,direct,bit_set_mask,"7955:JMP LFA5B | 795C:BRSET L004F,#$04,L7967 | 7963:BLS L796C | 7965:BRA L7971 | 796A:BHI L7971 | 796F:BCC L797A",,mode_flag_or_safety_gate,medium,bit-level state mutation
7974,L7971,,BCLR,"L004F,#$04",bit_mutation,L004F,$004F,L004F,internal_ram,bit,#$04,,,direct,bit_clear_mask,"7955:JMP LFA5B | 795C:BRSET L004F,#$04,L7967 | 7963:BLS L796C | 7965:BRA L7971 | 796A:BHI L7971 | 796F:BCC L797A",,mode_flag_or_safety_gate,medium,bit-level state mutation
7983,L797A,,STAA,L0003,store,L0003,$0003,L0003,internal_ram,8,,,,direct,A,"7963:BLS L796C | 7965:BRA L7971 | 796A:BHI L7971 | 796F:BCC L797A | 797A:JSR L7B6D | 797D:BRCLR L004F,#$04,L7989",,ram_state_or_intermediate,medium,requires downstream read/use analysis
7985,L797A,,BSET,"L003A,#$20",bit_mutation,L003A,$003A,L003A,internal_ram,bit,#$20,,,direct,bit_set_mask,"7963:BLS L796C | 7965:BRA L7971 | 796A:BHI L7971 | 796F:BCC L797A | 797A:JSR L7B6D | 797D:BRCLR L004F,#$04,L7989",,mode_flag_or_safety_gate,medium,bit-level state mutation
7989,L7989,,BSET,"L004F,#$04",bit_mutation,L004F,$004F,L004F,internal_ram,bit,#$04,,,direct,bit_set_mask,"7963:BLS L796C | 7965:BRA L7971 | 796A:BHI L7971 | 796F:BCC L797A | 797A:JSR L7B6D | 797D:BRCLR L004F,#$04,L7989",,mode_flag_or_safety_gate,medium,bit-level state mutation
7997,L7989,,BCLR,"L0072,#$80",bit_mutation,L0072,$0072,L0072,internal_ram,bit,#$80,,,direct,bit_clear_mask,"796A:BHI L7971 | 796F:BCC L797A | 797A:JSR L7B6D | 797D:BRCLR L004F,#$04,L7989 | 798C:BRCLR L003B,#$10,L79A4 | 7995:BEQ L79A4",,mode_flag_or_safety_gate,medium,bit-level state mutation
79A1,L7989,,BSET,"L0072,#$80",bit_mutation,L0072,$0072,L0072,internal_ram,bit,#$80,,,direct,bit_set_mask,"796F:BCC L797A | 797A:JSR L7B6D | 797D:BRCLR L004F,#$04,L7989 | 798C:BRCLR L003B,#$10,L79A4 | 7995:BEQ L79A4 | 799F:BEQ L79A4",,mode_flag_or_safety_gate,medium,bit-level state mutation
79AF,L79A4,,STAB,L0043,store,L0043,$0043,L0043,internal_ram,8,,,,direct,B,"797A:JSR L7B6D | 797D:BRCLR L004F,#$04,L7989 | 798C:BRCLR L003B,#$10,L79A4 | 7995:BEQ L79A4 | 799F:BEQ L79A4 | 79A9:BNE L79C5",,ram_state_or_intermediate,medium,requires downstream read/use analysis
79BA,L79A4,,STX,L00FD,store,L00FD,$00FD,L00FD,internal_ram,16,,,,direct,X,"798C:BRCLR L003B,#$10,L79A4 | 7995:BEQ L79A4 | 799F:BEQ L79A4 | 79A9:BNE L79C5 | 79B1:BRCLR L004F,#$80,L79C4 | 79B8:BEQ L79BC",,ram_state_or_intermediate,medium,requires downstream read/use analysis
79C1,L79BC,,BCLR,"L0004,#$10",bit_mutation,L0004,$0004,L0004,internal_ram,bit,#$10,,,direct,bit_clear_mask,"7995:BEQ L79A4 | 799F:BEQ L79A4 | 79A9:BNE L79C5 | 79B1:BRCLR L004F,#$80,L79C4 | 79B8:BEQ L79BC | 79BF:BCS L79C4",,mode_flag_or_safety_gate,medium,bit-level state mutation
79C5,L79C5,,STAA,L0002,store,L0002,$0002,L0002,internal_ram,8,,,,direct,A,"7995:BEQ L79A4 | 799F:BEQ L79A4 | 79A9:BNE L79C5 | 79B1:BRCLR L004F,#$80,L79C4 | 79B8:BEQ L79BC | 79BF:BCS L79C4",,ram_state_or_intermediate,medium,requires downstream read/use analysis
79D6,L79D6,,STAA,L003B,store,L003B,$003B,L003B,internal_ram,8,,,,direct,A,"79A9:BNE L79C5 | 79B1:BRCLR L004F,#$80,L79C4 | 79B8:BEQ L79BC | 79BF:BCS L79C4 | 79CC:BRSET L0051,#$08,L79D4 | 79D2:BEQ L79D6",,ram_state_or_intermediate,medium,requires downstream read/use analysis
79E1,L79D6,,BSET,"L0043,#$80",bit_mutation,L0043,$0043,L0043,internal_ram,bit,#$80,,,direct,bit_set_mask,"79B8:BEQ L79BC | 79BF:BCS L79C4 | 79CC:BRSET L0051,#$08,L79D4 | 79D2:BEQ L79D6 | 79D9:BRCLR L001A,#$20,L79F2 | 79DD:BRCLR L0002,#$01,L7A44",,mode_flag_or_safety_gate,medium,bit-level state mutation
79EA,L79D6,,STAA,L303A,store,L303A,$303A,L303A,hardware_register_region_30xx,8,,,,direct,A,"79BF:BCS L79C4 | 79CC:BRSET L0051,#$08,L79D4 | 79D2:BEQ L79D6 | 79D9:BRCLR L001A,#$20,L79F2 | 79DD:BRCLR L0002,#$01,L7A44 | 79E4:JSR LAC51",,watchdog_cop_sink,high,COP/watchdog register candidate
79ED,L79D6,,STAB,L303A,store,L303A,$303A,L303A,hardware_register_region_30xx,8,,,,direct,B,"79BF:BCS L79C4 | 79CC:BRSET L0051,#$08,L79D4 | 79D2:BEQ L79D6 | 79D9:BRCLR L001A,#$20,L79F2 | 79DD:BRCLR L0002,#$01,L7A44 | 79E4:JSR LAC51",,watchdog_cop_sink,high,COP/watchdog register candidate
7A2A,L7A19,,BSET,"L0044,#$04",bit_mutation,L0044,$0044,L0044,internal_ram,bit,#$04,,,direct,bit_set_mask,"7A14:JSR LAE85 | 7A17:BRA L7A44 | 7A19:JSR L7D4B | 7A1C:JSR LCDF7 | 7A1F:BRCLR L003B,#$10,L7A32 | 7A28:BEQ L7A32",,mode_flag_or_safety_gate,medium,bit-level state mutation
7A2D,L7A19,,BSET,"L0043,#$80",bit_mutation,L0043,$0043,L0043,internal_ram,bit,#$80,,,direct,bit_set_mask,"7A14:JSR LAE85 | 7A17:BRA L7A44 | 7A19:JSR L7D4B | 7A1C:JSR LCDF7 | 7A1F:BRCLR L003B,#$10,L7A32 | 7A28:BEQ L7A32",,mode_flag_or_safety_gate,medium,bit-level state mutation
7A52,L7A44,,BCLR,"L004F,#$04",bit_mutation,L004F,$004F,L004F,internal_ram,bit,#$04,,,direct,bit_clear_mask,"7A35:BRCLR L0002,#$02,L7A41 | 7A39:JSR L93D0 | 7A3C:JSR LC4E5 | 7A3F:BRA L7A44 | 7A41:JSR LB32D | 7A4F:JSR 0,X",near_major_loop_dispatcher_7A4F,mode_flag_or_safety_gate,medium,bit-level state mutation
7A77,L7A72,,STD,"0,X",store,"0,X",,"0,X",unknown,16,,$02D3,$4518,unresolved_indexed,D,"7A3F:BRA L7A44 | 7A41:JSR LB32D | 7A4F:JSR 0,X | 7A55:BRCLR L0086,#$40,L7A79 | 7A6B:BRCLR L003A,#$20,L7A72 | 7A75:BLS L7A79",near_major_loop_dispatcher_7A4F,ram_state_or_intermediate,medium,requires downstream read/use analysis
7A7D,L7A79,,BCLR,"L003A,#$20",bit_mutation,L003A,$003A,L003A,internal_ram,bit,#$20,,,direct,bit_clear_mask,"7A41:JSR LB32D | 7A4F:JSR 0,X | 7A55:BRCLR L0086,#$40,L7A79 | 7A6B:BRCLR L003A,#$20,L7A72 | 7A75:BLS L7A79 | 7A79:BRCLR L003A,#$20,L7A84",near_major_loop_dispatcher_7A4F,mode_flag_or_safety_gate,medium,bit-level state mutation
7AF1,L7AF1,,BCLR,"L006F,#$24",bit_mutation,L006F,$006F,L006F,internal_ram,bit,#$24,,,direct,bit_clear_mask,7AE0:BRA L7AF1 | 7AE2:JSR LE75F | 7AE5:JSR LE793 | 7AE8:JSR LC96A | 7AEB:JSR LC9C0 | 7AEE:JSR LC9F7,,mode_flag_or_safety_gate,medium,bit-level state mutation
7AF8,L7AF1,,BSET,"L006F,#$04",bit_mutation,L006F,$006F,L006F,internal_ram,bit,#$04,,,direct,bit_set_mask,"7AE2:JSR LE75F | 7AE5:JSR LE793 | 7AE8:JSR LC96A | 7AEB:JSR LC9C0 | 7AEE:JSR LC9F7 | 7AF4:BRCLR L0016,#$01,L7AFB",,mode_flag_or_safety_gate,medium,bit-level state mutation
7AFF,L7AFB,,BSET,"L006F,#$20",bit_mutation,L006F,$006F,L006F,internal_ram,bit,#$20,,,direct,bit_set_mask,"7AE5:JSR LE793 | 7AE8:JSR LC96A | 7AEB:JSR LC9C0 | 7AEE:JSR LC9F7 | 7AF4:BRCLR L0016,#$01,L7AFB | 7AFB:BRCLR L0017,#$80,L7B02",,mode_flag_or_safety_gate,medium,bit-level state mutation
7B56,L7B13,,BSET,"L0004,#$04",bit_mutation,L0004,$0004,L0004,internal_ram,bit,#$04,,,direct,bit_set_mask,"7B40:JSR LC514 | 7B44:JSR LCC35 | 7B48:JSR LCCC1 | 7B4B:JSR LDBFB | 7B4E:JSR LDC89 | 7B52:BRCLR L0051,#$04,L7B59",,mode_flag_or_safety_gate,medium,bit-level state mutation
7B69,L7B59,,BSET,"L0051,#$04",bit_mutation,L0051,$0051,L0051,internal_ram,bit,#$04,,,direct,bit_set_mask,"7B52:BRCLR L0051,#$04,L7B59 | 7B5A:JSR LC514 | 7B5D:JSR LC4F5 | 7B60:JSR LE62D | 7B63:JSR LE6E5 | 7B66:JSR LE286",,mode_flag_or_safety_gate,medium,bit-level state mutation
7B73,L7B6D,,STAA,L3030,store,L3030,$3030,L3030,hardware_register_region_30xx,8,,,,direct,A,7B5A:JSR LC514 | 7B5D:JSR LC4F5 | 7B60:JSR LE62D | 7B63:JSR LE6E5 | 7B66:JSR LE286 | 7B6D:JSR L91A3,,hardware_or_asic_state,medium,mapped hardware/ASIC region
7B94,L7B79,,STAB,L014E,store,L014E,$014E,L014E,internal_ram,8,,,,direct,B,"7B5D:JSR LC4F5 | 7B60:JSR LE62D | 7B63:JSR LE6E5 | 7B66:JSR LE286 | 7B6D:JSR L91A3 | 7B79:BRCLR $0030,X,#$80,L7B79",,ram_state_or_intermediate,medium,requires downstream read/use analysis
7BA3,L7B79,,STD,L3068,store,L3068,$3068,L3068,hardware_register_region_30xx,16,,,,direct,D,"7B63:JSR LE6E5 | 7B66:JSR LE286 | 7B6D:JSR L91A3 | 7B79:BRCLR $0030,X,#$80,L7B79 | 7B97:JSR LF245 | 7B9B:JSR L7C13",,hardware_or_asic_state,medium,mapped hardware/ASIC region
7BEC,L7BE6,,STD,L01C3,store,L01C3,$01C3,L01C3,internal_ram,16,,,,direct,D,"7BC2:BCS L7BD9 | 7BCD:JSR LF49A | 7BD2:BCS L7BD9 | 7BD7:BLS L7BDC | 7BDF:BRSET L0047,#$01,L7BE6 | 7BE9:JSR LF459",,ram_state_or_intermediate,medium,requires downstream read/use analysis
7BF2,L7BE6,,STAA,L01C6,store,L01C6,$01C6,L01C6,internal_ram,8,,,,direct,A,"7BC2:BCS L7BD9 | 7BCD:JSR LF49A | 7BD2:BCS L7BD9 | 7BD7:BLS L7BDC | 7BDF:BRSET L0047,#$01,L7BE6 | 7BE9:JSR LF459",,ram_state_or_intermediate,medium,requires downstream read/use analysis
7BF9,L7BE6,,STD,L0073,store,L0073,$0073,L0073,internal_ram,16,,,,direct,D,"7BC2:BCS L7BD9 | 7BCD:JSR LF49A | 7BD2:BCS L7BD9 | 7BD7:BLS L7BDC | 7BDF:BRSET L0047,#$01,L7BE6 | 7BE9:JSR LF459",,ram_state_or_intermediate,medium,requires downstream read/use analysis
7C09,L7BE6,,INC,L080C,read_modify_write,L080C,$080C,L080C,absolute_memory_or_table,8,,,,direct,target_plus_1,"7BD2:BCS L7BD9 | 7BD7:BLS L7BDC | 7BDF:BRSET L0047,#$01,L7BE6 | 7BE9:JSR LF459 | 7BFE:BEQ L7C0F | 7C07:BEQ L7C0F",,ram_state_or_intermediate,medium,requires downstream read/use analysis
7C0C,L7BE6,,STD,L080D,store,L080D,$080D,L080D,absolute_memory_or_table,16,,,,direct,D,"7BD2:BCS L7BD9 | 7BD7:BLS L7BDC | 7BDF:BRSET L0047,#$01,L7BE6 | 7BE9:JSR LF459 | 7BFE:BEQ L7C0F | 7C07:BEQ L7C0F",,ram_state_or_intermediate,medium,requires downstream read/use analysis
7C19,L7C13,,STD,L0150,store,L0150,$0150,L0150,internal_ram,16,,,,direct,D,"7BDF:BRSET L0047,#$01,L7BE6 | 7BE9:JSR LF459 | 7BFE:BEQ L7C0F | 7C07:BEQ L7C0F | 7C0F:JSR L7D21 | 7C13:BRSET L004C,#$20,L7C25",,ram_state_or_intermediate,medium,requires downstream read/use analysis
7C1C,L7C13,,STAA,L014C,store,L014C,$014C,L014C,internal_ram,8,,,,direct,A,"7BDF:BRSET L0047,#$01,L7BE6 | 7BE9:JSR LF459 | 7BFE:BEQ L7C0F | 7C07:BEQ L7C0F | 7C0F:JSR L7D21 | 7C13:BRSET L004C,#$20,L7C25",,ram_state_or_intermediate,medium,requires downstream read/use analysis
7C1F,L7C13,,STAA,L014F,store,L014F,$014F,L014F,internal_ram,8,,,,direct,A,"7BDF:BRSET L0047,#$01,L7BE6 | 7BE9:JSR LF459 | 7BFE:BEQ L7C0F | 7C07:BEQ L7C0F | 7C0F:JSR L7D21 | 7C13:BRSET L004C,#$20,L7C25",,ram_state_or_intermediate,medium,requires downstream read/use analysis
7C53,L7C53,,STAA,L014F,store,L014F,$014F,L014F,internal_ram,8,,,,direct,A,7C22:JMP L7CA8 | 7C2F:BPL L7C34 | 7C3B:BLS L7C3F | 7C44:BVC L7C4A | 7C4C:BEQ L7C52 | 7C50:BNE L7C53,,ram_state_or_intermediate,medium,requires downstream read/use analysis
7C96,L7C96,,STD,L0150,store,L0150,$0150,L0150,internal_ram,16,,,,direct,D,7C65:BVC L7C6E | 7C78:BMI L7C88 | 7C81:BLS L7C96 | 7C86:BRA L7C96 | 7C8B:BCC L7C93 | 7C91:BCC L7C96,,ram_state_or_intermediate,medium,requires downstream read/use analysis
7CA5,L7CA5,,STAA,L014C,store,L014C,$014C,L014C,internal_ram,8,,,,direct,A,7C78:BMI L7C88 | 7C81:BLS L7C96 | 7C86:BRA L7C96 | 7C8B:BCC L7C93 | 7C91:BCC L7C96 | 7CA1:BCC L7CA5,,ram_state_or_intermediate,medium,requires downstream read/use analysis
7CC1,L7CA8,,CLR,L00FC,clear,L00FC,$00FC,L00FC,internal_ram,8,,,,direct,zero,"7C91:BCC L7C96 | 7CA1:BCC L7CA5 | 7CA8:BRSET L008E,#$80,L7CE3 | 7CAC:BRSET L0086,#$01,L7CE3 | 7CB7:BNE L7CE3 | 7CBF:BLS L7CE1",,ram_state_or_intermediate,medium,requires downstream read/use analysis
7CD7,L7CA8,,BSET,"L0086,#$01",bit_mutation,L0086,$0086,L0086,internal_ram,bit,#$01,,,direct,bit_set_mask,"7CA1:BCC L7CA5 | 7CA8:BRSET L008E,#$80,L7CE3 | 7CAC:BRSET L0086,#$01,L7CE3 | 7CB7:BNE L7CE3 | 7CBF:BLS L7CE1 | 7CD5:BLS L7CDC",,mode_flag_or_safety_gate,medium,bit-level state mutation
7CDC,L7CDC,,BSET,"L008E,#$80",bit_mutation,L008E,$008E,L008E,internal_ram,bit,#$80,,,direct,bit_set_mask,"7CA8:BRSET L008E,#$80,L7CE3 | 7CAC:BRSET L0086,#$01,L7CE3 | 7CB7:BNE L7CE3 | 7CBF:BLS L7CE1 | 7CD5:BLS L7CDC | 7CDA:BRA L7CE3",,mode_flag_or_safety_gate,medium,bit-level state mutation
7CE1,L7CE1,,STAA,L00FC,store,L00FC,$00FC,L00FC,internal_ram,8,,,,direct,A,"7CAC:BRSET L0086,#$01,L7CE3 | 7CB7:BNE L7CE3 | 7CBF:BLS L7CE1 | 7CD5:BLS L7CDC | 7CDA:BRA L7CE3 | 7CDF:BRA L7CE3",,ram_state_or_intermediate,medium,requires downstream read/use analysis
7CF4,L7CE3,,CLR,L00FC,clear,L00FC,$00FC,L00FC,internal_ram,8,,,,direct,zero,"7CD5:BLS L7CDC | 7CDA:BRA L7CE3 | 7CDF:BRA L7CE3 | 7CE3:BRSET L008E,#$80,L7CF7 | 7CE7:BRSET L0086,#$01,L7CF7 | 7CF2:BCC L7CF7",,ram_state_or_intermediate,medium,requires downstream read/use analysis
7D16,L7CF7,,CLR,L00FC,clear,L00FC,$00FC,L00FC,internal_ram,8,,,,direct,zero,"7CE3:BRSET L008E,#$80,L7CF7 | 7CE7:BRSET L0086,#$01,L7CF7 | 7CF2:BCC L7CF7 | 7CF7:BRCLR L0086,#$01,L7D20 | 7D0C:BCC L7D20 | 7D14:BLS L7D1E",,ram_state_or_intermediate,medium,requires downstream read/use analysis
7D19,L7CF7,,BCLR,"L0086,#$01",bit_mutation,L0086,$0086,L0086,internal_ram,bit,#$01,,,direct,bit_clear_mask,"7CE3:BRSET L008E,#$80,L7CF7 | 7CE7:BRSET L0086,#$01,L7CF7 | 7CF2:BCC L7CF7 | 7CF7:BRCLR L0086,#$01,L7D20 | 7D0C:BCC L7D20 | 7D14:BLS L7D1E",,mode_flag_or_safety_gate,medium,bit-level state mutation
7D1E,L7D1E,,STAA,L00FC,store,L00FC,$00FC,L00FC,internal_ram,8,,,,direct,A,"7CE7:BRSET L0086,#$01,L7CF7 | 7CF2:BCC L7CF7 | 7CF7:BRCLR L0086,#$01,L7D20 | 7D0C:BCC L7D20 | 7D14:BLS L7D1E | 7D1C:BRA L7D20",,ram_state_or_intermediate,medium,requires downstream read/use analysis
7D2F,L7D2F,,CLR,L00FB,clear,L00FB,$00FB,L00FB,internal_ram,8,,,,direct,zero,"7D14:BLS L7D1E | 7D1C:BRA L7D20 | 7D21:BRCLR L004D,#$02,L7D2B | 7D25:BRSET L009C,#$01,L7D34 | 7D29:BRA L7D2F | 7D2B:BRCLR L009C,#$01,L7D34",,ram_state_or_intermediate,medium,requires downstream read/use analysis
7D3C,L7D34,,STAB,L00FB,store,L00FB,$00FB,L00FB,internal_ram,8,,,,direct,B,"7D21:BRCLR L004D,#$02,L7D2B | 7D25:BRSET L009C,#$01,L7D34 | 7D29:BRA L7D2F | 7D2B:BRCLR L009C,#$01,L7D34 | 7D32:BRA L7D4A | 7D39:BCC L7D40",,ram_state_or_intermediate,medium,requires downstream read/use analysis
7D40,L7D40,,BCLR,"L009C,#$01",bit_mutation,L009C,$009C,L009C,internal_ram,bit,#$01,,,direct,bit_clear_mask,"7D25:BRSET L009C,#$01,L7D34 | 7D29:BRA L7D2F | 7D2B:BRCLR L009C,#$01,L7D34 | 7D32:BRA L7D4A | 7D39:BCC L7D40 | 7D3E:BRA L7D4A",,mode_flag_or_safety_gate,medium,bit-level state mutation
7D47,L7D40,,BSET,"L009C,#$01",bit_mutation,L009C,$009C,L009C,internal_ram,bit,#$01,,,direct,bit_set_mask,"7D29:BRA L7D2F | 7D2B:BRCLR L009C,#$01,L7D34 | 7D32:BRA L7D4A | 7D39:BCC L7D40 | 7D3E:BRA L7D4A | 7D43:BRSET L004D,#$02,L7D4A",,mode_flag_or_safety_gate,medium,bit-level state mutation
7D57,L7D4B,,BCLR,"L0004,#$83",bit_mutation,L0004,$0004,L0004,internal_ram,bit,#$83,,,direct,bit_clear_mask,"7D32:BRA L7D4A | 7D39:BCC L7D40 | 7D3E:BRA L7D4A | 7D43:BRSET L004D,#$02,L7D4A | 7D4E:BRCLR L0044,#$10,L7D90 | 7D55:BCS L7DAD",,mode_flag_or_safety_gate,medium,bit-level state mutation
7D5A,L7D4B,,BCLR,"L0019,#$40",bit_mutation,L0019,$0019,L0019,internal_ram,bit,#$40,,,direct,bit_clear_mask,"7D32:BRA L7D4A | 7D39:BCC L7D40 | 7D3E:BRA L7D4A | 7D43:BRSET L004D,#$02,L7D4A | 7D4E:BRCLR L0044,#$10,L7D90 | 7D55:BCS L7DAD",,mode_flag_or_safety_gate,medium,bit-level state mutation
7D5D,L7D4B,,BCLR,"L0019,#$20",bit_mutation,L0019,$0019,L0019,internal_ram,bit,#$20,,,direct,bit_clear_mask,"7D32:BRA L7D4A | 7D39:BCC L7D40 | 7D3E:BRA L7D4A | 7D43:BRSET L004D,#$02,L7D4A | 7D4E:BRCLR L0044,#$10,L7D90 | 7D55:BCS L7DAD",,mode_flag_or_safety_gate,medium,bit-level state mutation
7D62,L7D4B,,STD,L00FD,store,L00FD,$00FD,L00FD,internal_ram,16,,,,direct,D,"7D32:BRA L7D4A | 7D39:BCC L7D40 | 7D3E:BRA L7D4A | 7D43:BRSET L004D,#$02,L7D4A | 7D4E:BRCLR L0044,#$10,L7D90 | 7D55:BCS L7DAD",,ram_state_or_intermediate,medium,requires downstream read/use analysis
7D64,L7D4B,,STD,L024C,store,L024C,$024C,L024C,internal_ram,16,,,,direct,D,"7D32:BRA L7D4A | 7D39:BCC L7D40 | 7D3E:BRA L7D4A | 7D43:BRSET L004D,#$02,L7D4A | 7D4E:BRCLR L0044,#$10,L7D90 | 7D55:BCS L7DAD",,ram_state_or_intermediate,medium,requires downstream read/use analysis
7D67,L7D4B,,STAA,L0062,store,L0062,$0062,L0062,internal_ram,8,,,,direct,A,"7D32:BRA L7D4A | 7D39:BCC L7D40 | 7D3E:BRA L7D4A | 7D43:BRSET L004D,#$02,L7D4A | 7D4E:BRCLR L0044,#$10,L7D90 | 7D55:BCS L7DAD",,ram_state_or_intermediate,medium,requires downstream read/use analysis
7D69,L7D4B,,STAA,L02CD,store,L02CD,$02CD,L02CD,internal_ram,8,,,,direct,A,"7D32:BRA L7D4A | 7D39:BCC L7D40 | 7D3E:BRA L7D4A | 7D43:BRSET L004D,#$02,L7D4A | 7D4E:BRCLR L0044,#$10,L7D90 | 7D55:BCS L7DAD",,ram_state_or_intermediate,medium,requires downstream read/use analysis
7D6C,L7D4B,,STAA,L02CE,store,L02CE,$02CE,L02CE,internal_ram,8,,,,direct,A,"7D32:BRA L7D4A | 7D39:BCC L7D40 | 7D3E:BRA L7D4A | 7D43:BRSET L004D,#$02,L7D4A | 7D4E:BRCLR L0044,#$10,L7D90 | 7D55:BCS L7DAD",,ram_state_or_intermediate,medium,requires downstream read/use analysis
7D6F,L7D4B,,STAA,L0268,store,L0268,$0268,L0268,internal_ram,8,,,,direct,A,"7D32:BRA L7D4A | 7D39:BCC L7D40 | 7D3E:BRA L7D4A | 7D43:BRSET L004D,#$02,L7D4A | 7D4E:BRCLR L0044,#$10,L7D90 | 7D55:BCS L7DAD",,ram_state_or_intermediate,medium,requires downstream read/use analysis
7D72,L7D4B,,BSET,"L0051,#$08",bit_mutation,L0051,$0051,L0051,internal_ram,bit,#$08,,,direct,bit_set_mask,"7D32:BRA L7D4A | 7D39:BCC L7D40 | 7D3E:BRA L7D4A | 7D43:BRSET L004D,#$02,L7D4A | 7D4E:BRCLR L0044,#$10,L7D90 | 7D55:BCS L7DAD",,mode_flag_or_safety_gate,medium,bit-level state mutation
7D75,L7D4B,,BCLR,"L0086,#$08",bit_mutation,L0086,$0086,L0086,internal_ram,bit,#$08,,,direct,bit_clear_mask,"7D32:BRA L7D4A | 7D39:BCC L7D40 | 7D3E:BRA L7D4A | 7D43:BRSET L004D,#$02,L7D4A | 7D4E:BRCLR L0044,#$10,L7D90 | 7D55:BCS L7DAD",,mode_flag_or_safety_gate,medium,bit-level state mutation
7D78,L7D4B,,BCLR,"L004F,#$80",bit_mutation,L004F,$004F,L004F,internal_ram,bit,#$80,,,direct,bit_clear_mask,"7D32:BRA L7D4A | 7D39:BCC L7D40 | 7D3E:BRA L7D4A | 7D43:BRSET L004D,#$02,L7D4A | 7D4E:BRCLR L0044,#$10,L7D90 | 7D55:BCS L7DAD",,mode_flag_or_safety_gate,medium,bit-level state mutation
7D7B,L7D4B,,BCLR,"L004F,#$10",bit_mutation,L004F,$004F,L004F,internal_ram,bit,#$10,,,direct,bit_clear_mask,"7D32:BRA L7D4A | 7D39:BCC L7D40 | 7D3E:BRA L7D4A | 7D43:BRSET L004D,#$02,L7D4A | 7D4E:BRCLR L0044,#$10,L7D90 | 7D55:BCS L7DAD",,mode_flag_or_safety_gate,medium,bit-level state mutation
7D7E,L7D4B,,BCLR,"L0004,#$08",bit_mutation,L0004,$0004,L0004,internal_ram,bit,#$08,,,direct,bit_clear_mask,"7D32:BRA L7D4A | 7D39:BCC L7D40 | 7D3E:BRA L7D4A | 7D43:BRSET L004D,#$02,L7D4A | 7D4E:BRCLR L0044,#$10,L7D90 | 7D55:BCS L7DAD",,mode_flag_or_safety_gate,medium,bit-level state mutation
7D89,L7D4B,,STAB,L3039,store,L3039,$3039,L3039,hardware_register_region_30xx,8,,,,direct,B,"7D39:BCC L7D40 | 7D3E:BRA L7D4A | 7D43:BRSET L004D,#$02,L7D4A | 7D4E:BRCLR L0044,#$10,L7D90 | 7D55:BCS L7DAD | 7D84:BCS L7DAD",,hardware_or_asic_state,medium,mapped hardware/ASIC region
7D94,L7D90,,BCLR,"L0051,#$08",bit_mutation,L0051,$0051,L0051,internal_ram,bit,#$08,,,direct,bit_clear_mask,"7D43:BRSET L004D,#$02,L7D4A | 7D4E:BRCLR L0044,#$10,L7D90 | 7D55:BCS L7DAD | 7D84:BCS L7DAD | 7D8E:BRA L7D8E | 7D90:BRCLR L0051,#$08,L7DA7",,mode_flag_or_safety_gate,medium,bit-level state mutation
7D97,L7D90,,BCLR,"L0046,#$80",bit_mutation,L0046,$0046,L0046,internal_ram,bit,#$80,,,direct,bit_clear_mask,"7D43:BRSET L004D,#$02,L7D4A | 7D4E:BRCLR L0044,#$10,L7D90 | 7D55:BCS L7DAD | 7D84:BCS L7DAD | 7D8E:BRA L7D8E | 7D90:BRCLR L0051,#$08,L7DA7",,mode_flag_or_safety_gate,medium,bit-level state mutation
7D9A,L7D90,,BCLR,"L0044,#$08",bit_mutation,L0044,$0044,L0044,internal_ram,bit,#$08,,,direct,bit_clear_mask,"7D43:BRSET L004D,#$02,L7D4A | 7D4E:BRCLR L0044,#$10,L7D90 | 7D55:BCS L7DAD | 7D84:BCS L7DAD | 7D8E:BRA L7D8E | 7D90:BRCLR L0051,#$08,L7DA7",,mode_flag_or_safety_gate,medium,bit-level state mutation
7D9D,L7D90,,BCLR,"L003E,#$08",bit_mutation,L003E,$003E,L003E,internal_ram,bit,#$08,,,direct,bit_clear_mask,"7D43:BRSET L004D,#$02,L7D4A | 7D4E:BRCLR L0044,#$10,L7D90 | 7D55:BCS L7DAD | 7D84:BCS L7DAD | 7D8E:BRA L7D8E | 7D90:BRCLR L0051,#$08,L7DA7",,mode_flag_or_safety_gate,medium,bit-level state mutation
7DA1,L7D90,,STAA,L0223,store,L0223,$0223,L0223,internal_ram,8,,,,direct,A,"7D43:BRSET L004D,#$02,L7D4A | 7D4E:BRCLR L0044,#$10,L7D90 | 7D55:BCS L7DAD | 7D84:BCS L7DAD | 7D8E:BRA L7D8E | 7D90:BRCLR L0051,#$08,L7DA7",,ram_state_or_intermediate,medium,requires downstream read/use analysis
7DA4,L7D90,,STAA,L027D,store,L027D,$027D,L027D,internal_ram,8,,,,direct,A,"7D43:BRSET L004D,#$02,L7D4A | 7D4E:BRCLR L0044,#$10,L7D90 | 7D55:BCS L7DAD | 7D84:BCS L7DAD | 7D8E:BRA L7D8E | 7D90:BRCLR L0051,#$08,L7DA7",,ram_state_or_intermediate,medium,requires downstream read/use analysis
7DA7,L7DA7,,BSET,"L0086,#$08",bit_mutation,L0086,$0086,L0086,internal_ram,bit,#$08,,,direct,bit_set_mask,"7D43:BRSET L004D,#$02,L7D4A | 7D4E:BRCLR L0044,#$10,L7D90 | 7D55:BCS L7DAD | 7D84:BCS L7DAD | 7D8E:BRA L7D8E | 7D90:BRCLR L0051,#$08,L7DA7",,mode_flag_or_safety_gate,medium,bit-level state mutation
7DAE,L7DAD,,STX,L027E,store,L027E,$027E,L027E,internal_ram,16,,,,direct,X,"7D43:BRSET L004D,#$02,L7D4A | 7D4E:BRCLR L0044,#$10,L7D90 | 7D55:BCS L7DAD | 7D84:BCS L7DAD | 7D8E:BRA L7D8E | 7D90:BRCLR L0051,#$08,L7DA7",,ram_state_or_intermediate,medium,requires downstream read/use analysis
7DB3,L7DAD,,STAA,L303A,store,L303A,$303A,L303A,hardware_register_region_30xx,8,,,,direct,A,"7D43:BRSET L004D,#$02,L7D4A | 7D4E:BRCLR L0044,#$10,L7D90 | 7D55:BCS L7DAD | 7D84:BCS L7DAD | 7D8E:BRA L7D8E | 7D90:BRCLR L0051,#$08,L7DA7",,watchdog_cop_sink,high,COP/watchdog register candidate
7DEA,L7DEA,,STAB,L01C5,store,L01C5,$01C5,L01C5,internal_ram,8,,,,direct,B,"7DCF:BCC L7DD2 | 7DD5:BHI L7DE7 | 7DD7:BRCLR L0050,#$80,L7DE7 | 7DDB:BRCLR L003E,#$A0,L7DE7 | 7DE2:BEQ L7DEF | 7DE5:BRA L7DEA",,ram_state_or_intermediate,medium,requires downstream read/use analysis
7DEF,L7DEF,,STAA,L0047,store,L0047,$0047,L0047,internal_ram,8,,,,direct,A,"7DCF:BCC L7DD2 | 7DD5:BHI L7DE7 | 7DD7:BRCLR L0050,#$80,L7DE7 | 7DDB:BRCLR L003E,#$A0,L7DE7 | 7DE2:BEQ L7DEF | 7DE5:BRA L7DEA",,ram_state_or_intermediate,medium,requires downstream read/use analysis
7DF4,L7DEF,,STAA,L01DA,store,L01DA,$01DA,L01DA,internal_ram,8,,,,direct,A,"7DCF:BCC L7DD2 | 7DD5:BHI L7DE7 | 7DD7:BRCLR L0050,#$80,L7DE7 | 7DDB:BRCLR L003E,#$A0,L7DE7 | 7DE2:BEQ L7DEF | 7DE5:BRA L7DEA",,ram_state_or_intermediate,medium,requires downstream read/use analysis
7DFE,L7DEF,,STAA,L01D9,store,L01D9,$01D9,L01D9,internal_ram,8,,,,direct,A,"7DD7:BRCLR L0050,#$80,L7DE7 | 7DDB:BRCLR L003E,#$A0,L7DE7 | 7DE2:BEQ L7DEF | 7DE5:BRA L7DEA | 7DF7:JSR LB1CF | 7DFA:BRSET L0098,#$01,L7E03",,ram_state_or_intermediate,medium,requires downstream read/use analysis
7E06,L7E03,,STAA,L01D9,store,L01D9,$01D9,L01D9,internal_ram,8,,,,direct,A,"7DDB:BRCLR L003E,#$A0,L7DE7 | 7DE2:BEQ L7DEF | 7DE5:BRA L7DEA | 7DF7:JSR LB1CF | 7DFA:BRSET L0098,#$01,L7E03 | 7E01:BRA L7E09",,ram_state_or_intermediate,medium,requires downstream read/use analysis
7E33,L7E2D,,STD,L01D2,store,L01D2,$01D2,L01D2,internal_ram,16,,,,direct,D,"7E01:BRA L7E09 | 7E0C:BRSET L0050,#$80,L7E1A | 7E16:JSR LF4C1 | 7E20:BHI L7E2D | 7E28:BCS L7E2D | 7E30:JSR LF459",,ram_state_or_intermediate,medium,requires downstream read/use analysis
7E4C,L7E40,,STD,L0257,store,L0257,$0257,L0257,internal_ram,16,,,,direct,D,7E16:JSR LF4C1 | 7E20:BHI L7E2D | 7E28:BCS L7E2D | 7E30:JSR LF459 | 7E3B:BEQ L7E40 | 7E3D:JSR L90D3,,ram_state_or_intermediate,medium,requires downstream read/use analysis
7E5A,L7E40,,STD,L01C7,store,L01C7,$01C7,L01C7,internal_ram,16,,,,direct,D,"7E28:BCS L7E2D | 7E30:JSR LF459 | 7E3B:BEQ L7E40 | 7E3D:JSR L90D3 | 7E4F:BRSET L004F,#$10,L7EA6 | 7E53:JSR LAE5C",,ram_state_or_intermediate,medium,requires downstream read/use analysis
7E60,L7E40,,STD,L01DE,store,L01DE,$01DE,L01DE,internal_ram,16,,,,direct,D,"7E28:BCS L7E2D | 7E30:JSR LF459 | 7E3B:BEQ L7E40 | 7E3D:JSR L90D3 | 7E4F:BRSET L004F,#$10,L7EA6 | 7E53:JSR LAE5C",,ram_state_or_intermediate,medium,requires downstream read/use analysis
7E63,L7E40,,STD,L01DC,store,L01DC,$01DC,L01DC,internal_ram,16,,,,direct,D,"7E28:BCS L7E2D | 7E30:JSR LF459 | 7E3B:BEQ L7E40 | 7E3D:JSR L90D3 | 7E4F:BRSET L004F,#$10,L7EA6 | 7E53:JSR LAE5C",,ram_state_or_intermediate,medium,requires downstream read/use analysis
7E6F,L7E6F,,STD,L02CF,store,L02CF,$02CF,L02CF,internal_ram,16,,,,direct,D,"7E3B:BEQ L7E40 | 7E3D:JSR L90D3 | 7E4F:BRSET L004F,#$10,L7EA6 | 7E53:JSR LAE5C | 7E66:JSR L85B2 | 7E6A:BCC L7E6F",,ram_state_or_intermediate,medium,requires downstream read/use analysis
7E83,L7E7D,,STD,L02CF,store,L02CF,$02CF,L02CF,internal_ram,16,,,,direct,D,7E53:JSR LAE5C | 7E66:JSR L85B2 | 7E6A:BCC L7E6F | 7E72:JSR LC56F | 7E7A:JSR LF4C1 | 7E80:JSR LF550,,ram_state_or_intermediate,medium,requires downstream read/use analysis
7EBE,L7EB2,,STAA,L01CA,store,L01CA,$01CA,L01CA,internal_ram,8,,,,direct,A,"7EA0:JSR L7827 | 7EA3:JMP L84F5 | 7EA6:JSR LAE5C | 7EA9:BRSET L003D,#$02,L7EB2 | 7EAF:JMP L84F5 | 7EB9:BLS L7F17",,ram_state_or_intermediate,medium,requires downstream read/use analysis
7F12,L7F11,,BSET,"L0005,#$80",bit_mutation,L0005,$0005,L0005,internal_ram,bit,#$80,,,direct,bit_set_mask,7EE1:JSR LF4B6 | 7EEA:BLS L7EF1 | 7EED:BCC L7EF1 | 7EF9:JSR LF49A | 7EFF:BCC L7F03 | 7F0D:BEQ L7F11,,mode_flag_or_safety_gate,medium,bit-level state mutation
7F17,L7F17,,CLR,L01CA,clear,L01CA,$01CA,L01CA,internal_ram,8,,,,direct,zero,7EEA:BLS L7EF1 | 7EED:BCC L7EF1 | 7EF9:JSR LF49A | 7EFF:BCC L7F03 | 7F0D:BEQ L7F11 | 7F15:BRA L7F1E,,ram_state_or_intermediate,medium,requires downstream read/use analysis
7F1B,L7F1A,,BCLR,"L0005,#$80",bit_mutation,L0005,$0005,L0005,internal_ram,bit,#$80,,,direct,bit_clear_mask,7EEA:BLS L7EF1 | 7EED:BCC L7EF1 | 7EF9:JSR LF49A | 7EFF:BCC L7F03 | 7F0D:BEQ L7F11 | 7F15:BRA L7F1E,,mode_flag_or_safety_gate,medium,bit-level state mutation
7F1E,L7F1E,,STAA,L023E,store,L023E,$023E,L023E,internal_ram,8,,,,direct,A,7EEA:BLS L7EF1 | 7EED:BCC L7EF1 | 7EF9:JSR LF49A | 7EFF:BCC L7F03 | 7F0D:BEQ L7F11 | 7F15:BRA L7F1E,,ram_state_or_intermediate,medium,requires downstream read/use analysis
7F67,L7F67,,BSET,"L0005,#$40",bit_mutation,L0005,$0005,L0005,internal_ram,bit,#$40,,,direct,bit_set_mask,7F38:BLS L7F6C | 7F3B:BCC L7F3F | 7F42:JSR LF4C1 | 7F4B:BCC L7F5A | 7F55:BCC L7F5A | 7F62:BCC L7F67,,mode_flag_or_safety_gate,medium,bit-level state mutation
7F6D,L7F6C,,BCLR,"L0005,#$40",bit_mutation,L0005,$0005,L0005,internal_ram,bit,#$40,,,direct,bit_clear_mask,7F3B:BCC L7F3F | 7F42:JSR LF4C1 | 7F4B:BCC L7F5A | 7F55:BCC L7F5A | 7F62:BCC L7F67 | 7F6A:BRA L7F70,,mode_flag_or_safety_gate,medium,bit-level state mutation
7F70,L7F70,,STAA,L023F,store,L023F,$023F,L023F,internal_ram,8,,,,direct,A,7F3B:BCC L7F3F | 7F42:JSR LF4C1 | 7F4B:BCC L7F5A | 7F55:BCC L7F5A | 7F62:BCC L7F67 | 7F6A:BRA L7F70,,ram_state_or_intermediate,medium,requires downstream read/use analysis
7F83,L7F70,,STD,L01DC,store,L01DC,$01DC,L01DC,internal_ram,16,,,,direct,D,"7F4B:BCC L7F5A | 7F55:BCC L7F5A | 7F62:BCC L7F67 | 7F6A:BRA L7F70 | 7F73:BRCLR L0002,#$02,L7F86 | 7F80:JSR LF459",,ram_state_or_intermediate,medium,requires downstream read/use analysis
7FAD,L7FA8,,BSET,"L004F,#$08",bit_mutation,L004F,$004F,L004F,internal_ram,bit,#$08,,,direct,bit_set_mask,"7F73:BRCLR L0002,#$02,L7F86 | 7F80:JSR LF459 | 7F8B:BLS L7F92 | 7F98:BCC L7FA8 | 7FA0:BCC L7FA8 | 7FA6:BCS L7FB5",,mode_flag_or_safety_gate,medium,bit-level state mutation
7FCF,L7FBD,,BSET,"L004F,#$20",bit_mutation,L004F,$004F,L004F,internal_ram,bit,#$20,,,direct,bit_set_mask,"7FB0:JSR LF4DE | 7FB3:BRA L7FD5 | 7FB9:BLS L7FBD | 7FC0:JSR LF4DE | 7FC3:BRCLR L004F,#$08,L7FD5 | 7FCD:BHI L7FD2",,mode_flag_or_safety_gate,medium,bit-level state mutation
7FD2,L7FD2,,BCLR,"L004F,#$08",bit_mutation,L004F,$004F,L004F,internal_ram,bit,#$08,,,direct,bit_clear_mask,"7FB0:JSR LF4DE | 7FB3:BRA L7FD5 | 7FB9:BLS L7FBD | 7FC0:JSR LF4DE | 7FC3:BRCLR L004F,#$08,L7FD5 | 7FCD:BHI L7FD2",,mode_flag_or_safety_gate,medium,bit-level state mutation
7FD5,L7FD5,,STAA,L0231,store,L0231,$0231,L0231,internal_ram,8,,,,direct,A,"7FB0:JSR LF4DE | 7FB3:BRA L7FD5 | 7FB9:BLS L7FBD | 7FC0:JSR LF4DE | 7FC3:BRCLR L004F,#$08,L7FD5 | 7FCD:BHI L7FD2",,ram_state_or_intermediate,medium,requires downstream read/use analysis
7FE8,L7FE7,,STD,L0238,store,L0238,$0238,L0238,internal_ram,16,,,,direct,D,"7FB3:BRA L7FD5 | 7FB9:BLS L7FBD | 7FC0:JSR LF4DE | 7FC3:BRCLR L004F,#$08,L7FD5 | 7FCD:BHI L7FD2 | 7FE4:JSR LF550",,ram_state_or_intermediate,medium,requires downstream read/use analysis
7FF4,L7FE7,,STD,L0234,store,L0234,$0234,L0234,internal_ram,16,,,,direct,D,"7FB9:BLS L7FBD | 7FC0:JSR LF4DE | 7FC3:BRCLR L004F,#$08,L7FD5 | 7FCD:BHI L7FD2 | 7FE4:JSR LF550 | 7FF1:JSR LF550",,ram_state_or_intermediate,medium,requires downstream read/use analysis
800D,L800D,,STD,L0232,store,L0232,$0232,L0232,internal_ram,16,,,,direct,D,"7FC3:BRCLR L004F,#$08,L7FD5 | 7FCD:BHI L7FD2 | 7FE4:JSR LF550 | 7FF1:JSR LF550 | 8005:BNE L800A | 8008:BCC L800D",,ram_state_or_intermediate,medium,requires downstream read/use analysis
802F,L802F,,STD,L024E,store,L024E,$024E,L024E,internal_ram,16,,,,direct,D,7FCD:BHI L7FD2 | 7FE4:JSR LF550 | 7FF1:JSR LF550 | 8005:BNE L800A | 8008:BCC L800D | 802A:BEQ L802F,,ram_state_or_intermediate,medium,requires downstream read/use analysis
8040,L802F,,STD,L0252,store,L0252,$0252,L0252,internal_ram,16,,,,direct,D,7FE4:JSR LF550 | 7FF1:JSR LF550 | 8005:BNE L800A | 8008:BCC L800D | 802A:BEQ L802F | 803B:JSR LF550,,ram_state_or_intermediate,medium,requires downstream read/use analysis
8049,L802F,,STD,L024E,store,L024E,$024E,L024E,internal_ram,16,,,,direct,D,7FE4:JSR LF550 | 7FF1:JSR LF550 | 8005:BNE L800A | 8008:BCC L800D | 802A:BEQ L802F | 803B:JSR LF550,,ram_state_or_intermediate,medium,requires downstream read/use analysis
8070,L8070,,STAA,L084D,store,L084D,$084D,L084D,absolute_memory_or_table,8,,,,direct,A,"8051:BRSET L003D,#$20,L8058 | 8055:JSR L80EE | 8058:BRSET L0016,#$10,L809C | 805F:BRSET 0,X,#$80,L8073 | 8066:BRSET L0041,#$20,L8070 | 806D:BEQ L809C",,ram_state_or_intermediate,medium,requires downstream read/use analysis
8091,L808D,,BCLR,"L0053,#$08",bit_mutation,L0053,$0053,L0053,internal_ram,bit,#$08,,,direct,bit_clear_mask,"8066:BRSET L0041,#$20,L8070 | 806D:BEQ L809C | 8079:BHI L809C | 8081:BLS L809C | 8086:BRCLR L0053,#$08,L808D | 808F:BCS L8096",,mode_flag_or_safety_gate,medium,bit-level state mutation
8096,L8096,,BSET,"L0053,#$08",bit_mutation,L0053,$0053,L0053,internal_ram,bit,#$08,,,direct,bit_set_mask,"806D:BEQ L809C | 8079:BHI L809C | 8081:BLS L809C | 8086:BRCLR L0053,#$08,L808D | 808F:BCS L8096 | 8094:BRA L809C",,mode_flag_or_safety_gate,medium,bit-level state mutation
80DD,L80BF,,STAB,L026A,store,L026A,$026A,L026A,internal_ram,8,,,,direct,B,"80B5:BRSET L0016,#$10,L80BD | 80B9:BRCLR L0099,#$03,L80BF | 80C3:BHI L80E2 | 80CB:BLS L8106 | 80D2:BLS L8106 | 80DA:BCC L80E2",,ram_state_or_intermediate,medium,requires downstream read/use analysis
80E2,L80E2,,BSET,"L0046,#$10",bit_mutation,L0046,$0046,L0046,internal_ram,bit,#$10,,,direct,bit_set_mask,"80B9:BRCLR L0099,#$03,L80BF | 80C3:BHI L80E2 | 80CB:BLS L8106 | 80D2:BLS L8106 | 80DA:BCC L80E2 | 80E0:BRA L8109",,mode_flag_or_safety_gate,medium,bit-level state mutation
80E8,L80E2,,STD,L024E,store,L024E,$024E,L024E,internal_ram,16,,,,direct,D,"80B9:BRCLR L0099,#$03,L80BF | 80C3:BHI L80E2 | 80CB:BLS L8106 | 80D2:BLS L8106 | 80DA:BCC L80E2 | 80E0:BRA L8109",,ram_state_or_intermediate,medium,requires downstream read/use analysis
80F8,L80F8,,STD,L024E,store,L024E,$024E,L024E,internal_ram,16,,,,direct,D,80CB:BLS L8106 | 80D2:BLS L8106 | 80DA:BCC L80E2 | 80E0:BRA L8109 | 80EB:JMP L821D | 80F3:BCC L80F8,,ram_state_or_intermediate,medium,requires downstream read/use analysis
8102,L80FC,,STD,L024E,store,L024E,$024E,L024E,internal_ram,16,,,,direct,D,80D2:BLS L8106 | 80DA:BCC L80E2 | 80E0:BRA L8109 | 80EB:JMP L821D | 80F3:BCC L80F8 | 80FF:JSR LF550,,ram_state_or_intermediate,medium,requires downstream read/use analysis
8106,L8106,,CLR,L026A,clear,L026A,$026A,L026A,internal_ram,8,,,,direct,zero,80D2:BLS L8106 | 80DA:BCC L80E2 | 80E0:BRA L8109 | 80EB:JMP L821D | 80F3:BCC L80F8 | 80FF:JSR LF550,,ram_state_or_intermediate,medium,requires downstream read/use analysis
8109,L8109,,BCLR,"L0046,#$10",bit_mutation,L0046,$0046,L0046,internal_ram,bit,#$10,,,direct,bit_clear_mask,80D2:BLS L8106 | 80DA:BCC L80E2 | 80E0:BRA L8109 | 80EB:JMP L821D | 80F3:BCC L80F8 | 80FF:JSR LF550,,mode_flag_or_safety_gate,medium,bit-level state mutation
8113,L8109,,BCLR,"L003E,#$01",bit_mutation,L003E,$003E,L003E,internal_ram,bit,#$01,,,direct,bit_clear_mask,"80DA:BCC L80E2 | 80E0:BRA L8109 | 80EB:JMP L821D | 80F3:BCC L80F8 | 80FF:JSR LF550 | 810F:BRCLR L003E,#$01,L811B",,mode_flag_or_safety_gate,medium,bit-level state mutation
811F,L811B,,BCLR,"L0041,#$08",bit_mutation,L0041,$0041,L0041,internal_ram,bit,#$08,,,direct,bit_clear_mask,"80EB:JMP L821D | 80F3:BCC L80F8 | 80FF:JSR LF550 | 810F:BRCLR L003E,#$01,L811B | 8119:BCS L8135 | 811B:BRSET L0041,#$10,L8124",,mode_flag_or_safety_gate,medium,bit-level state mutation
8128,L8124,,BSET,"L0041,#$08",bit_mutation,L0041,$0041,L0041,internal_ram,bit,#$08,,,direct,bit_set_mask,"80FF:JSR LF550 | 810F:BRCLR L003E,#$01,L811B | 8119:BCS L8135 | 811B:BRSET L0041,#$10,L8124 | 8122:BRA L8130 | 8124:BRSET L0041,#$08,L8130",,mode_flag_or_safety_gate,medium,bit-level state mutation
8149,L813F,,STD,L023A,store,L023A,$023A,L023A,internal_ram,16,,,,direct,D,"8124:BRSET L0041,#$08,L8130 | 812E:BCS L8135 | 8133:BCC L8137 | 8137:BNE L813F | 8139:BRSET L0005,#$80,L814C | 813D:BRA L8164",,ram_state_or_intermediate,medium,requires downstream read/use analysis
8150,L814C,,BSET,"L006E,#$08",bit_mutation,L006E,$006E,L006E,internal_ram,bit,#$08,,,direct,bit_set_mask,"812E:BCS L8135 | 8133:BCC L8137 | 8137:BNE L813F | 8139:BRSET L0005,#$80,L814C | 813D:BRA L8164 | 814C:BRSET L003D,#$40,L8153",,mode_flag_or_safety_gate,medium,bit-level state mutation
8153,L8153,,BSET,"L003D,#$C0",bit_mutation,L003D,$003D,L003D,internal_ram,bit,#$C0,,,direct,bit_set_mask,"812E:BCS L8135 | 8133:BCC L8137 | 8137:BNE L813F | 8139:BRSET L0005,#$80,L814C | 813D:BRA L8164 | 814C:BRSET L003D,#$40,L8153",,mode_flag_or_safety_gate,medium,bit-level state mutation
8156,L8153,,BSET,"L006E,#$01",bit_mutation,L006E,$006E,L006E,internal_ram,bit,#$01,,,direct,bit_set_mask,"812E:BCS L8135 | 8133:BCC L8137 | 8137:BNE L813F | 8139:BRSET L0005,#$80,L814C | 813D:BRA L8164 | 814C:BRSET L003D,#$40,L8153",,mode_flag_or_safety_gate,medium,bit-level state mutation
8159,L8153,,BSET,"L0044,#$02",bit_mutation,L0044,$0044,L0044,internal_ram,bit,#$02,,,direct,bit_set_mask,"812E:BCS L8135 | 8133:BCC L8137 | 8137:BNE L813F | 8139:BRSET L0005,#$80,L814C | 813D:BRA L8164 | 814C:BRSET L003D,#$40,L8153",,mode_flag_or_safety_gate,medium,bit-level state mutation
815F,L8153,,STAA,L081D,store,L081D,$081D,L081D,absolute_memory_or_table,8,,,,direct,A,"812E:BCS L8135 | 8133:BCC L8137 | 8137:BNE L813F | 8139:BRSET L0005,#$80,L814C | 813D:BRA L8164 | 814C:BRSET L003D,#$40,L8153",,ram_state_or_intermediate,medium,requires downstream read/use analysis
8164,L8164,,BCLR,"L003D,#$40",bit_mutation,L003D,$003D,L003D,internal_ram,bit,#$40,,,direct,bit_clear_mask,"8133:BCC L8137 | 8137:BNE L813F | 8139:BRSET L0005,#$80,L814C | 813D:BRA L8164 | 814C:BRSET L003D,#$40,L8153 | 8162:BRA L8175",,mode_flag_or_safety_gate,medium,bit-level state mutation
816D,L8164,,STAA,L081D,store,L081D,$081D,L081D,absolute_memory_or_table,8,,,,direct,A,"8137:BNE L813F | 8139:BRSET L0005,#$80,L814C | 813D:BRA L8164 | 814C:BRSET L003D,#$40,L8153 | 8162:BRA L8175 | 816A:BEQ L8172",,ram_state_or_intermediate,medium,requires downstream read/use analysis
8172,L8172,,BCLR,"L0044,#$02",bit_mutation,L0044,$0044,L0044,internal_ram,bit,#$02,,,direct,bit_clear_mask,"8139:BRSET L0005,#$80,L814C | 813D:BRA L8164 | 814C:BRSET L003D,#$40,L8153 | 8162:BRA L8175 | 816A:BEQ L8172 | 8170:BRA L8175",,mode_flag_or_safety_gate,medium,bit-level state mutation
819C,L817F,,BSET,"L003E,#$01",bit_mutation,L003E,$003E,L003E,internal_ram,bit,#$01,,,direct,bit_set_mask,"817C:JMP L824D | 817F:BRSET L0041,#$20,L81E7 | 8187:BNE L81A1 | 8190:JSR LF49A | 8196:BHI L81A1 | 8198:BRCLR L0046,#$08,L81FD",,mode_flag_or_safety_gate,medium,bit-level state mutation
81F7,L81F7,,STD,L023A,store,L023A,$023A,L023A,internal_ram,16,,,,direct,D,"81D3:BCC L8200 | 81D8:BRSET L0046,#$08,L81E3 | 81DF:BCC L81E3 | 81E5:BCS L8205 | 81EA:BEQ L81FD | 81F2:BCC L81F7",,ram_state_or_intermediate,medium,requires downstream read/use analysis
81FA,L81F7,,BSET,"L003D,#$80",bit_mutation,L003D,$003D,L003D,internal_ram,bit,#$80,,,direct,bit_set_mask,"81D3:BCC L8200 | 81D8:BRSET L0046,#$08,L81E3 | 81DF:BCC L81E3 | 81E5:BCS L8205 | 81EA:BEQ L81FD | 81F2:BCC L81F7",,mode_flag_or_safety_gate,medium,bit-level state mutation
81FD,L81FD,,CLR,L0245,clear,L0245,$0245,L0245,internal_ram,8,,,,direct,zero,"81D3:BCC L8200 | 81D8:BRSET L0046,#$08,L81E3 | 81DF:BCC L81E3 | 81E5:BCS L8205 | 81EA:BEQ L81FD | 81F2:BCC L81F7",,ram_state_or_intermediate,medium,requires downstream read/use analysis
821D,L821D,,BSET,"L0046,#$08",bit_mutation,L0046,$0046,L0046,internal_ram,bit,#$08,,,direct,bit_set_mask,"81F2:BCC L81F7 | 8203:BRA L8242 | 8205:BRSET L0016,#$10,L8218 | 820C:BRCLR L0046,#$08,L8213 | 8216:BHI L81E7 | 821B:BNE L823B",,mode_flag_or_safety_gate,medium,bit-level state mutation
8223,L821D,,STAA,L0245,store,L0245,$0245,L0245,internal_ram,8,,,,direct,A,"81F2:BCC L81F7 | 8203:BRA L8242 | 8205:BRSET L0016,#$10,L8218 | 820C:BRCLR L0046,#$08,L8213 | 8216:BHI L81E7 | 821B:BNE L823B",,ram_state_or_intermediate,medium,requires downstream read/use analysis
8226,L821D,,BSET,"L003D,#$10",bit_mutation,L003D,$003D,L003D,internal_ram,bit,#$10,,,direct,bit_set_mask,"81F2:BCC L81F7 | 8203:BRA L8242 | 8205:BRSET L0016,#$10,L8218 | 820C:BRCLR L0046,#$08,L8213 | 8216:BHI L81E7 | 821B:BNE L823B",,mode_flag_or_safety_gate,medium,bit-level state mutation
8232,L8232,,STAA,L0244,store,L0244,$0244,L0244,internal_ram,8,,,,direct,A,"8203:BRA L8242 | 8205:BRSET L0016,#$10,L8218 | 820C:BRCLR L0046,#$08,L8213 | 8216:BHI L81E7 | 821B:BNE L823B | 822F:BCC L8232",,ram_state_or_intermediate,medium,requires downstream read/use analysis
8242,L8242,,STAA,L0246,store,L0246,$0246,L0246,internal_ram,8,,,,direct,A,8216:BHI L81E7 | 821B:BNE L823B | 822F:BCC L8232 | 8235:JSR L80FC | 8238:JMP L82ED | 823F:BNE L8242,,ram_state_or_intermediate,medium,requires downstream read/use analysis
824A,L8242,,DEC,L0245,read_modify_write,L0245,$0245,L0245,internal_ram,8,,,,direct,target_minus_1,821B:BNE L823B | 822F:BCC L8232 | 8235:JSR L80FC | 8238:JMP L82ED | 823F:BNE L8242 | 8248:BEQ L824D,,ram_state_or_intermediate,medium,requires downstream read/use analysis
824D,L824D,,BCLR,"L0046,#$08",bit_mutation,L0046,$0046,L0046,internal_ram,bit,#$08,,,direct,bit_clear_mask,821B:BNE L823B | 822F:BCC L8232 | 8235:JSR L80FC | 8238:JMP L82ED | 823F:BNE L8242 | 8248:BEQ L824D,,mode_flag_or_safety_gate,medium,bit-level state mutation
8252,L824D,,STAA,L0244,store,L0244,$0244,L0244,internal_ram,8,,,,direct,A,821B:BNE L823B | 822F:BCC L8232 | 8235:JSR L80FC | 8238:JMP L82ED | 823F:BNE L8242 | 8248:BEQ L824D,,ram_state_or_intermediate,medium,requires downstream read/use analysis
8266,L8266,,STAA,L082B,store,L082B,$082B,L082B,absolute_memory_or_table,8,,,,direct,A,8238:JMP L82ED | 823F:BNE L8242 | 8248:BEQ L824D | 825B:BCC L825E | 8261:BCC L8266 | 8263:JMP L82E7,,ram_state_or_intermediate,medium,requires downstream read/use analysis
827C,L8274,,BSET,"L0053,#$02",bit_mutation,L0053,$0053,L0053,internal_ram,bit,#$02,,,direct,bit_set_mask,"825B:BCC L825E | 8261:BCC L8266 | 8263:JMP L82E7 | 826C:BRCLR 0,X,#$80,L8274 | 8270:BRSET L0053,#$02,L827F | 827A:BLS L82E7",,mode_flag_or_safety_gate,medium,bit-level state mutation
82D4,L82D1,,BSET,"L003D,#$10",bit_mutation,L003D,$003D,L003D,internal_ram,bit,#$10,,,direct,bit_set_mask,82B2:BCS L82BA | 82B5:BCS L82BA | 82B8:BCC L82BC | 82C2:BCC L82D1 | 82CC:BCC L82D1 | 82D2:BEQ L82E7,,mode_flag_or_safety_gate,medium,bit-level state mutation
82DE,L82D1,,STD,L023A,store,L023A,$023A,L023A,internal_ram,16,,,,direct,D,82B5:BCS L82BA | 82B8:BCC L82BC | 82C2:BCC L82D1 | 82CC:BCC L82D1 | 82D2:BEQ L82E7 | 82DB:JSR LF550,,ram_state_or_intermediate,medium,requires downstream read/use analysis
82E7,L82E7,,BCLR,"L003D,#$10",bit_mutation,L003D,$003D,L003D,internal_ram,bit,#$10,,,direct,bit_clear_mask,82C2:BCC L82D1 | 82CC:BCC L82D1 | 82D2:BEQ L82E7 | 82DB:JSR LF550 | 82E2:JSR L80FC | 82E5:BRA L82ED,,mode_flag_or_safety_gate,medium,bit-level state mutation
82EA,L82E7,,BCLR,"L0053,#$02",bit_mutation,L0053,$0053,L0053,internal_ram,bit,#$02,,,direct,bit_clear_mask,82C2:BCC L82D1 | 82CC:BCC L82D1 | 82D2:BEQ L82E7 | 82DB:JSR LF550 | 82E2:JSR L80FC | 82E5:BRA L82ED,,mode_flag_or_safety_gate,medium,bit-level state mutation
830D,L830B,,STAA,L006C,store,L006C,$006C,L006C,internal_ram,8,,,,direct,A,82E2:JSR L80FC | 82E5:BRA L82ED | 82F2:BCS L830B | 82FA:BHI L830B | 8302:BHI L830B | 8309:BCC L8311,,ram_state_or_intermediate,medium,requires downstream read/use analysis
831F,L831F,,STAA,L006C,store,L006C,$006C,L006C,internal_ram,8,,,,direct,A,82F2:BCS L830B | 82FA:BHI L830B | 8302:BHI L830B | 8309:BCC L8311 | 830F:BRA L8342 | 831B:BCC L831F,,ram_state_or_intermediate,medium,requires downstream read/use analysis
833F,L833F,,STD,L024E,store,L024E,$024E,L024E,internal_ram,16,,,,direct,D,831B:BCC L831F | 8324:BCS L832B | 8329:BRA L8333 | 832E:BCC L8333 | 8336:JSR LF550 | 833A:BCC L833F,,ram_state_or_intermediate,medium,requires downstream read/use analysis
836C,L836C,,STD,L024E,store,L024E,$024E,L024E,internal_ram,16,,,,direct,D,833A:BCC L833F | 8347:BLS L834B | 8357:JSR LF4DE | 835D:JSR LF550 | 8361:BCC L8366 | 8367:BCC L836C,,ram_state_or_intermediate,medium,requires downstream read/use analysis
837D,L836C,,STD,L024E,store,L024E,$024E,L024E,internal_ram,16,,,,direct,D,8357:JSR LF4DE | 835D:JSR LF550 | 8361:BCC L8366 | 8367:BCC L836C | 8374:JSR LF4C1 | 837A:JSR LF550,,ram_state_or_intermediate,medium,requires downstream read/use analysis
839C,L839C,,STD,L024E,store,L024E,$024E,L024E,internal_ram,16,,,,direct,D,8374:JSR LF4C1 | 837A:JSR LF550 | 8384:BMI L8390 | 8389:BCC L839C | 838E:BRA L839C | 8394:BCS L8398,,ram_state_or_intermediate,medium,requires downstream read/use analysis
83AB,L83AB,,STD,L024E,store,L024E,$024E,L024E,internal_ram,16,,,,direct,D,837A:JSR LF550 | 8384:BMI L8390 | 8389:BCC L839C | 838E:BRA L839C | 8394:BCS L8398 | 83A6:BCC L83AB,,ram_state_or_intermediate,medium,requires downstream read/use analysis
83AE,L83AB,,STD,L0254,store,L0254,$0254,L0254,internal_ram,16,,,,direct,D,837A:JSR LF550 | 8384:BMI L8390 | 8389:BCC L839C | 838E:BRA L839C | 8394:BCS L8398 | 83A6:BCC L83AB,,ram_state_or_intermediate,medium,requires downstream read/use analysis
83B7,L83AB,,STD,L024E,store,L024E,$024E,L024E,internal_ram,16,,,,direct,D,"8384:BMI L8390 | 8389:BCC L839C | 838E:BRA L839C | 8394:BCS L8398 | 83A6:BCC L83AB | 83B1:BRCLR L0044,#$10,L83BD",,ram_state_or_intermediate,medium,requires downstream read/use analysis
83D1,L83CA,,STAA,L082A,store,L082A,$082A,L082A,absolute_memory_or_table,8,,,,direct,A,"83B1:BRCLR L0044,#$10,L83BD | 83BA:JMP L84BC | 83C0:BRCLR 0,X,#$01,L83FB | 83C4:BRCLR L0051,#$01,L83CA | 83C8:BRA L83F0 | 83CF:BEQ L83D4",,ram_state_or_intermediate,medium,requires downstream read/use analysis
83E7,L83D4,,BSET,"L0051,#$01",bit_mutation,L0051,$0051,L0051,internal_ram,bit,#$01,,,direct,bit_set_mask,"83C0:BRCLR 0,X,#$01,L83FB | 83C4:BRCLR L0051,#$01,L83CA | 83C8:BRA L83F0 | 83CF:BEQ L83D4 | 83DD:BHI L83F9 | 83E5:BCS L83F9",,mode_flag_or_safety_gate,medium,bit-level state mutation
83EA,L83D4,,BSET,"L003F,#$10",bit_mutation,L003F,$003F,L003F,internal_ram,bit,#$10,,,direct,bit_set_mask,"83C0:BRCLR 0,X,#$01,L83FB | 83C4:BRCLR L0051,#$01,L83CA | 83C8:BRA L83F0 | 83CF:BEQ L83D4 | 83DD:BHI L83F9 | 83E5:BCS L83F9",,mode_flag_or_safety_gate,medium,bit-level state mutation
83F6,L83F6,,STD,L024E,store,L024E,$024E,L024E,internal_ram,16,,,,direct,D,"83C4:BRCLR L0051,#$01,L83CA | 83C8:BRA L83F0 | 83CF:BEQ L83D4 | 83DD:BHI L83F9 | 83E5:BCS L83F9 | 83F1:BCC L83F6",,ram_state_or_intermediate,medium,requires downstream read/use analysis
840F,L840F,,BSET,"L003E,#$10",bit_mutation,L003E,$003E,L003E,internal_ram,bit,#$10,,,direct,bit_set_mask,"83E5:BCS L83F9 | 83F1:BCC L83F6 | 83F9:BRA L8472 | 83FE:BRCLR 0,X,#$04,L8406 | 8402:BRSET L0050,#$80,L8469 | 8409:BRSET L003E,#$10,L840F",,mode_flag_or_safety_gate,medium,bit-level state mutation
8426,L8424,,STD,L3FCE,store,L3FCE,$3FCE,L3FCE,asic_hardware_region_3fxx,16,,,,direct,D,"83FE:BRCLR 0,X,#$04,L8406 | 8402:BRSET L0050,#$80,L8469 | 8409:BRSET L003E,#$10,L840F | 8419:BCC L8424 | 841E:BCC L8469 | 8422:BCC L8469",,fuel_pw_hardware_sink,high,EFI pulsewidth command sink; active compact route bench-gated
8449,L8435,,STAA,L025E,store,L025E,$025E,L025E,internal_ram,8,,,,direct,A,"8409:BRSET L003E,#$10,L840F | 8419:BCC L8424 | 841E:BCC L8469 | 8422:BCC L8469 | 8429:JSR LF3ED | 8430:BCC L8435",,ram_state_or_intermediate,medium,requires downstream read/use analysis
8452,L8452,,STD,L025C,store,L025C,$025C,L025C,internal_ram,16,,,,direct,D,8419:BCC L8424 | 841E:BCC L8469 | 8422:BCC L8469 | 8429:JSR LF3ED | 8430:BCC L8435 | 844D:BCC L8452,,ram_state_or_intermediate,medium,requires downstream read/use analysis
845B,L8452,,STD,L025A,store,L025A,$025A,L025A,internal_ram,16,,,,direct,D,8419:BCC L8424 | 841E:BCC L8469 | 8422:BCC L8469 | 8429:JSR LF3ED | 8430:BCC L8435 | 844D:BCC L8452,,ram_state_or_intermediate,medium,requires downstream read/use analysis
8464,L8452,,STAA,L0259,store,L0259,$0259,L0259,internal_ram,8,,,,direct,A,8419:BCC L8424 | 841E:BCC L8469 | 8422:BCC L8469 | 8429:JSR LF3ED | 8430:BCC L8435 | 844D:BCC L8452,,ram_state_or_intermediate,medium,requires downstream read/use analysis
8469,L8469,,BCLR,"L003E,#$10",bit_mutation,L003E,$003E,L003E,internal_ram,bit,#$10,,,direct,bit_clear_mask,841E:BCC L8469 | 8422:BCC L8469 | 8429:JSR LF3ED | 8430:BCC L8435 | 844D:BCC L8452 | 8467:BRA L8476,,mode_flag_or_safety_gate,medium,bit-level state mutation
846F,L8469,,STX,L0259,store,L0259,$0259,L0259,internal_ram,16,,,,direct,X,841E:BCC L8469 | 8422:BCC L8469 | 8429:JSR LF3ED | 8430:BCC L8435 | 844D:BCC L8452 | 8467:BRA L8476,,ram_state_or_intermediate,medium,requires downstream read/use analysis
848B,L8476,,STX,L023A,store,L023A,$023A,L023A,internal_ram,16,,,,direct,X,"8430:BCC L8435 | 844D:BCC L8452 | 8467:BRA L8476 | 8472:BRCLR L003D,#$80,L84BC | 8480:BHI L8493 | 8486:BLS L84B6",,ram_state_or_intermediate,medium,requires downstream read/use analysis
848E,L8476,,STX,L0259,store,L0259,$0259,L0259,internal_ram,16,,,,direct,X,"8430:BCC L8435 | 844D:BCC L8452 | 8467:BRA L8476 | 8472:BRCLR L003D,#$80,L84BC | 8480:BHI L8493 | 8486:BLS L84B6",,ram_state_or_intermediate,medium,requires downstream read/use analysis
849E,L8493,,STD,L023A,store,L023A,$023A,L023A,internal_ram,16,,,,direct,D,"8467:BRA L8476 | 8472:BRCLR L003D,#$80,L84BC | 8480:BHI L8493 | 8486:BLS L84B6 | 8491:BRA L84A9 | 8499:BCC L84A3",,ram_state_or_intermediate,medium,requires downstream read/use analysis
84A3,L84A3,,STD,L0259,store,L0259,$0259,L0259,internal_ram,16,,,,direct,D,"8467:BRA L8476 | 8472:BRCLR L003D,#$80,L84BC | 8480:BHI L8493 | 8486:BLS L84B6 | 8491:BRA L84A9 | 8499:BCC L84A3",,ram_state_or_intermediate,medium,requires downstream read/use analysis
84AE,L84A9,,BSET,"L003D,#$80",bit_mutation,L003D,$003D,L003D,internal_ram,bit,#$80,,,direct,bit_set_mask,"8472:BRCLR L003D,#$80,L84BC | 8480:BHI L8493 | 8486:BLS L84B6 | 8491:BRA L84A9 | 8499:BCC L84A3 | 84AA:JSR L8548",,mode_flag_or_safety_gate,medium,bit-level state mutation
84B1,L84A9,,BCLR,"L0046,#$01",bit_mutation,L0046,$0046,L0046,internal_ram,bit,#$01,,,direct,bit_clear_mask,"8472:BRCLR L003D,#$80,L84BC | 8480:BHI L8493 | 8486:BLS L84B6 | 8491:BRA L84A9 | 8499:BCC L84A3 | 84AA:JSR L8548",,mode_flag_or_safety_gate,medium,bit-level state mutation
84B6,L84B6,,BSET,"L0046,#$01",bit_mutation,L0046,$0046,L0046,internal_ram,bit,#$01,,,direct,bit_set_mask,8480:BHI L8493 | 8486:BLS L84B6 | 8491:BRA L84A9 | 8499:BCC L84A3 | 84AA:JSR L8548 | 84B4:BRA L84BC,,mode_flag_or_safety_gate,medium,bit-level state mutation
84B9,L84B6,,BCLR,"L003D,#$80",bit_mutation,L003D,$003D,L003D,internal_ram,bit,#$80,,,direct,bit_clear_mask,8480:BHI L8493 | 8486:BLS L84B6 | 8491:BRA L84A9 | 8499:BCC L84A3 | 84AA:JSR L8548 | 84B4:BRA L84BC,,mode_flag_or_safety_gate,medium,bit-level state mutation
84C3,L84BC,,STD,L024C,store,L024C,$024C,L024C,internal_ram,16,,,,direct,D,"8486:BLS L84B6 | 8491:BRA L84A9 | 8499:BCC L84A3 | 84AA:JSR L8548 | 84B4:BRA L84BC | 84BF:BRCLR L003E,#$10,L84CB",,ram_state_or_intermediate,medium,requires downstream read/use analysis
84C6,L84BC,,BCLR,"L003F,#$80",bit_mutation,L003F,$003F,L003F,internal_ram,bit,#$80,,,direct,bit_clear_mask,"8486:BLS L84B6 | 8491:BRA L84A9 | 8499:BCC L84A3 | 84AA:JSR L8548 | 84B4:BRA L84BC | 84BF:BRCLR L003E,#$10,L84CB",,mode_flag_or_safety_gate,medium,bit-level state mutation
84E6,L84E6,,BCLR,"L003F,#$80",bit_mutation,L003F,$003F,L003F,internal_ram,bit,#$80,,,direct,bit_clear_mask,"84BF:BRCLR L003E,#$10,L84CB | 84C9:BRA L852C | 84CB:BEQ L84F5 | 84D1:BCC L84E6 | 84D9:JSR LF4BD | 84E4:BCS L84EF",,mode_flag_or_safety_gate,medium,bit-level state mutation
84EF,L84EF,,BSET,"L003F,#$80",bit_mutation,L003F,$003F,L003F,internal_ram,bit,#$80,,,direct,bit_set_mask,84C9:BRA L852C | 84CB:BEQ L84F5 | 84D1:BCC L84E6 | 84D9:JSR LF4BD | 84E4:BCS L84EF | 84ED:BCC L84F5,,mode_flag_or_safety_gate,medium,bit-level state mutation
84F5,L84F5,,STD,L024C,store,L024C,$024C,L024C,internal_ram,16,,,,direct,D,84C9:BRA L852C | 84CB:BEQ L84F5 | 84D1:BCC L84E6 | 84D9:JSR LF4BD | 84E4:BCS L84EF | 84ED:BCC L84F5,,ram_state_or_intermediate,medium,requires downstream read/use analysis
8508,L8508,,STD,L0250,store,L0250,$0250,L0250,internal_ram,16,,,,direct,D,84D1:BCC L84E6 | 84D9:JSR LF4BD | 84E4:BCS L84EF | 84ED:BCC L84F5 | 84F8:BEQ L8508 | 8503:BCS L8508,,ram_state_or_intermediate,medium,requires downstream read/use analysis
8512,L8508,,STD,L3FCE,store,L3FCE,$3FCE,L3FCE,asic_hardware_region_3fxx,16,,,,direct,D,"84D9:JSR LF4BD | 84E4:BCS L84EF | 84ED:BCC L84F5 | 84F8:BEQ L8508 | 8503:BCS L8508 | 850E:BRSET 0,X,#$01,L8517",,fuel_pw_hardware_sink,high,EFI pulsewidth command sink; active compact route bench-gated
8529,L8529,,STD,L081F,store,L081F,$081F,L081F,absolute_memory_or_table,16,,,,direct,D,"8503:BCS L8508 | 850E:BRSET 0,X,#$01,L8517 | 8515:BRA L852C | 851D:JSR LF550 | 8521:BCS L8526 | 8524:BCC L8529",,ram_state_or_intermediate,medium,requires downstream read/use analysis
8571,L856C,,STD,L3FF2,store,L3FF2,$3FF2,L3FF2,asic_hardware_region_3fxx,16,,,,direct,D,"8542:BRA L8547 | 8544:JSR L8EB4 | 854B:BRCLR 0,X,#$10,L856C | 8553:BCC L856C | 855D:JSR LF4BD | 8567:BCC L856C",,hardware_or_asic_state,medium,mapped hardware/ASIC region
857F,L856C,,STD,L3FFC,store,L3FFC,$3FFC,L3FFC,asic_hardware_region_3fxx,16,,,,direct,D,"854B:BRCLR 0,X,#$10,L856C | 8553:BCC L856C | 855D:JSR LF4BD | 8567:BCC L856C | 8574:JSR LF3ED | 857C:JSR LF3ED",,iac_output_sink_or_state,medium,IAC phase/output/enable candidate; direct writer bench-gated
8587,L856C,,STD,L3FFC,store,L3FFC,$3FFC,L3FFC,asic_hardware_region_3fxx,16,,,,direct,D,8553:BCC L856C | 855D:JSR LF4BD | 8567:BCC L856C | 8574:JSR LF3ED | 857C:JSR LF3ED | 8584:JSR LF3ED,,iac_output_sink_or_state,medium,IAC phase/output/enable candidate; direct writer bench-gated
861D,L8612,,BSET,"L0044,#$10",bit_mutation,L0044,$0044,L0044,internal_ram,bit,#$10,,,direct,bit_set_mask,8601:JSR LF4B6 | 8605:JSR LF550 | 860A:BCS L860F | 860D:BCC L8612 | 8617:BCC L8625 | 861B:BCC L863C,,mode_flag_or_safety_gate,medium,bit-level state mutation
8620,L8612,,BCLR,"L0050,#$01",bit_mutation,L0050,$0050,L0050,internal_ram,bit,#$01,,,direct,bit_clear_mask,8601:JSR LF4B6 | 8605:JSR LF550 | 860A:BCS L860F | 860D:BCC L8612 | 8617:BCC L8625 | 861B:BCC L863C,,mode_flag_or_safety_gate,medium,bit-level state mutation
862C,L8625,,STX,L0205,store,L0205,$0205,L0205,internal_ram,16,,,,direct,X,"860A:BCS L860F | 860D:BCC L8612 | 8617:BCC L8625 | 861B:BCC L863C | 8623:BRA L863C | 8625:BRCLR L0044,#$10,L862F",,ram_state_or_intermediate,medium,requires downstream read/use analysis
862F,L862F,,BCLR,"L0044,#$10",bit_mutation,L0044,$0044,L0044,internal_ram,bit,#$10,,,direct,bit_clear_mask,"860A:BCS L860F | 860D:BCC L8612 | 8617:BCC L8625 | 861B:BCC L863C | 8623:BRA L863C | 8625:BRCLR L0044,#$10,L862F",,mode_flag_or_safety_gate,medium,bit-level state mutation
8639,L862F,,BSET,"L0050,#$01",bit_mutation,L0050,$0050,L0050,internal_ram,bit,#$01,,,direct,bit_set_mask,"860D:BCC L8612 | 8617:BCC L8625 | 861B:BCC L863C | 8623:BRA L863C | 8625:BRCLR L0044,#$10,L862F | 8637:BEQ L863C",,mode_flag_or_safety_gate,medium,bit-level state mutation
865C,L865C,,CLR,L0241,clear,L0241,$0241,L0241,internal_ram,8,,,,direct,zero,"8637:BEQ L863C | 863D:BRCLR L004F,#$10,L8662 | 8644:BRCLR L0050,#$80,L864B | 864B:BRSET L003E,#$80,L865 | 8656:BHI L865C | 865A:BCC L8662",,ram_state_or_intermediate,medium,requires downstream read/use analysis
865F,L865C,,BSET,"L0004,#$01",bit_mutation,L0004,$0004,L0004,internal_ram,bit,#$01,,,direct,bit_set_mask,"8637:BEQ L863C | 863D:BRCLR L004F,#$10,L8662 | 8644:BRCLR L0050,#$80,L864B | 864B:BRSET L003E,#$80,L865 | 8656:BHI L865C | 865A:BCC L8662",,mode_flag_or_safety_gate,medium,bit-level state mutation
8675,L8675,,STAA,L027B,store,L027B,$027B,L027B,internal_ram,8,,,,direct,A,"864B:BRSET L003E,#$80,L865 | 8656:BHI L865C | 865A:BCC L8662 | 866A:BCS L8673 | 866D:BCS L8673 | 8671:BLS L8675",,ram_state_or_intermediate,medium,requires downstream read/use analysis
8681,L8675,,STD,L026D,store,L026D,$026D,L026D,internal_ram,16,,,,direct,D,"8656:BHI L865C | 865A:BCC L8662 | 866A:BCS L8673 | 866D:BCS L8673 | 8671:BLS L8675 | 867A:BRCLR L0050,#$80,L868B",,ram_state_or_intermediate,medium,requires downstream read/use analysis
8687,L8675,,STAA,L026C,store,L026C,$026C,L026C,internal_ram,8,,,,direct,A,"8656:BHI L865C | 865A:BCC L8662 | 866A:BCS L8673 | 866D:BCS L8673 | 8671:BLS L8675 | 867A:BRCLR L0050,#$80,L868B",,ram_state_or_intermediate,medium,requires downstream read/use analysis
86A1,L868B,,STAA,"0,X",store,"0,X",,"0,X",unknown,8,,$026B,$496B,unresolved_indexed,A,"866A:BCS L8673 | 866D:BCS L8673 | 8671:BLS L8675 | 867A:BRCLR L0050,#$80,L868B | 8696:JSR LF4C1 | 869E:BEQ L86A6",,ram_state_or_intermediate,medium,requires downstream read/use analysis
86AD,L86AD,,STAA,L026B,store,L026B,$026B,L026B,internal_ram,8,,,,direct,A,"8671:BLS L8675 | 867A:BRCLR L0050,#$80,L868B | 8696:JSR LF4C1 | 869E:BEQ L86A6 | 86A4:BRA L868B | 86A6:BRCLR L0070,#$04,L86AD",,ram_state_or_intermediate,medium,requires downstream read/use analysis
86DE,L86DA,,INC,L0275,read_modify_write,L0275,$0275,L0275,internal_ram,8,,,,direct,target_plus_1,86BD:BCS L86D8 | 86C5:BCS L86CC | 86CA:BHI L86D4 | 86D2:BHI L86D8 | 86D6:BRA L86DA | 86DC:BEQ L86E7,,ram_state_or_intermediate,medium,requires downstream read/use analysis
86E1,L86DA,,BSET,"L0043,#$10",bit_mutation,L0043,$0043,L0043,internal_ram,bit,#$10,,,direct,bit_set_mask,86BD:BCS L86D8 | 86C5:BCS L86CC | 86CA:BHI L86D4 | 86D2:BHI L86D8 | 86D6:BRA L86DA | 86DC:BEQ L86E7,,mode_flag_or_safety_gate,medium,bit-level state mutation
86ED,L86ED,,STAA,L027C,store,L027C,$027C,L027C,internal_ram,8,,,,direct,A,86CA:BHI L86D4 | 86D2:BHI L86D8 | 86D6:BRA L86DA | 86DC:BEQ L86E7 | 86E5:BRA L86ED | 86EB:BEQ L86F0,,ram_state_or_intermediate,medium,requires downstream read/use analysis
86F0,L86F0,,STAB,L003E,store,L003E,$003E,L003E,internal_ram,8,,,,direct,B,86CA:BHI L86D4 | 86D2:BHI L86D8 | 86D6:BRA L86DA | 86DC:BEQ L86E7 | 86E5:BRA L86ED | 86EB:BEQ L86F0,,ram_state_or_intermediate,medium,requires downstream read/use analysis
8725,L870E,,BCLR,"L006E,#$08",bit_mutation,L006E,$006E,L006E,internal_ram,bit,#$08,,,direct,bit_clear_mask,"870A:BRCLR L0052,#$80,L877C | 870E:BRSET L0046,#$08,L8776 | 8712:BRSET L003D,#$20,L8776 | 8716:BRSET L0052,#$40,L8776 | 871D:BRCLR 0,X,#$20,L872A | 8721:BRCLR L006E,#$08,L872A",,mode_flag_or_safety_gate,medium,bit-level state mutation
873D,L8739,,BCLR,"L004F,#$20",bit_mutation,L004F,$004F,L004F,internal_ram,bit,#$20,,,direct,bit_clear_mask,"8721:BRCLR L006E,#$08,L872A | 8728:BRA L8779 | 872D:BRSET 0,X,#$10,L8735 | 8731:BRCLR 0,X,#$40,L8739 | 8735:BRSET L003D,#$04,L8779 | 8739:BRCLR L004F,#$20,L8742",,mode_flag_or_safety_gate,medium,bit-level state mutation
8776,L8776,,BSET,"L0071,#$04",bit_mutation,L0071,$0071,L0071,internal_ram,bit,#$04,,,direct,bit_set_mask,"8757:BHI L8790 | 875E:BLS L8790 | 8763:BHI L8790 | 876B:BCS L8790 | 876D:BRSET L003E,#$40,L8790 | 8774:BPL L8790",,mode_flag_or_safety_gate,medium,bit-level state mutation
8779,L8779,,BSET,"L006E,#$01",bit_mutation,L006E,$006E,L006E,internal_ram,bit,#$01,,,direct,bit_set_mask,"8757:BHI L8790 | 875E:BLS L8790 | 8763:BHI L8790 | 876B:BCS L8790 | 876D:BRSET L003E,#$40,L8790 | 8774:BPL L8790",,mode_flag_or_safety_gate,medium,bit-level state mutation
877E,L877C,,STAA,L020F,store,L020F,$020F,L020F,internal_ram,8,,,,direct,A,"8757:BHI L8790 | 875E:BLS L8790 | 8763:BHI L8790 | 876B:BCS L8790 | 876D:BRSET L003E,#$40,L8790 | 8774:BPL L8790",,ram_state_or_intermediate,medium,requires downstream read/use analysis
8783,L877C,,STAA,L01D2,store,L01D2,$01D2,L01D2,internal_ram,8,,,,direct,A,"8757:BHI L8790 | 875E:BLS L8790 | 8763:BHI L8790 | 876B:BCS L8790 | 876D:BRSET L003E,#$40,L8790 | 8774:BPL L8790",,ram_state_or_intermediate,medium,requires downstream read/use analysis
8787,L877C,,STAA,L025F,store,L025F,$025F,L025F,internal_ram,8,,,,direct,A,"8757:BHI L8790 | 875E:BLS L8790 | 8763:BHI L8790 | 876B:BCS L8790 | 876D:BRSET L003E,#$40,L8790 | 8774:BPL L8790",,ram_state_or_intermediate,medium,requires downstream read/use analysis
878A,L877C,,STAA,L027A,store,L027A,$027A,L027A,internal_ram,8,,,,direct,A,"8757:BHI L8790 | 875E:BLS L8790 | 8763:BHI L8790 | 876B:BCS L8790 | 876D:BRSET L003E,#$40,L8790 | 8774:BPL L8790",,ram_state_or_intermediate,medium,requires downstream read/use analysis
87A1,L87A0,,BCLR,"L0046,#$02",bit_mutation,L0046,$0046,L0046,internal_ram,bit,#$02,,,direct,bit_clear_mask,"876D:BRSET L003E,#$40,L8790 | 8774:BPL L8790 | 878D:JMP L8911 | 8796:BHI L87A6 | 879B:BCS L87A0 | 879E:BRA L87BE",,mode_flag_or_safety_gate,medium,bit-level state mutation
87BE,L87BE,,STAA,L0280,store,L0280,$0280,L0280,internal_ram,8,,,,direct,A,"8796:BHI L87A6 | 879B:BCS L87A0 | 879E:BRA L87BE | 87A4:BRA L87B0 | 87B0:BRCLR L0050,#$80,L87B8 | 87BA:BLS L87BE",,ram_state_or_intermediate,medium,requires downstream read/use analysis
87C8,L87BE,,STAA,L027A,store,L027A,$027A,L027A,internal_ram,8,,,,direct,A,"879B:BCS L87A0 | 879E:BRA L87BE | 87A4:BRA L87B0 | 87B0:BRCLR L0050,#$80,L87B8 | 87BA:BLS L87BE | 87C5:JSR LF4C1",,ram_state_or_intermediate,medium,requires downstream read/use analysis
87E3,L87BE,,STAA,L003F,store,L003F,$003F,L003F,internal_ram,8,,,,direct,A,"87A4:BRA L87B0 | 87B0:BRCLR L0050,#$80,L87B8 | 87BA:BLS L87BE | 87C5:JSR LF4C1 | 87CB:BRCLR L0050,#$80,L8813 | 87DA:BRSET L003E,#$40,L87E6",,ram_state_or_intermediate,medium,requires downstream read/use analysis
87F1,L87E6,,STAA,L0262,store,L0262,$0262,L0262,internal_ram,8,,,,direct,A,"87BA:BLS L87BE | 87C5:JSR LF4C1 | 87CB:BRCLR L0050,#$80,L8813 | 87DA:BRSET L003E,#$40,L87E6 | 87E6:BRSET L003F,#$03,L87F8 | 87EA:BRSET L003F,#$0C,L87F8",,ram_state_or_intermediate,medium,requires downstream read/use analysis
87FB,L87F8,,STAA,L0262,store,L0262,$0262,L0262,internal_ram,8,,,,direct,A,"87C5:JSR LF4C1 | 87CB:BRCLR L0050,#$80,L8813 | 87DA:BRSET L003E,#$40,L87E6 | 87E6:BRSET L003F,#$03,L87F8 | 87EA:BRSET L003F,#$0C,L87F8 | 87F6:BRA L8803",,ram_state_or_intermediate,medium,requires downstream read/use analysis
883C,L883C,,STAA,L027A,store,L027A,$027A,L027A,internal_ram,8,,,,direct,A,880D:BCC L883C | 8811:BRA L883C | 8819:JSR LF4C1 | 8821:BLS L8825 | 882C:JSR LF4DE | 8837:BCC L883C,,ram_state_or_intermediate,medium,requires downstream read/use analysis
8869,L8869,,STAA,L026B,store,L026B,$026B,L026B,internal_ram,8,,,,direct,A,"8837:BCC L883C | 8846:JSR LF4C1 | 884B:BCC L884F | 8857:JSR LF4C1 | 885E:BRCLR L0050,#$80,L8869 | 8865:BCC L8869",,ram_state_or_intermediate,medium,requires downstream read/use analysis
886C,L8869,,STAA,L0281,store,L0281,$0281,L0281,internal_ram,8,,,,direct,A,"8837:BCC L883C | 8846:JSR LF4C1 | 884B:BCC L884F | 8857:JSR LF4C1 | 885E:BRCLR L0050,#$80,L8869 | 8865:BCC L8869",,ram_state_or_intermediate,medium,requires downstream read/use analysis
8888,L887F,,CLR,L025F,clear,L025F,$025F,L025F,internal_ram,8,,,,direct,zero,"8857:JSR LF4C1 | 885E:BRCLR L0050,#$80,L8869 | 8865:BCC L8869 | 8879:BEQ L887F | 887D:BNE L88CD | 8886:BHI L888D",,ram_state_or_intermediate,medium,requires downstream read/use analysis
8899,L8899,,STAA,L025F,store,L025F,$025F,L025F,internal_ram,8,,,,direct,A,8879:BEQ L887F | 887D:BNE L88CD | 8886:BHI L888D | 888B:BRA L88CD | 8893:BCS L8898 | 8896:BRA L8899,,ram_state_or_intermediate,medium,requires downstream read/use analysis
88CA,L88CA,,STAA,L020F,store,L020F,$020F,L020F,internal_ram,8,,,,direct,A,"88B0:BCC L88CA | 88B3:BRA L88CA | 88B8:BRCLR 0,X,#$08,L88C0 | 88BC:BRSET L0044,#$02,L88CD | 88C3:BEQ L88CA | 88C5:BRSET L003F,#$80,L88CA",,ram_state_or_intermediate,medium,requires downstream read/use analysis
88DD,L88DA,,CLR,L027A,clear,L027A,$027A,L027A,internal_ram,8,,,,direct,zero,"88BC:BRSET L0044,#$02,L88CD | 88C3:BEQ L88CA | 88C5:BRSET L003F,#$80,L88CA | 88D1:BLS L88E2 | 88D6:BCC L88DA | 88DB:BCC L88E2",,ram_state_or_intermediate,medium,requires downstream read/use analysis
88E6,L88E2,,CLR,L027A,clear,L027A,$027A,L027A,internal_ram,8,,,,direct,zero,"88C5:BRSET L003F,#$80,L88CA | 88D1:BLS L88E2 | 88D6:BCC L88DA | 88DB:BCC L88E2 | 88E0:BRA L88E9 | 88E2:BRCLR L0052,#$80,L88E9",,ram_state_or_intermediate,medium,requires downstream read/use analysis
8903,L88E9,,STAA,L027A,store,L027A,$027A,L027A,internal_ram,8,,,,direct,A,"88E0:BRA L88E9 | 88E2:BRCLR L0052,#$80,L88E9 | 88EC:BRCLR L003E,#$40,L8911 | 88F3:BRCLR 0,X,#$08,L8906 | 88F7:BRCLR L0044,#$02,L8906 | 8901:BCC L8906",,ram_state_or_intermediate,medium,requires downstream read/use analysis
891A,L8918,,STAA,L026F,store,L026F,$026F,L026F,internal_ram,8,,,,direct,A,"88F3:BRCLR 0,X,#$08,L8906 | 88F7:BRCLR L0044,#$02,L8906 | 8901:BCC L8906 | 890C:BCC L8918 | 890F:BRA L8918 | 8914:BCC L8918",,ram_state_or_intermediate,medium,requires downstream read/use analysis
8927,L891E,,STAA,L024A,store,L024A,$024A,L024A,internal_ram,8,,,,direct,A,"88F7:BRCLR L0044,#$02,L8906 | 8901:BCC L8906 | 890C:BCC L8918 | 890F:BRA L8918 | 8914:BCC L8918 | 8925:BEQ L8938",,ram_state_or_intermediate,medium,requires downstream read/use analysis
8966,L8964,,STAB,L0266,store,L0266,$0266,L0266,internal_ram,8,,,,direct,B,"8940:BEQ L8945 | 894B:BLS L894F | 894F:JSR LF4DE | 8955:BCC L8958 | 8958:BRCLR L0050,#$80,L896F | 895F:BLS L8964",,ram_state_or_intermediate,medium,requires downstream read/use analysis
896A,L8964,,STD,L0264,store,L0264,$0264,L0264,internal_ram,16,,,,direct,D,"8940:BEQ L8945 | 894B:BLS L894F | 894F:JSR LF4DE | 8955:BCC L8958 | 8958:BRCLR L0050,#$80,L896F | 895F:BLS L8964",,ram_state_or_intermediate,medium,requires downstream read/use analysis
8975,L896F,,STAB,L0266,store,L0266,$0266,L0266,internal_ram,8,,,,direct,B,"894F:JSR LF4DE | 8955:BCC L8958 | 8958:BRCLR L0050,#$80,L896F | 895F:BLS L8964 | 896D:BRA L8998 | 8972:BEQ L8988",,ram_state_or_intermediate,medium,requires downstream read/use analysis
8989,L8988,,STD,L0264,store,L0264,$0264,L0264,internal_ram,16,,,,direct,D,895F:BLS L8964 | 896D:BRA L8998 | 8972:BEQ L8988 | 897B:BLS L8988 | 8983:JSR LF459 | 8986:BRA L898E,,ram_state_or_intermediate,medium,requires downstream read/use analysis
898E,L898E,,STD,L0264,store,L0264,$0264,L0264,internal_ram,16,,,,direct,D,896D:BRA L8998 | 8972:BEQ L8988 | 897B:BLS L8988 | 8983:JSR LF459 | 8986:BRA L898E | 898C:BRA L8998,,ram_state_or_intermediate,medium,requires downstream read/use analysis
8998,L8998,,STAA,L024A,store,L024A,$024A,L024A,internal_ram,8,,,,direct,A,8972:BEQ L8988 | 897B:BLS L8988 | 8983:JSR LF459 | 8986:BRA L898E | 898C:BRA L8998 | 8994:BCC L8998,,ram_state_or_intermediate,medium,requires downstream read/use analysis
89AB,L8998,,BSET,"L0050,#$80",bit_mutation,L0050,$0050,L0050,internal_ram,bit,#$80,,,direct,bit_set_mask,8983:JSR LF459 | 8986:BRA L898E | 898C:BRA L8998 | 8994:BCC L8998 | 89A1:BHI L8A0B | 89A9:BHI L8A0B,,mode_flag_or_safety_gate,medium,bit-level state mutation
89FC,L89F6,,INC,L0271,read_modify_write,L0271,$0271,L0271,internal_ram,8,,,,direct,target_plus_1,89D7:BLS L89F6 | 89DC:BRA L8A22 | 89E4:BCC L89F6 | 89ED:BCC L89F0 | 89F4:BLS L8A01 | 89FA:BNE L8A1F,,ram_state_or_intermediate,medium,requires downstream read/use analysis
8A01,L8A01,,BSET,"L0050,#$02",bit_mutation,L0050,$0050,L0050,internal_ram,bit,#$02,,,direct,bit_set_mask,89DC:BRA L8A22 | 89E4:BCC L89F6 | 89ED:BCC L89F0 | 89F4:BLS L8A01 | 89FA:BNE L8A1F | 89FF:BRA L8A1F,,mode_flag_or_safety_gate,medium,bit-level state mutation
8A06,L8A06,,BSET,"L0050,#$02",bit_mutation,L0050,$0050,L0050,internal_ram,bit,#$02,,,direct,bit_set_mask,89E4:BCC L89F6 | 89ED:BCC L89F0 | 89F4:BLS L8A01 | 89FA:BNE L8A1F | 89FF:BRA L8A1F | 8A04:BRA L8A1C,,mode_flag_or_safety_gate,medium,bit-level state mutation
8A13,L8A0B,,BSET,"L003F,#$40",bit_mutation,L003F,$003F,L003F,internal_ram,bit,#$40,,,direct,bit_set_mask,89F4:BLS L8A01 | 89FA:BNE L8A1F | 89FF:BRA L8A1F | 8A04:BRA L8A1C | 8A09:BRA L8A22 | 8A11:BCS L8A16,,mode_flag_or_safety_gate,medium,bit-level state mutation
8A16,L8A16,,BCLR,"L0050,#$80",bit_mutation,L0050,$0050,L0050,internal_ram,bit,#$80,,,direct,bit_clear_mask,89F4:BLS L8A01 | 89FA:BNE L8A1F | 89FF:BRA L8A1F | 8A04:BRA L8A1C | 8A09:BRA L8A22 | 8A11:BCS L8A16,,mode_flag_or_safety_gate,medium,bit-level state mutation
8A19,L8A19,,BCLR,"L0050,#$02",bit_mutation,L0050,$0050,L0050,internal_ram,bit,#$02,,,direct,bit_clear_mask,89F4:BLS L8A01 | 89FA:BNE L8A1F | 89FF:BRA L8A1F | 8A04:BRA L8A1C | 8A09:BRA L8A22 | 8A11:BCS L8A16,,mode_flag_or_safety_gate,medium,bit-level state mutation
8A1C,L8A1C,,CLR,L0271,clear,L0271,$0271,L0271,internal_ram,8,,,,direct,zero,89F4:BLS L8A01 | 89FA:BNE L8A1F | 89FF:BRA L8A1F | 8A04:BRA L8A1C | 8A09:BRA L8A22 | 8A11:BCS L8A16,,ram_state_or_intermediate,medium,requires downstream read/use analysis
8A4B,L8A30,,STAB,L082C,store,L082C,$082C,L082C,absolute_memory_or_table,8,,,,direct,B,"8A2D:BCC L8A30 | 8A35:BLS L8A5C | 8A3A:BCC L8A5C | 8A3C:BRSET L0041,#$20,L8A56 | 8A46:BHI L8A5C | 8A49:BEQ L8A4E",,ram_state_or_intermediate,medium,requires downstream read/use analysis
8A88,L8A88,,STAA,L024A,store,L024A,$024A,L024A,internal_ram,8,,,,direct,A,8A67:BLS L8A6A | 8A70:BCS L8A88 | 8A77:BHI L8A81 | 8A7C:BCC L8A88 | 8A7F:BRA L8A88 | 8A84:BCC L8A88,,ram_state_or_intermediate,medium,requires downstream read/use analysis
8AA2,L8A92,,BSET,"L003D,#$01",bit_mutation,L003D,$003D,L003D,internal_ram,bit,#$01,,,direct,bit_set_mask,"8A7F:BRA L8A88 | 8A84:BCC L8A88 | 8A8B:BRSET L004F,#$10,L8A92 | 8A8F:JMP L8C6D | 8A98:BCC L8AAA | 8AA0:BHI L8AAA",,mode_flag_or_safety_gate,medium,bit-level state mutation
8AA5,L8A92,,CLR,L0263,clear,L0263,$0263,L0263,internal_ram,8,,,,direct,zero,"8A7F:BRA L8A88 | 8A84:BCC L8A88 | 8A8B:BRSET L004F,#$10,L8A92 | 8A8F:JMP L8C6D | 8A98:BCC L8AAA | 8AA0:BHI L8AAA",,ram_state_or_intermediate,medium,requires downstream read/use analysis
8AB3,L8AAA,,STAA,L0263,store,L0263,$0263,L0263,internal_ram,8,,,,direct,A,"8A8B:BRSET L004F,#$10,L8A92 | 8A8F:JMP L8C6D | 8A98:BCC L8AAA | 8AA0:BHI L8AAA | 8AA8:BRA L8AB9 | 8AB0:BCC L8AB9",,ram_state_or_intermediate,medium,requires downstream read/use analysis
8AB6,L8AAA,,BSET,"L003D,#$01",bit_mutation,L003D,$003D,L003D,internal_ram,bit,#$01,,,direct,bit_set_mask,"8A8B:BRSET L004F,#$10,L8A92 | 8A8F:JMP L8C6D | 8A98:BCC L8AAA | 8AA0:BHI L8AAA | 8AA8:BRA L8AB9 | 8AB0:BCC L8AB9",,mode_flag_or_safety_gate,medium,bit-level state mutation
8AC3,L8AB9,,STAA,L01E0,store,L01E0,$01E0,L01E0,internal_ram,8,,,,direct,A,8A8F:JMP L8C6D | 8A98:BCC L8AAA | 8AA0:BHI L8AAA | 8AA8:BRA L8AB9 | 8AB0:BCC L8AB9 | 8AC0:JSR LF49A,,ram_state_or_intermediate,medium,requires downstream read/use analysis
8ACE,L8AB9,,STAA,L01E1,store,L01E1,$01E1,L01E1,internal_ram,8,,,,direct,A,8A98:BCC L8AAA | 8AA0:BHI L8AAA | 8AA8:BRA L8AB9 | 8AB0:BCC L8AB9 | 8AC0:JSR LF49A | 8ACB:JSR LF49A,,ram_state_or_intermediate,medium,requires downstream read/use analysis
8AD9,L8AB9,,STAA,L01E2,store,L01E2,$01E2,L01E2,internal_ram,8,,,,direct,A,8AA0:BHI L8AAA | 8AA8:BRA L8AB9 | 8AB0:BCC L8AB9 | 8AC0:JSR LF49A | 8ACB:JSR LF49A | 8AD6:JSR LF49A,,ram_state_or_intermediate,medium,requires downstream read/use analysis
8AFF,L8AFA,,BSET,"L003F,#$20",bit_mutation,L003F,$003F,L003F,internal_ram,bit,#$20,,,direct,bit_set_mask,"8AE4:BCC L8AE7 | 8AEA:BCS L8AEF | 8AEC:JMP L8BFC | 8AEF:BRSET L003F,#$20,L8B51 | 8AF7:BCC L8AFA | 8AFD:BLS L8B05",,mode_flag_or_safety_gate,medium,bit-level state mutation
8B4E,L8B4E,,BSET,"L003F,#$20",bit_mutation,L003F,$003F,L003F,internal_ram,bit,#$20,,,direct,bit_set_mask,"8B31:JMP L8BFC | 8B34:BRSET L003D,#$01,L8B3B | 8B38:JMP L8BF3 | 8B42:BCS L8B57 | 8B4A:BCC L8B53 | 8B4C:BRA L8B51",,mode_flag_or_safety_gate,medium,bit-level state mutation
8B53,L8B53,,STAB,L0278,store,L0278,$0278,L0278,internal_ram,8,,,,direct,B,"8B31:JMP L8BFC | 8B34:BRSET L003D,#$01,L8B3B | 8B38:JMP L8BF3 | 8B42:BCS L8B57 | 8B4A:BCC L8B53 | 8B4C:BRA L8B51",,ram_state_or_intermediate,medium,requires downstream read/use analysis
8B57,L8B57,,STAB,L0277,store,L0277,$0277,L0277,internal_ram,8,,,,direct,B,"8B31:JMP L8BFC | 8B34:BRSET L003D,#$01,L8B3B | 8B38:JMP L8BF3 | 8B42:BCS L8B57 | 8B4A:BCC L8B53 | 8B4C:BRA L8B51",,ram_state_or_intermediate,medium,requires downstream read/use analysis
8B5A,L8B57,,BSET,"L003D,#$20",bit_mutation,L003D,$003D,L003D,internal_ram,bit,#$20,,,direct,bit_set_mask,"8B31:JMP L8BFC | 8B34:BRSET L003D,#$01,L8B3B | 8B38:JMP L8BF3 | 8B42:BCS L8B57 | 8B4A:BCC L8B53 | 8B4C:BRA L8B51",,mode_flag_or_safety_gate,medium,bit-level state mutation
8B74,L8B57,,INC,L0269,read_modify_write,L0269,$0269,L0269,internal_ram,8,,,,direct,target_plus_1,8B42:BCS L8B57 | 8B4A:BCC L8B53 | 8B4C:BRA L8B51 | 8B62:JSR LF4C1 | 8B6C:BHI L8BC1 | 8B72:BNE L8B77,,ram_state_or_intermediate,medium,requires downstream read/use analysis
8BEE,L8BDD,,STAA,L024A,store,L024A,$024A,L024A,internal_ram,8,,,,direct,A,8BBC:BCC L8BC0 | 8BC6:BHI L8BDD | 8BCD:BCC L8BDD | 8BD5:BCC L8BDD | 8BDA:BCC L8BDD | 8BE1:BLS L8C38,,ram_state_or_intermediate,medium,requires downstream read/use analysis
8C05,L8BFC,,CLR,L0278,clear,L0278,$0278,L0278,internal_ram,8,,,,direct,zero,8BD5:BCC L8BDD | 8BDA:BCC L8BDD | 8BE1:BLS L8C38 | 8BF1:BRA L8C38 | 8BFA:BCC L8C0D | 8C03:BCS L8C29,,ram_state_or_intermediate,medium,requires downstream read/use analysis
8C08,L8BFC,,CLR,L0269,clear,L0269,$0269,L0269,internal_ram,8,,,,direct,zero,8BD5:BCC L8BDD | 8BDA:BCC L8BDD | 8BE1:BLS L8C38 | 8BF1:BRA L8C38 | 8BFA:BCC L8C0D | 8C03:BCS L8C29,,ram_state_or_intermediate,medium,requires downstream read/use analysis
8C12,L8C0D,,BSET,"L003D,#$01",bit_mutation,L003D,$003D,L003D,internal_ram,bit,#$01,,,direct,bit_set_mask,8BE1:BLS L8C38 | 8BF1:BRA L8C38 | 8BFA:BCC L8C0D | 8C03:BCS L8C29 | 8C0B:BRA L8C32 | 8C10:BNE L8C18,,mode_flag_or_safety_gate,medium,bit-level state mutation
8C2F,L8C29,,STAB,L0276,store,L0276,$0276,L0276,internal_ram,8,,,,direct,B,8C10:BNE L8C18 | 8C15:JMP L8B56 | 8C1E:BLS L8C28 | 8C23:BCC L8C29 | 8C26:BRA L8C29 | 8C2D:BNE L8C32,,ram_state_or_intermediate,medium,requires downstream read/use analysis
8C32,L8C32,,BCLR,"L003D,#$21",bit_mutation,L003D,$003D,L003D,internal_ram,bit,#$21,,,direct,bit_clear_mask,8C10:BNE L8C18 | 8C15:JMP L8B56 | 8C1E:BLS L8C28 | 8C23:BCC L8C29 | 8C26:BRA L8C29 | 8C2D:BNE L8C32,,mode_flag_or_safety_gate,medium,bit-level state mutation
8C35,L8C32,,BCLR,"L003F,#$20",bit_mutation,L003F,$003F,L003F,internal_ram,bit,#$20,,,direct,bit_clear_mask,8C10:BNE L8C18 | 8C15:JMP L8B56 | 8C1E:BLS L8C28 | 8C23:BCC L8C29 | 8C26:BRA L8C29 | 8C2D:BNE L8C32,,mode_flag_or_safety_gate,medium,bit-level state mutation
8C3B,L8C38,,STAA,L01DB,store,L01DB,$01DB,L01DB,internal_ram,8,,,,direct,A,8C10:BNE L8C18 | 8C15:JMP L8B56 | 8C1E:BLS L8C28 | 8C23:BCC L8C29 | 8C26:BRA L8C29 | 8C2D:BNE L8C32,,ram_state_or_intermediate,medium,requires downstream read/use analysis
8C50,L8C38,,STAA,L024A,store,L024A,$024A,L024A,internal_ram,8,,,,direct,A,"8C23:BCC L8C29 | 8C26:BRA L8C29 | 8C2D:BNE L8C32 | 8C3E:BRCLR L0052,#$40,L8C53 | 8C48:JSR LF4C1 | 8C4E:BHI L8C53",,ram_state_or_intermediate,medium,requires downstream read/use analysis
8C61,L8C53,,STAA,L024A,store,L024A,$024A,L024A,internal_ram,8,,,,direct,A,"8C2D:BNE L8C32 | 8C3E:BRCLR L0052,#$40,L8C53 | 8C48:JSR LF4C1 | 8C4E:BHI L8C53 | 8C53:BRCLR L003B,#$10,L8C66 | 8C5C:BEQ L8C66",,ram_state_or_intermediate,medium,requires downstream read/use analysis
8C70,L8C6D,,STAA,L024B,store,L024B,$024B,L024B,internal_ram,8,,,,direct,A,"8C4E:BHI L8C53 | 8C53:BRCLR L003B,#$10,L8C66 | 8C5C:BEQ L8C66 | 8C64:BRA L8C6D | 8C66:BRCLR L0086,#$40,L8C6D | 8C6A:JSR L1800",,ram_state_or_intermediate,medium,requires downstream read/use analysis
8C85,L8C85,,STD,L0818,store,L0818,$0818,L0818,absolute_memory_or_table,16,,,,direct,D,"8C5C:BEQ L8C66 | 8C64:BRA L8C6D | 8C66:BRCLR L0086,#$40,L8C6D | 8C6A:JSR L1800 | 8C77:BNE L8C8E | 8C7F:BCC L8C85",,ram_state_or_intermediate,medium,requires downstream read/use analysis
8C8B,L8C85,,STD,L081A,store,L081A,$081A,L081A,absolute_memory_or_table,16,,,,direct,D,"8C5C:BEQ L8C66 | 8C64:BRA L8C6D | 8C66:BRCLR L0086,#$40,L8C6D | 8C6A:JSR L1800 | 8C77:BNE L8C8E | 8C7F:BCC L8C85",,ram_state_or_intermediate,medium,requires downstream read/use analysis
8C8E,L8C8E,,BCLR,"L003D,#$04",bit_mutation,L003D,$003D,L003D,internal_ram,bit,#$04,,,direct,bit_clear_mask,"8C5C:BEQ L8C66 | 8C64:BRA L8C6D | 8C66:BRCLR L0086,#$40,L8C6D | 8C6A:JSR L1800 | 8C77:BNE L8C8E | 8C7F:BCC L8C85",,mode_flag_or_safety_gate,medium,bit-level state mutation
8D73,L8D73,,BSET,"L003D,#$0C",bit_mutation,L003D,$003D,L003D,internal_ram,bit,#$0C,,,direct,bit_set_mask,"8D48:BCS L8D51 | 8D4E:BCS L8D51 | 8D57:BRSET 0,X,#$01,L8D5E | 8D61:BCS L8D73 | 8D68:BCS L8D73 | 8D6F:BCS L8D73",,mode_flag_or_safety_gate,medium,bit-level state mutation
8D76,L8D73,,BSET,"L006E,#$01",bit_mutation,L006E,$006E,L006E,internal_ram,bit,#$01,,,direct,bit_set_mask,"8D48:BCS L8D51 | 8D4E:BCS L8D51 | 8D57:BRSET 0,X,#$01,L8D5E | 8D61:BCS L8D73 | 8D68:BCS L8D73 | 8D6F:BCS L8D73",,mode_flag_or_safety_gate,medium,bit-level state mutation
8D92,L8D92,,BSET,"L0046,#$40",bit_mutation,L0046,$0046,L0046,internal_ram,bit,#$40,,,direct,bit_set_mask,8D68:BCS L8D73 | 8D6F:BCS L8D73 | 8D82:BHI L8D92 | 8D86:BCS L8D8D | 8D8B:BRA L8D90 | 8D90:BCC L8D98,,mode_flag_or_safety_gate,medium,bit-level state mutation
8D98,L8D98,,STAA,L0248,store,L0248,$0248,L0248,internal_ram,8,,,,direct,A,8D6F:BCS L8D73 | 8D82:BHI L8D92 | 8D86:BCS L8D8D | 8D8B:BRA L8D90 | 8D90:BCC L8D98 | 8D95:JSR LF280,,ram_state_or_intermediate,medium,requires downstream read/use analysis
8D9B,L8D98,,STAB,L0247,store,L0247,$0247,L0247,internal_ram,8,,,,direct,B,8D6F:BCS L8D73 | 8D82:BHI L8D92 | 8D86:BCS L8D8D | 8D8B:BRA L8D90 | 8D90:BCC L8D98 | 8D95:JSR LF280,,ram_state_or_intermediate,medium,requires downstream read/use analysis
8DB1,L8D98,,BCLR,"L0052,#$04",bit_mutation,L0052,$0052,L0052,internal_ram,bit,#$04,,,direct,bit_clear_mask,"8D8B:BRA L8D90 | 8D90:BCC L8D98 | 8D95:JSR LF280 | 8DA1:BRSET 0,X,#$10,L8DEF | 8DAB:BCS L8DB6 | 8DAD:BRCLR L0052,#$04,L8DBF",,mode_flag_or_safety_gate,medium,bit-level state mutation
8DBA,L8DB6,,BSET,"L0052,#$04",bit_mutation,L0052,$0052,L0052,internal_ram,bit,#$04,,,direct,bit_set_mask,"8D95:JSR LF280 | 8DA1:BRSET 0,X,#$10,L8DEF | 8DAB:BCS L8DB6 | 8DAD:BRCLR L0052,#$04,L8DBF | 8DB4:BRA L8DE9 | 8DB6:BRSET L0052,#$04,L8DBF",,mode_flag_or_safety_gate,medium,bit-level state mutation
8DE6,L8DE6,,BCLR,"L003D,#$04",bit_mutation,L003D,$003D,L003D,internal_ram,bit,#$04,,,direct,bit_clear_mask,8DC7:BMI L8DD8 | 8DCC:BCS L8DE6 | 8DD4:BHI L8DE6 | 8DD6:BRA L8DE9 | 8DDC:BCS L8DE6 | 8DE4:BCC L8DE9,,mode_flag_or_safety_gate,medium,bit-level state mutation
8DEC,L8DE9,,STAA,L0249,store,L0249,$0249,L0249,internal_ram,8,,,,direct,A,8DC7:BMI L8DD8 | 8DCC:BCS L8DE6 | 8DD4:BHI L8DE6 | 8DD6:BRA L8DE9 | 8DDC:BCS L8DE6 | 8DE4:BCC L8DE9,,ram_state_or_intermediate,medium,requires downstream read/use analysis
8DF7,L8DEF,,STAA,L0240,store,L0240,$0240,L0240,internal_ram,8,,,,direct,A,8DCC:BCS L8DE6 | 8DD4:BHI L8DE6 | 8DD6:BRA L8DE9 | 8DDC:BCS L8DE6 | 8DE4:BCC L8DE9 | 8DF2:BNE L8E1A,,ram_state_or_intermediate,medium,requires downstream read/use analysis
8E06,L8DEF,,STD,L01DE,store,L01DE,$01DE,L01DE,internal_ram,16,,,,direct,D,8DD4:BHI L8DE6 | 8DD6:BRA L8DE9 | 8DDC:BCS L8DE6 | 8DE4:BCC L8DE9 | 8DF2:BNE L8E1A | 8E03:JSR LF459,,ram_state_or_intermediate,medium,requires downstream read/use analysis
8E15,L8DEF,,STD,L01C7,store,L01C7,$01C7,L01C7,internal_ram,16,,,,direct,D,8DD6:BRA L8DE9 | 8DDC:BCS L8DE6 | 8DE4:BCC L8DE9 | 8DF2:BNE L8E1A | 8E03:JSR LF459 | 8E12:JSR LF459,,ram_state_or_intermediate,medium,requires downstream read/use analysis
8E1A,L8E1A,,DEC,L0240,read_modify_write,L0240,$0240,L0240,internal_ram,8,,,,direct,target_minus_1,8DDC:BCS L8DE6 | 8DE4:BCC L8DE9 | 8DF2:BNE L8E1A | 8E03:JSR LF459 | 8E12:JSR LF459 | 8E18:BRA L8E1D,,ram_state_or_intermediate,medium,requires downstream read/use analysis
8E32,L8E1D,,STAB,L0274,store,L0274,$0274,L0274,internal_ram,8,,,,direct,B,"8E12:JSR LF459 | 8E18:BRA L8E1D | 8E1D:BRCLR L003E,#$02,L8E68 | 8E21:BRSET L003D,#$08,L8E68 | 8E2A:BEQ L8E68 | 8E30:BMI L8E3B",,ram_state_or_intermediate,medium,requires downstream read/use analysis
8E41,L8E3B,,STAB,L0273,store,L0273,$0273,L0273,internal_ram,8,,,,direct,B,"8E1D:BRCLR L003E,#$02,L8E68 | 8E21:BRSET L003D,#$08,L8E68 | 8E2A:BEQ L8E68 | 8E30:BMI L8E3B | 8E39:BCS L8EA6 | 8E3F:BEQ L8E49",,ram_state_or_intermediate,medium,requires downstream read/use analysis
8E9A,L8E9A,,STAA,"0,X",store,"0,X",,"0,X",unknown,8,,$02B3,$48F9,unresolved_indexed,A,"8E7A:BRCLR L003E,#$40,L8E8D | 8E81:BCS L8E88 | 8E86:BCC L8E9A | 8E8B:BRA L8E9A | 8E90:BCS L8E97 | 8E95:BLS L8E9A",,ram_state_or_intermediate,medium,requires downstream read/use analysis
8E9C,L8E9A,,STAA,L0248,store,L0248,$0248,L0248,internal_ram,8,,,,direct,A,"8E7A:BRCLR L003E,#$40,L8E8D | 8E81:BCS L8E88 | 8E86:BCC L8E9A | 8E8B:BRA L8E9A | 8E90:BCS L8E97 | 8E95:BLS L8E9A",,ram_state_or_intermediate,medium,requires downstream read/use analysis
8EA0,L8E9F,,STAB,L0274,store,L0274,$0274,L0274,internal_ram,8,,,,direct,B,"8E7A:BRCLR L003E,#$40,L8E8D | 8E81:BCS L8E88 | 8E86:BCC L8E9A | 8E8B:BRA L8E9A | 8E90:BCS L8E97 | 8E95:BLS L8E9A",,ram_state_or_intermediate,medium,requires downstream read/use analysis
8EA3,L8E9F,,STAB,L0273,store,L0273,$0273,L0273,internal_ram,8,,,,direct,B,"8E7A:BRCLR L003E,#$40,L8E8D | 8E81:BCS L8E88 | 8E86:BCC L8E9A | 8E8B:BRA L8E9A | 8E90:BCS L8E97 | 8E95:BLS L8E9A",,ram_state_or_intermediate,medium,requires downstream read/use analysis
8EA6,L8EA6,,BCLR,"L003D,#$08",bit_mutation,L003D,$003D,L003D,internal_ram,bit,#$08,,,direct,bit_clear_mask,"8E7A:BRCLR L003E,#$40,L8E8D | 8E81:BCS L8E88 | 8E86:BCC L8E9A | 8E8B:BRA L8E9A | 8E90:BCS L8E97 | 8E95:BLS L8E9A",,mode_flag_or_safety_gate,medium,bit-level state mutation
8EAB,L8EA6,,STAA,L0065,store,L0065,$0065,L0065,internal_ram,8,,,,direct,A,"8E7A:BRCLR L003E,#$40,L8E8D | 8E81:BCS L8E88 | 8E86:BCC L8E9A | 8E8B:BRA L8E9A | 8E90:BCS L8E97 | 8E95:BLS L8E9A",,ram_state_or_intermediate,medium,requires downstream read/use analysis
8EB0,L8EA6,,STAA,L01D4,store,L01D4,$01D4,L01D4,internal_ram,8,,,,direct,A,"8E7A:BRCLR L003E,#$40,L8E8D | 8E81:BCS L8E88 | 8E86:BCC L8E9A | 8E8B:BRA L8E9A | 8E90:BCS L8E97 | 8E95:BLS L8E9A",,ram_state_or_intermediate,medium,requires downstream read/use analysis
8EC5,L8EC5,,STAA,L0299,store,L0299,$0299,L0299,internal_ram,8,,,,direct,A,"8E8B:BRA L8E9A | 8E90:BCS L8E97 | 8E95:BLS L8E9A | 8EB7:BRCLR 0,X,#$01,L8EC3 | 8EBB:BRCLR L004F,#$80,L8EC3 | 8EBF:BRCLR L006F,#$34,L8EC9",,ram_state_or_intermediate,medium,requires downstream read/use analysis
8EC9,L8EC9,,BCLR,"L0075,#$04",bit_mutation,L0075,$0075,L0075,internal_ram,bit,#$04,,,direct,bit_clear_mask,"8E8B:BRA L8E9A | 8E90:BCS L8E97 | 8E95:BLS L8E9A | 8EB7:BRCLR 0,X,#$01,L8EC3 | 8EBB:BRCLR L004F,#$80,L8EC3 | 8EBF:BRCLR L006F,#$34,L8EC9",,mode_flag_or_safety_gate,medium,bit-level state mutation
8ED5,L8EC9,,BSET,"L0075,#$04",bit_mutation,L0075,$0075,L0075,internal_ram,bit,#$04,,,direct,bit_set_mask,"8E90:BCS L8E97 | 8E95:BLS L8E9A | 8EB7:BRCLR 0,X,#$01,L8EC3 | 8EBB:BRCLR L004F,#$80,L8EC3 | 8EBF:BRCLR L006F,#$34,L8EC9 | 8ED2:BCC L8ED8",,mode_flag_or_safety_gate,medium,bit-level state mutation
8ED8,L8ED8,,STAA,L0293,store,L0293,$0293,L0293,internal_ram,8,,,,direct,A,"8E90:BCS L8E97 | 8E95:BLS L8E9A | 8EB7:BRCLR 0,X,#$01,L8EC3 | 8EBB:BRCLR L004F,#$80,L8EC3 | 8EBF:BRCLR L006F,#$34,L8EC9 | 8ED2:BCC L8ED8",,ram_state_or_intermediate,medium,requires downstream read/use analysis
8EFA,L8EFA,,STAA,L0294,store,L0294,$0294,L0294,internal_ram,8,,,,direct,A,8EDF:JSR L1809 | 8EE2:BCS L8EC5 | 8EE7:BEQ L8F38 | 8EEF:BCS L8F17 | 8EF2:BCS L8EF7 | 8EF5:BCC L8EFA,,ram_state_or_intermediate,medium,requires downstream read/use analysis
8EFD,L8EFA,,BSET,"L0075,#$40",bit_mutation,L0075,$0075,L0075,internal_ram,bit,#$40,,,direct,bit_set_mask,8EDF:JSR L1809 | 8EE2:BCS L8EC5 | 8EE7:BEQ L8F38 | 8EEF:BCS L8F17 | 8EF2:BCS L8EF7 | 8EF5:BCC L8EFA,,mode_flag_or_safety_gate,medium,bit-level state mutation
8F0F,L8F0F,,STAA,L0286,store,L0286,$0286,L0286,internal_ram,8,,,,direct,A,"8EE7:BEQ L8F38 | 8EEF:BCS L8F17 | 8EF2:BCS L8EF7 | 8EF5:BCC L8EFA | 8F00:BRSET L0075,#$80,L8F33 | 8F0A:BCS L8F0F",,ram_state_or_intermediate,medium,requires downstream read/use analysis
8F12,L8F0F,,BSET,"L0075,#$80",bit_mutation,L0075,$0075,L0075,internal_ram,bit,#$80,,,direct,bit_set_mask,"8EE7:BEQ L8F38 | 8EEF:BCS L8F17 | 8EF2:BCS L8EF7 | 8EF5:BCC L8EFA | 8F00:BRSET L0075,#$80,L8F33 | 8F0A:BCS L8F0F",,mode_flag_or_safety_gate,medium,bit-level state mutation
8F24,L8F24,,STAA,L0294,store,L0294,$0294,L0294,internal_ram,8,,,,direct,A,"8EF5:BCC L8EFA | 8F00:BRSET L0075,#$80,L8F33 | 8F0A:BCS L8F0F | 8F15:BRA L8F33 | 8F1C:BCS L8F21 | 8F1F:BCC L8F24",,ram_state_or_intermediate,medium,requires downstream read/use analysis
8F27,L8F24,,BCLR,"L0075,#$40",bit_mutation,L0075,$0075,L0075,internal_ram,bit,#$40,,,direct,bit_clear_mask,"8EF5:BCC L8EFA | 8F00:BRSET L0075,#$80,L8F33 | 8F0A:BCS L8F0F | 8F15:BRA L8F33 | 8F1C:BCS L8F21 | 8F1F:BCC L8F24",,mode_flag_or_safety_gate,medium,bit-level state mutation
8F33,L8F33,,BCLR,"L0075,#$13",bit_mutation,L0075,$0075,L0075,internal_ram,bit,#$13,,,direct,bit_clear_mask,"8F0A:BCS L8F0F | 8F15:BRA L8F33 | 8F1C:BCS L8F21 | 8F1F:BCC L8F24 | 8F2A:BRCLR L0075,#$80,L8F38 | 8F31:BCC L8F38",,mode_flag_or_safety_gate,medium,bit-level state mutation
8F38,L8F38,,BCLR,"L0075,#$80",bit_mutation,L0075,$0075,L0075,internal_ram,bit,#$80,,,direct,bit_clear_mask,"8F15:BRA L8F33 | 8F1C:BCS L8F21 | 8F1F:BCC L8F24 | 8F2A:BRCLR L0075,#$80,L8F38 | 8F31:BCC L8F38 | 8F36:BRA L8F3B",,mode_flag_or_safety_gate,medium,bit-level state mutation
8F4D,L8F3B,,STAA,L0286,store,L0286,$0286,L0286,internal_ram,8,,,,direct,A,"8F2A:BRCLR L0075,#$80,L8F38 | 8F31:BCC L8F38 | 8F36:BRA L8F3B | 8F3B:BRCLR L0075,#$04,L8F56 | 8F43:BNE L8F50 | 8F4B:BHI L8F50",,ram_state_or_intermediate,medium,requires downstream read/use analysis
8F50,L8F50,,BSET,"L0075,#$01",bit_mutation,L0075,$0075,L0075,internal_ram,bit,#$01,,,direct,bit_set_mask,"8F2A:BRCLR L0075,#$80,L8F38 | 8F31:BCC L8F38 | 8F36:BRA L8F3B | 8F3B:BRCLR L0075,#$04,L8F56 | 8F43:BNE L8F50 | 8F4B:BHI L8F50",,mode_flag_or_safety_gate,medium,bit-level state mutation
8F53,L8F50,,BCLR,"L0075,#$12",bit_mutation,L0075,$0075,L0075,internal_ram,bit,#$12,,,direct,bit_clear_mask,"8F2A:BRCLR L0075,#$80,L8F38 | 8F31:BCC L8F38 | 8F36:BRA L8F3B | 8F3B:BRCLR L0075,#$04,L8F56 | 8F43:BNE L8F50 | 8F4B:BHI L8F50",,mode_flag_or_safety_gate,medium,bit-level state mutation
8F84,L8F84,,STD,L028A,store,L028A,$028A,L028A,internal_ram,16,,,,direct,D,"8F5C:JMP L9010 | 8F66:JSR LF499 | 8F6F:BRCLR L0075,#$01,L8F77 | 8F79:BCS L8F81 | 8F7C:BCS L8F81 | 8F7F:BCC L8F84",,ram_state_or_intermediate,medium,requires downstream read/use analysis
8F8F,L8F84,,STD,L028A,store,L028A,$028A,L028A,internal_ram,16,,,,direct,D,"8F66:JSR LF499 | 8F6F:BRCLR L0075,#$01,L8F77 | 8F79:BCS L8F81 | 8F7C:BCS L8F81 | 8F7F:BCC L8F84 | 8F8C:JSR LF550",,ram_state_or_intermediate,medium,requires downstream read/use analysis
8FA2,L8FA2,,STD,L0290,store,L0290,$0290,L0290,internal_ram,16,,,,direct,D,8F79:BCS L8F81 | 8F7C:BCS L8F81 | 8F7F:BCC L8F84 | 8F8C:JSR LF550 | 8F9A:BCS L8F9F | 8F9D:BCC L8FA2,,ram_state_or_intermediate,medium,requires downstream read/use analysis
8FA5,L8FA2,,CLR,L0292,clear,L0292,$0292,L0292,internal_ram,8,,,,direct,zero,8F79:BCS L8F81 | 8F7C:BCS L8F81 | 8F7F:BCC L8F84 | 8F8C:JSR LF550 | 8F9A:BCS L8F9F | 8F9D:BCC L8FA2,,ram_state_or_intermediate,medium,requires downstream read/use analysis
8FC2,L8FC2,,STAA,L0292,store,L0292,$0292,L0292,internal_ram,8,,,,direct,A,"8F9D:BCC L8FA2 | 8FA8:BRCLR L0075,#$80,L8FCC | 8FB4:BCS L8FBF | 8FB7:BCS L8FBF | 8FBA:BCS L8FBF | 8FBD:BCC L8FC2",,ram_state_or_intermediate,medium,requires downstream read/use analysis
8FC9,L8FC2,,STD,L0290,store,L0290,$0290,L0290,internal_ram,16,,,,direct,D,"8FA8:BRCLR L0075,#$80,L8FCC | 8FB4:BCS L8FBF | 8FB7:BCS L8FBF | 8FBA:BCS L8FBF | 8FBD:BCC L8FC2 | 8FC5:BRSET L0075,#$04,L8FCC",,ram_state_or_intermediate,medium,requires downstream read/use analysis
8FE5,L8FE5,,STD,L0286,store,L0286,$0286,L0286,internal_ram,16,,,,direct,D,"8FBD:BCC L8FC2 | 8FC5:BRSET L0075,#$04,L8FCC | 8FD0:BEQ L8FF8 | 8FD8:BCS L8FDF | 8FDD:BCC L8FE5 | 8FE2:JMP L9093",,ram_state_or_intermediate,medium,requires downstream read/use analysis
9003,L9003,,STD,L0286,store,L0286,$0286,L0286,internal_ram,16,,,,direct,D,8FDD:BCC L8FE5 | 8FE2:JMP L9093 | 8FEB:BCS L8FF2 | 8FF0:BCC L8FF5 | 8FF5:JMP L9097 | 8FFE:BCC L9003,,ram_state_or_intermediate,medium,requires downstream read/use analysis
9010,L9010,,CLR,L0292,clear,L0292,$0292,L0292,internal_ram,8,,,,direct,zero,8FEB:BCS L8FF2 | 8FF0:BCC L8FF5 | 8FF5:JMP L9097 | 8FFE:BCC L9003 | 9009:BCC L900D | 900D:JMP L9097,,ram_state_or_intermediate,medium,requires downstream read/use analysis
902D,L9022,,BSET,"L0075,#$02",bit_mutation,L0075,$0075,L0075,internal_ram,bit,#$02,,,direct,bit_set_mask,"900D:JMP L9097 | 9013:BRSET L0075,#$02,L903D | 901A:BMI L9061 | 901E:BLS L9022 | 9025:JSR LF4B6 | 902B:BCC L9061",,mode_flag_or_safety_gate,medium,bit-level state mutation
9047,L9047,,BSET,"L0075,#$10",bit_mutation,L0075,$0075,L0075,internal_ram,bit,#$10,,,direct,bit_set_mask,"9025:JSR LF4B6 | 902B:BCC L9061 | 9036:BLS L908B | 903B:BRA L908B | 903D:BRSET L0075,#$10,L9047 | 9045:BLT L9065",,mode_flag_or_safety_gate,medium,bit-level state mutation
9094,L9094,,STD,L0286,store,L0286,$0286,L0286,internal_ram,16,,,,direct,D,906C:BLS L9070 | 9071:JSR LF4C1 | 9079:BCS L907E | 907C:BCC L9081 | 9089:BCS L9090 | 908E:BCC L9093,,ram_state_or_intermediate,medium,requires downstream read/use analysis
90B7,L90B7,,STAA,L0299,store,L0299,$0299,L0299,internal_ram,8,,,,direct,A,"909B:BEQ L90B7 | 909D:BRSET L0075,#$40,L90AA | 90A4:BCC L90B7 | 90A8:BRA L90B7 | 90AD:BCS L90B4 | 90B2:BCC L90B7",,ram_state_or_intermediate,medium,requires downstream read/use analysis
90CF,L90CF,,BCLR,"L0075,#$13",bit_mutation,L0075,$0075,L0075,internal_ram,bit,#$13,,,direct,bit_clear_mask,"90AD:BCS L90B4 | 90B2:BCC L90B7 | 90BC:BEQ L90D2 | 90C1:BNE L90D2 | 90C3:BRCLR L0075,#$01,L90CF | 90CD:BCC L90D2",,mode_flag_or_safety_gate,medium,bit-level state mutation
90DC,L90DC,,STAB,L029A,store,L029A,$029A,L029A,internal_ram,8,,,,direct,B,"90B2:BCC L90B7 | 90BC:BEQ L90D2 | 90C1:BNE L90D2 | 90C3:BRCLR L0075,#$01,L90CF | 90CD:BCC L90D2 | 90D9:BCC L90DC",,ram_state_or_intermediate,medium,requires downstream read/use analysis
90F5,L90F5,,STD,L0295,store,L0295,$0295,L0295,internal_ram,16,,,,direct,D,"90C3:BRCLR L0075,#$01,L90CF | 90CD:BCC L90D2 | 90D9:BCC L90DC | 90E5:JSR LF4B6 | 90ED:BCS L90F2 | 90F0:BCC L90F5",,ram_state_or_intermediate,medium,requires downstream read/use analysis
9105,L90F5,,STD,L0297,store,L0297,$0297,L0297,internal_ram,16,,,,direct,D,90CD:BCC L90D2 | 90D9:BCC L90DC | 90E5:JSR LF4B6 | 90ED:BCS L90F2 | 90F0:BCC L90F5 | 90FE:JSR LF4B6,,ram_state_or_intermediate,medium,requires downstream read/use analysis
911A,L911A,,STD,L0288,store,L0288,$0288,L0288,internal_ram,16,,,,direct,D,90E5:JSR LF4B6 | 90ED:BCS L90F2 | 90F0:BCC L90F5 | 90FE:JSR LF4B6 | 9110:BCC L912B | 9115:BCC L911A,,ram_state_or_intermediate,medium,requires downstream read/use analysis
9135,L9135,,STD,L0288,store,L0288,$0288,L0288,internal_ram,16,,,,direct,D,9110:BCC L912B | 9115:BCC L911A | 9120:BCS L9127 | 9125:BCC L913E | 9129:BRA L913E | 9131:BCC L9135,,ram_state_or_intermediate,medium,requires downstream read/use analysis
9148,L913E,,STX,L0288,store,L0288,$0288,L0288,internal_ram,16,,,,direct,X,9120:BCS L9127 | 9125:BCC L913E | 9129:BRA L913E | 9131:BCC L9135 | 913B:BCC L9122 | 9143:BNE L914B,,ram_state_or_intermediate,medium,requires downstream read/use analysis
9163,L9161,,STD,L306C,store,L306C,$306C,L306C,hardware_register_region_30xx,16,,,,direct,D,"913B:BCC L9122 | 9143:BNE L914B | 914C:BRCLR L0051,#$10,L9153 | 9151:BRA L9161 | 9153:BRCLR L003B,#$10,L9161 | 915C:BEQ L9161",,hardware_or_asic_state,medium,mapped hardware/ASIC region
9169,L9167,,STAB,L303A,store,L303A,$303A,L303A,hardware_register_region_30xx,8,,,,direct,B,"913B:BCC L9122 | 9143:BNE L914B | 914C:BRCLR L0051,#$10,L9153 | 9151:BRA L9161 | 9153:BRCLR L003B,#$10,L9161 | 915C:BEQ L9161",,watchdog_cop_sink,high,COP/watchdog register candidate
9177,L9167,,BCLR,"L0052,#$20",bit_mutation,L0052,$0052,L0052,internal_ram,bit,#$20,,,direct,bit_clear_mask,"914C:BRCLR L0051,#$10,L9153 | 9151:BRA L9161 | 9153:BRCLR L003B,#$10,L9161 | 915C:BEQ L9161 | 9171:BNE L9185 | 9173:BRSET L004D,#$01,L917F",,mode_flag_or_safety_gate,medium,bit-level state mutation
917A,L9167,,BCLR,"L0041,#$10",bit_mutation,L0041,$0041,L0041,internal_ram,bit,#$10,,,direct,bit_clear_mask,"914C:BRCLR L0051,#$10,L9153 | 9151:BRA L9161 | 9153:BRCLR L003B,#$10,L9161 | 915C:BEQ L9161 | 9171:BNE L9185 | 9173:BRSET L004D,#$01,L917F",,mode_flag_or_safety_gate,medium,bit-level state mutation
917F,L917F,,BSET,"L0052,#$20",bit_mutation,L0052,$0052,L0052,internal_ram,bit,#$20,,,direct,bit_set_mask,"9151:BRA L9161 | 9153:BRCLR L003B,#$10,L9161 | 915C:BEQ L9161 | 9171:BNE L9185 | 9173:BRSET L004D,#$01,L917F | 917D:BRA L9185",,mode_flag_or_safety_gate,medium,bit-level state mutation
9182,L917F,,BSET,"L0041,#$10",bit_mutation,L0041,$0041,L0041,internal_ram,bit,#$10,,,direct,bit_set_mask,"9151:BRA L9161 | 9153:BRCLR L003B,#$10,L9161 | 915C:BEQ L9161 | 9171:BNE L9185 | 9173:BRSET L004D,#$01,L917F | 917D:BRA L9185",,mode_flag_or_safety_gate,medium,bit-level state mutation
9185,L9185,,BCLR,"L0041,#$20",bit_mutation,L0041,$0041,L0041,internal_ram,bit,#$20,,,direct,bit_clear_mask,"9151:BRA L9161 | 9153:BRCLR L003B,#$10,L9161 | 915C:BEQ L9161 | 9171:BNE L9185 | 9173:BRSET L004D,#$01,L917F | 917D:BRA L9185",,mode_flag_or_safety_gate,medium,bit-level state mutation
919F,L919F,,BSET,"L0041,#$20",bit_mutation,L0041,$0041,L0041,internal_ram,bit,#$20,,,direct,bit_set_mask,"9173:BRSET L004D,#$01,L917F | 917D:BRA L9185 | 918B:BRSET 0,X,#$40,L9199 | 9195:BNE L91A2 | 9197:BRA L919F | 919D:BNE L91A2",,mode_flag_or_safety_gate,medium,bit-level state mutation
91B8,L91B8,,BSET,"L003E,#$04",bit_mutation,L003E,$003E,L003E,internal_ram,bit,#$04,,,direct,bit_set_mask,"9197:BRA L919F | 919D:BNE L91A2 | 91A9:BLS L91AF | 91AD:BRA L91B8 | 91AF:BRSET L0044,#$10,L91BD | 91B6:BHI L91BD",,mode_flag_or_safety_gate,medium,bit-level state mutation
91BD,L91BD,,BCLR,"L003E,#$04",bit_mutation,L003E,$003E,L003E,internal_ram,bit,#$04,,,direct,bit_clear_mask,"919D:BNE L91A2 | 91A9:BLS L91AF | 91AD:BRA L91B8 | 91AF:BRSET L0044,#$10,L91BD | 91B6:BHI L91BD | 91BB:BRA L9200",,mode_flag_or_safety_gate,medium,bit-level state mutation
91E6,L91E6,,STAA,L0007,store,L0007,$0007,L0007,internal_ram,8,,,,direct,A,"91CC:BRCLR L0009,#$01,L91D4 | 91D0:BRSET L0002,#$03,L9200 | 91D4:BCC L91DF | 91D8:BRSET L000A,#$01,L9200 | 91DD:BRA L91E6 | 91E1:BRCLR L000A,#$01,L9200",,ram_state_or_intermediate,medium,requires downstream read/use analysis
9200,L9200,,STAB,L000A,store,L000A,$000A,L000A,internal_ram,8,,,,direct,B,"91E8:BRSET L000A,#$0C,L91F6 | 91EC:BRCLR L000A,#$0C,L91F6 | 91F2:BNE L91FA | 91F4:BRA L91FE | 91F8:BNE L91FE | 91FC:BRA L9200",,ram_state_or_intermediate,medium,requires downstream read/use analysis
920A,L9200,,STAA,L004C,store,L004C,$004C,L004C,internal_ram,8,,,,direct,A,"91E8:BRSET L000A,#$0C,L91F6 | 91EC:BRCLR L000A,#$0C,L91F6 | 91F2:BNE L91FA | 91F4:BRA L91FE | 91F8:BNE L91FE | 91FC:BRA L9200",,ram_state_or_intermediate,medium,requires downstream read/use analysis
920E,L920E,,BCLR,"L0037,#$18",bit_mutation,L0037,$0037,L0037,internal_ram,bit,#$18,,,direct,bit_clear_mask,"91E8:BRSET L000A,#$0C,L91F6 | 91EC:BRCLR L000A,#$0C,L91F6 | 91F2:BNE L91FA | 91F4:BRA L91FE | 91F8:BNE L91FE | 91FC:BRA L9200",,mode_flag_or_safety_gate,medium,bit-level state mutation
9215,L920E,,CLR,L088D,clear,L088D,$088D,L088D,absolute_memory_or_table,8,,,,direct,zero,"91EC:BRCLR L000A,#$0C,L91F6 | 91F2:BNE L91FA | 91F4:BRA L91FE | 91F8:BNE L91FE | 91FC:BRA L9200 | 9211:BRCLR L0037,#$04,L921B",,ram_state_or_intermediate,medium,requires downstream read/use analysis
9218,L920E,,BCLR,"L0037,#$04",bit_mutation,L0037,$0037,L0037,internal_ram,bit,#$04,,,direct,bit_clear_mask,"91EC:BRCLR L000A,#$0C,L91F6 | 91F2:BNE L91FA | 91F4:BRA L91FE | 91F8:BNE L91FE | 91FC:BRA L9200 | 9211:BRCLR L0037,#$04,L921B",,mode_flag_or_safety_gate,medium,bit-level state mutation
921F,L921B,,BSET,"L0036,#$40",bit_mutation,L0036,$0036,L0036,internal_ram,bit,#$40,,,direct,bit_set_mask,"91F2:BNE L91FA | 91F4:BRA L91FE | 91F8:BNE L91FE | 91FC:BRA L9200 | 9211:BRCLR L0037,#$04,L921B | 921B:BRSET L0036,#$40,L9222",,mode_flag_or_safety_gate,medium,bit-level state mutation
9222,L9222,,BSET,"L004B,#$80",bit_mutation,L004B,$004B,L004B,internal_ram,bit,#$80,,,direct,bit_set_mask,"91F2:BNE L91FA | 91F4:BRA L91FE | 91F8:BNE L91FE | 91FC:BRA L9200 | 9211:BRCLR L0037,#$04,L921B | 921B:BRSET L0036,#$40,L9222",,mode_flag_or_safety_gate,medium,bit-level state mutation
9230,L9226,,STAA,L02F6,store,L02F6,$02F6,L02F6,internal_ram,8,,,,direct,A,"91F4:BRA L91FE | 91F8:BNE L91FE | 91FC:BRA L9200 | 9211:BRCLR L0037,#$04,L921B | 921B:BRSET L0036,#$40,L9222 | 9226:BRSET L0037,#$04,L923C",,ram_state_or_intermediate,medium,requires downstream read/use analysis
9236,L9226,,STAA,L088D,store,L088D,$088D,L088D,absolute_memory_or_table,8,,,,direct,A,"91F4:BRA L91FE | 91F8:BNE L91FE | 91FC:BRA L9200 | 9211:BRCLR L0037,#$04,L921B | 921B:BRSET L0036,#$40,L9222 | 9226:BRSET L0037,#$04,L923C",,ram_state_or_intermediate,medium,requires downstream read/use analysis
9239,L9226,,BSET,"L0037,#$04",bit_mutation,L0037,$0037,L0037,internal_ram,bit,#$04,,,direct,bit_set_mask,"91F4:BRA L91FE | 91F8:BNE L91FE | 91FC:BRA L9200 | 9211:BRCLR L0037,#$04,L921B | 921B:BRSET L0036,#$40,L9222 | 9226:BRSET L0037,#$04,L923C",,mode_flag_or_safety_gate,medium,bit-level state mutation
923C,L923C,,BCLR,"L004B,#$80",bit_mutation,L004B,$004B,L004B,internal_ram,bit,#$80,,,direct,bit_clear_mask,"91F4:BRA L91FE | 91F8:BNE L91FE | 91FC:BRA L9200 | 9211:BRCLR L0037,#$04,L921B | 921B:BRSET L0036,#$40,L9222 | 9226:BRSET L0037,#$04,L923C",,mode_flag_or_safety_gate,medium,bit-level state mutation
9243,L9240,,BSET,"0,X,#$10",bit_mutation,"0,X",,"0,X",unknown,bit,#$10,$004C,$48F9,unresolved_indexed,bit_set_mask,"91F4:BRA L91FE | 91F8:BNE L91FE | 91FC:BRA L9200 | 9211:BRCLR L0037,#$04,L921B | 921B:BRSET L0036,#$40,L9222 | 9226:BRSET L0037,#$04,L923C",,mode_flag_or_safety_gate,medium,bit-level state mutation
9263,L925E,,STAA,L0885,store,L0885,$0885,L0885,absolute_memory_or_table,8,,,,direct,A,"921B:BRSET L0036,#$40,L9222 | 9226:BRSET L0037,#$04,L923C | 9247:BRSET L004D,#$80,L924E | 924C:BRA L924F | 9257:BEQ L925C | 925A:BRA L925D",,ram_state_or_intermediate,medium,requires downstream read/use analysis
926D,L925E,,STAA,L0007,store,L0007,$0007,L0007,internal_ram,8,,,,direct,A,"9226:BRSET L0037,#$04,L923C | 9247:BRSET L004D,#$80,L924E | 924C:BRA L924F | 9257:BEQ L925C | 925A:BRA L925D | 9266:BRCLR L0046,#$40,L9272",,ram_state_or_intermediate,medium,requires downstream read/use analysis
9294,L9294,,BSET,"L0037,#$04",bit_mutation,L0037,$0037,L0037,internal_ram,bit,#$04,,,direct,bit_set_mask,9276:JSR L92F1 | 9279:BRA L927E | 927B:JSR L93C5 | 9283:BEQ L929C | 928B:BLS L9294 | 9292:BCC L9299,,mode_flag_or_safety_gate,medium,bit-level state mutation
929E,L929C,,STAA,L0008,store,L0008,$0008,L0008,internal_ram,8,,,,direct,A,927B:JSR L93C5 | 9283:BEQ L929C | 928B:BLS L9294 | 9292:BCC L9299 | 9297:BRA L929C | 9299:JSR L920E,,ram_state_or_intermediate,medium,requires downstream read/use analysis
92AD,L92A4,,STAB,L02A7,store,L02A7,$02A7,L02A7,internal_ram,8,,,,direct,B,9283:BEQ L929C | 928B:BLS L9294 | 9292:BCC L9299 | 9297:BRA L929C | 9299:JSR L920E | 92A0:JSR L9240,,ram_state_or_intermediate,medium,requires downstream read/use analysis
92B0,L92A4,,STAB,L02A9,store,L02A9,$02A9,L02A9,internal_ram,8,,,,direct,B,9283:BEQ L929C | 928B:BLS L9294 | 9292:BCC L9299 | 9297:BRA L929C | 9299:JSR L920E | 92A0:JSR L9240,,ram_state_or_intermediate,medium,requires downstream read/use analysis
92C4,L92C4,,STAB,L02AA,store,L02AA,$02AA,L02AA,internal_ram,8,,,,direct,B,9299:JSR L920E | 92A0:JSR L9240 | 92B4:BCS L92BD | 92B9:BCS L92C2 | 92BB:BRA L92C4 | 92C0:BCC L92C4,,ram_state_or_intermediate,medium,requires downstream read/use analysis
92C7,L92C4,,STAB,L02AC,store,L02AC,$02AC,L02AC,internal_ram,8,,,,direct,B,9299:JSR L920E | 92A0:JSR L9240 | 92B4:BCS L92BD | 92B9:BCS L92C2 | 92BB:BRA L92C4 | 92C0:BCC L92C4,,ram_state_or_intermediate,medium,requires downstream read/use analysis
92CD,L92C4,,STAB,L029D,store,L029D,$029D,L029D,internal_ram,8,,,,direct,B,9299:JSR L920E | 92A0:JSR L9240 | 92B4:BCS L92BD | 92B9:BCS L92C2 | 92BB:BRA L92C4 | 92C0:BCC L92C4,,ram_state_or_intermediate,medium,requires downstream read/use analysis
92D0,L92C4,,STAB,L029F,store,L029F,$029F,L029F,internal_ram,8,,,,direct,B,9299:JSR L920E | 92A0:JSR L9240 | 92B4:BCS L92BD | 92B9:BCS L92C2 | 92BB:BRA L92C4 | 92C0:BCC L92C4,,ram_state_or_intermediate,medium,requires downstream read/use analysis
92E4,L92E4,,STAB,L02A0,store,L02A0,$02A0,L02A0,internal_ram,8,,,,direct,B,92BB:BRA L92C4 | 92C0:BCC L92C4 | 92D4:BCS L92DD | 92D9:BCS L92E2 | 92DB:BRA L92E4 | 92E0:BCC L92E4,,ram_state_or_intermediate,medium,requires downstream read/use analysis
92E7,L92E4,,STAB,L02A2,store,L02A2,$02A2,L02A2,internal_ram,8,,,,direct,B,92BB:BRA L92C4 | 92C0:BCC L92C4 | 92D4:BCS L92DD | 92D9:BCS L92E2 | 92DB:BRA L92E4 | 92E0:BCC L92E4,,ram_state_or_intermediate,medium,requires downstream read/use analysis
92ED,L92E4,,STAA,L02B1,store,L02B1,$02B1,L02B1,internal_ram,8,,,,direct,A,92BB:BRA L92C4 | 92C0:BCC L92C4 | 92D4:BCS L92DD | 92D9:BCS L92E2 | 92DB:BRA L92E4 | 92E0:BCC L92E4,,ram_state_or_intermediate,medium,requires downstream read/use analysis
9301,L9301,,STAA,L02A9,store,L02A9,$02A9,L02A9,internal_ram,8,,,,direct,A,"92D4:BCS L92DD | 92D9:BCS L92E2 | 92DB:BRA L92E4 | 92E0:BCC L92E4 | 92F1:BRCLR L0009,#$10,L930F | 92FC:BCC L9301",,ram_state_or_intermediate,medium,requires downstream read/use analysis
9309,L9301,,STD,L02A7,store,L02A7,$02A7,L02A7,internal_ram,16,,,,direct,D,"92D9:BCS L92E2 | 92DB:BRA L92E4 | 92E0:BCC L92E4 | 92F1:BRCLR L0009,#$10,L930F | 92FC:BCC L9301 | 9307:BLS L930C",,ram_state_or_intermediate,medium,requires downstream read/use analysis
930C,L930C,,BCLR,"L0009,#$10",bit_mutation,L0009,$0009,L0009,internal_ram,bit,#$10,,,direct,bit_clear_mask,"92D9:BCS L92E2 | 92DB:BRA L92E4 | 92E0:BCC L92E4 | 92F1:BRCLR L0009,#$10,L930F | 92FC:BCC L9301 | 9307:BLS L930C",,mode_flag_or_safety_gate,medium,bit-level state mutation
931F,L931F,,STAA,L02AC,store,L02AC,$02AC,L02AC,internal_ram,8,,,,direct,A,"92E0:BCC L92E4 | 92F1:BRCLR L0009,#$10,L930F | 92FC:BCC L9301 | 9307:BLS L930C | 930F:BRCLR L0009,#$20,L932D | 931A:BCC L931F",,ram_state_or_intermediate,medium,requires downstream read/use analysis
9327,L931F,,STD,L02AA,store,L02AA,$02AA,L02AA,internal_ram,16,,,,direct,D,"92F1:BRCLR L0009,#$10,L930F | 92FC:BCC L9301 | 9307:BLS L930C | 930F:BRCLR L0009,#$20,L932D | 931A:BCC L931F | 9325:BLS L932A",,ram_state_or_intermediate,medium,requires downstream read/use analysis
932A,L932A,,BCLR,"L0009,#$20",bit_mutation,L0009,$0009,L0009,internal_ram,bit,#$20,,,direct,bit_clear_mask,"92F1:BRCLR L0009,#$10,L930F | 92FC:BCC L9301 | 9307:BLS L930C | 930F:BRCLR L0009,#$20,L932D | 931A:BCC L931F | 9325:BLS L932A",,mode_flag_or_safety_gate,medium,bit-level state mutation
9337,L932D,,STAA,L029D,store,L029D,$029D,L029D,internal_ram,8,,,,direct,A,"92FC:BCC L9301 | 9307:BLS L930C | 930F:BRCLR L0009,#$20,L932D | 931A:BCC L931F | 9325:BLS L932A | 9332:BEQ L9340",,ram_state_or_intermediate,medium,requires downstream read/use analysis
933D,L932D,,STAA,L02A7,store,L02A7,$02A7,L02A7,internal_ram,8,,,,direct,A,"92FC:BCC L9301 | 9307:BLS L930C | 930F:BRCLR L0009,#$20,L932D | 931A:BCC L931F | 9325:BLS L932A | 9332:BEQ L9340",,ram_state_or_intermediate,medium,requires downstream read/use analysis
9361,L935F,,STAB,L02A1,store,L02A1,$02A1,L02A1,internal_ram,8,,,,direct,B,9332:BEQ L9340 | 9345:BEQ L93B1 | 9351:BCS L935A | 9356:BCS L935F | 9358:BRA L9364 | 935D:BCC L9364,,ram_state_or_intermediate,medium,requires downstream read/use analysis
9364,L9364,,STAB,L02A0,store,L02A0,$02A0,L02A0,internal_ram,8,,,,direct,B,9332:BEQ L9340 | 9345:BEQ L93B1 | 9351:BCS L935A | 9356:BCS L935F | 9358:BRA L9364 | 935D:BCC L9364,,ram_state_or_intermediate,medium,requires downstream read/use analysis
937B,L937B,,STAB,L02A2,store,L02A2,$02A2,L02A2,internal_ram,8,,,,direct,B,9358:BRA L9364 | 935D:BCC L9364 | 936B:BCS L9374 | 9370:BCS L9379 | 9372:BRA L937B | 9377:BCC L937B,,ram_state_or_intermediate,medium,requires downstream read/use analysis
9392,L9390,,STAB,L02AB,store,L02AB,$02AB,L02AB,internal_ram,8,,,,direct,B,9372:BRA L937B | 9377:BCC L937B | 9382:BCS L938B | 9387:BCS L9390 | 9389:BRA L9395 | 938E:BCC L9395,,ram_state_or_intermediate,medium,requires downstream read/use analysis
9395,L9395,,STAB,L02AA,store,L02AA,$02AA,L02AA,internal_ram,8,,,,direct,B,9372:BRA L937B | 9377:BCC L937B | 9382:BCS L938B | 9387:BCS L9390 | 9389:BRA L9395 | 938E:BCC L9395,,ram_state_or_intermediate,medium,requires downstream read/use analysis
93AC,L93AC,,STAB,L02AC,store,L02AC,$02AC,L02AC,internal_ram,8,,,,direct,B,9389:BRA L9395 | 938E:BCC L9395 | 939C:BCS L93A5 | 93A1:BCS L93AA | 93A3:BRA L93AC | 93A8:BCC L93AC,,ram_state_or_intermediate,medium,requires downstream read/use analysis
93BB,L93B1,,STAA,L02A0,store,L02A0,$02A0,L02A0,internal_ram,8,,,,direct,A,939C:BCS L93A5 | 93A1:BCS L93AA | 93A3:BRA L93AC | 93A8:BCC L93AC | 93AF:BRA L93C4 | 93B6:BEQ L93C4,,ram_state_or_intermediate,medium,requires downstream read/use analysis
93C1,L93B1,,STAA,L02AA,store,L02AA,$02AA,L02AA,internal_ram,8,,,,direct,A,939C:BCS L93A5 | 93A1:BCS L93AA | 93A3:BRA L93AC | 93A8:BCC L93AC | 93AF:BRA L93C4 | 93B6:BEQ L93C4,,ram_state_or_intermediate,medium,requires downstream read/use analysis
93CD,L93C5,,STAA,L000A,store,L000A,$000A,L000A,internal_ram,8,,,,direct,A,"93A1:BCS L93AA | 93A3:BRA L93AC | 93A8:BCC L93AC | 93AF:BRA L93C4 | 93B6:BEQ L93C4 | 93C5:BRSET L0009,#$01,L93CF",,ram_state_or_intermediate,medium,requires downstream read/use analysis
93D7,L93D7,,BCLR,"L0038,#$40",bit_mutation,L0038,$0038,L0038,internal_ram,bit,#$40,,,direct,bit_clear_mask,"93A8:BCC L93AC | 93AF:BRA L93C4 | 93B6:BEQ L93C4 | 93C5:BRSET L0009,#$01,L93CF | 93D0:BRCLR L0086,#$40,L93D7 | 93D4:JSR L1803",,mode_flag_or_safety_gate,medium,bit-level state mutation
93E5,L93E1,,CLR,L0008,clear,L0008,$0008,L0008,internal_ram,8,,,,direct,zero,"93C5:BRSET L0009,#$01,L93CF | 93D0:BRCLR L0086,#$40,L93D7 | 93D4:JSR L1803 | 93DA:BRCLR L003B,#$10,L93E1 | 93DE:JSR LA407 | 93E1:BRCLR L0009,#$01,L93F9",,ram_state_or_intermediate,medium,requires downstream read/use analysis
93F0,L93F0,,BCLR,"L0009,#$01",bit_mutation,L0009,$0009,L0009,internal_ram,bit,#$01,,,direct,bit_clear_mask,"93D4:JSR L1803 | 93DA:BRCLR L003B,#$10,L93E1 | 93DE:JSR LA407 | 93E1:BRCLR L0009,#$01,L93F9 | 93EB:BEQ L93F0 | 93ED:JMP L989B",,mode_flag_or_safety_gate,medium,bit-level state mutation
93F3,L93F0,,BSET,"L0009,#$04",bit_mutation,L0009,$0009,L0009,internal_ram,bit,#$04,,,direct,bit_set_mask,"93D4:JSR L1803 | 93DA:BRCLR L003B,#$10,L93E1 | 93DE:JSR LA407 | 93E1:BRCLR L0009,#$01,L93F9 | 93EB:BEQ L93F0 | 93ED:JMP L989B",,mode_flag_or_safety_gate,medium,bit-level state mutation
941A,L9411,,STAA,L0866,store,L0866,$0866,L0866,absolute_memory_or_table,8,,,,direct,A,"93FD:BRCLR L0009,#$04,L9407 | 9404:JMP L9899 | 9407:JMP LA3FA | 940A:BRCLR L004F,#$80,L9411 | 940E:JMP L9537 | 9417:JSR LF4C1",,ram_state_or_intermediate,medium,requires downstream read/use analysis
9426,L9411,,STAA,L0867,store,L0867,$0867,L0867,absolute_memory_or_table,8,,,,direct,A,"9404:JMP L9899 | 9407:JMP LA3FA | 940A:BRCLR L004F,#$80,L9411 | 940E:JMP L9537 | 9417:JSR LF4C1 | 9423:JSR LF4C1",,ram_state_or_intermediate,medium,requires downstream read/use analysis
942C,L9411,,STAA,L086B,store,L086B,$086B,L086B,absolute_memory_or_table,8,,,,direct,A,"9404:JMP L9899 | 9407:JMP LA3FA | 940A:BRCLR L004F,#$80,L9411 | 940E:JMP L9537 | 9417:JSR LF4C1 | 9423:JSR LF4C1",,ram_state_or_intermediate,medium,requires downstream read/use analysis
9432,L9411,,STAA,L086C,store,L086C,$086C,L086C,absolute_memory_or_table,8,,,,direct,A,"9404:JMP L9899 | 9407:JMP LA3FA | 940A:BRCLR L004F,#$80,L9411 | 940E:JMP L9537 | 9417:JSR LF4C1 | 9423:JSR LF4C1",,ram_state_or_intermediate,medium,requires downstream read/use analysis
945B,L944F,,STAA,L085C,store,L085C,$085C,L085C,absolute_memory_or_table,8,,,,direct,A,9417:JSR LF4C1 | 9423:JSR LF4C1 | 943A:BLS L9441 | 944A:BEQ L944F | 944F:JSR LF4C1 | 9458:JSR LF4C1,,ram_state_or_intermediate,medium,requires downstream read/use analysis
9470,L946E,,STAA,L0857,store,L0857,$0857,L0857,absolute_memory_or_table,8,,,,direct,A,943A:BLS L9441 | 944A:BEQ L944F | 944F:JSR LF4C1 | 9458:JSR LF4C1 | 9463:BNE L946E | 946A:BCC L946E,,ram_state_or_intermediate,medium,requires downstream read/use analysis
9476,L946E,,STAA,L085D,store,L085D,$085D,L085D,absolute_memory_or_table,8,,,,direct,A,943A:BLS L9441 | 944A:BEQ L944F | 944F:JSR LF4C1 | 9458:JSR LF4C1 | 9463:BNE L946E | 946A:BCC L946E,,ram_state_or_intermediate,medium,requires downstream read/use analysis
947C,L946E,,STAA,L085E,store,L085E,$085E,L085E,absolute_memory_or_table,8,,,,direct,A,943A:BLS L9441 | 944A:BEQ L944F | 944F:JSR LF4C1 | 9458:JSR LF4C1 | 9463:BNE L946E | 946A:BCC L946E,,ram_state_or_intermediate,medium,requires downstream read/use analysis
9480,L946E,,STAA,L086D,store,L086D,$086D,L086D,absolute_memory_or_table,8,,,,direct,A,943A:BLS L9441 | 944A:BEQ L944F | 944F:JSR LF4C1 | 9458:JSR LF4C1 | 9463:BNE L946E | 946A:BCC L946E,,ram_state_or_intermediate,medium,requires downstream read/use analysis
9483,L946E,,STAA,L0879,store,L0879,$0879,L0879,absolute_memory_or_table,8,,,,direct,A,943A:BLS L9441 | 944A:BEQ L944F | 944F:JSR LF4C1 | 9458:JSR LF4C1 | 9463:BNE L946E | 946A:BCC L946E,,ram_state_or_intermediate,medium,requires downstream read/use analysis
9486,L946E,,STAA,L087A,store,L087A,$087A,L087A,absolute_memory_or_table,8,,,,direct,A,943A:BLS L9441 | 944A:BEQ L944F | 944F:JSR LF4C1 | 9458:JSR LF4C1 | 9463:BNE L946E | 946A:BCC L946E,,ram_state_or_intermediate,medium,requires downstream read/use analysis
9489,L946E,,STAA,L0876,store,L0876,$0876,L0876,absolute_memory_or_table,8,,,,direct,A,943A:BLS L9441 | 944A:BEQ L944F | 944F:JSR LF4C1 | 9458:JSR LF4C1 | 9463:BNE L946E | 946A:BCC L946E,,ram_state_or_intermediate,medium,requires downstream read/use analysis
948C,L946E,,STAA,L0877,store,L0877,$0877,L0877,absolute_memory_or_table,8,,,,direct,A,943A:BLS L9441 | 944A:BEQ L944F | 944F:JSR LF4C1 | 9458:JSR LF4C1 | 9463:BNE L946E | 946A:BCC L946E,,ram_state_or_intermediate,medium,requires downstream read/use analysis
948F,L946E,,STAA,L0887,store,L0887,$0887,L0887,absolute_memory_or_table,8,,,,direct,A,943A:BLS L9441 | 944A:BEQ L944F | 944F:JSR LF4C1 | 9458:JSR LF4C1 | 9463:BNE L946E | 946A:BCC L946E,,ram_state_or_intermediate,medium,requires downstream read/use analysis
9492,L946E,,STAA,L087B,store,L087B,$087B,L087B,absolute_memory_or_table,8,,,,direct,A,943A:BLS L9441 | 944A:BEQ L944F | 944F:JSR LF4C1 | 9458:JSR LF4C1 | 9463:BNE L946E | 946A:BCC L946E,,ram_state_or_intermediate,medium,requires downstream read/use analysis
9495,L946E,,STAA,L0864,store,L0864,$0864,L0864,absolute_memory_or_table,8,,,,direct,A,943A:BLS L9441 | 944A:BEQ L944F | 944F:JSR LF4C1 | 9458:JSR LF4C1 | 9463:BNE L946E | 946A:BCC L946E,,ram_state_or_intermediate,medium,requires downstream read/use analysis
949A,L946E,,STAA,L086E,store,L086E,$086E,L086E,absolute_memory_or_table,8,,,,direct,A,943A:BLS L9441 | 944A:BEQ L944F | 944F:JSR LF4C1 | 9458:JSR LF4C1 | 9463:BNE L946E | 946A:BCC L946E,,ram_state_or_intermediate,medium,requires downstream read/use analysis
949D,L946E,,BCLR,"L0036,#$BD",bit_mutation,L0036,$0036,L0036,internal_ram,bit,#$BD,,,direct,bit_clear_mask,943A:BLS L9441 | 944A:BEQ L944F | 944F:JSR LF4C1 | 9458:JSR LF4C1 | 9463:BNE L946E | 946A:BCC L946E,,mode_flag_or_safety_gate,medium,bit-level state mutation
94A0,L946E,,BCLR,"L0037,#$9B",bit_mutation,L0037,$0037,L0037,internal_ram,bit,#$9B,,,direct,bit_clear_mask,943A:BLS L9441 | 944A:BEQ L944F | 944F:JSR LF4C1 | 9458:JSR LF4C1 | 9463:BNE L946E | 946A:BCC L946E,,mode_flag_or_safety_gate,medium,bit-level state mutation
94A3,L946E,,BCLR,"L0038,#$0F",bit_mutation,L0038,$0038,L0038,internal_ram,bit,#$0F,,,direct,bit_clear_mask,943A:BLS L9441 | 944A:BEQ L944F | 944F:JSR LF4C1 | 9458:JSR LF4C1 | 9463:BNE L946E | 946A:BCC L946E,,mode_flag_or_safety_gate,medium,bit-level state mutation
94A6,L946E,,BCLR,"L0038,#$70",bit_mutation,L0038,$0038,L0038,internal_ram,bit,#$70,,,direct,bit_clear_mask,943A:BLS L9441 | 944A:BEQ L944F | 944F:JSR LF4C1 | 9458:JSR LF4C1 | 9463:BNE L946E | 946A:BCC L946E,,mode_flag_or_safety_gate,medium,bit-level state mutation
94A9,L946E,,BCLR,"L0039,#$C7",bit_mutation,L0039,$0039,L0039,internal_ram,bit,#$C7,,,direct,bit_clear_mask,943A:BLS L9441 | 944A:BEQ L944F | 944F:JSR LF4C1 | 9458:JSR LF4C1 | 9463:BNE L946E | 946A:BCC L946E,,mode_flag_or_safety_gate,medium,bit-level state mutation
94AF,L946E,,STAA,L0859,store,L0859,$0859,L0859,absolute_memory_or_table,8,,,,direct,A,943A:BLS L9441 | 944A:BEQ L944F | 944F:JSR LF4C1 | 9458:JSR LF4C1 | 9463:BNE L946E | 946A:BCC L946E,,ram_state_or_intermediate,medium,requires downstream read/use analysis
94B2,L946E,,BCLR,"L0009,#$02",bit_mutation,L0009,$0009,L0009,internal_ram,bit,#$02,,,direct,bit_clear_mask,943A:BLS L9441 | 944A:BEQ L944F | 944F:JSR LF4C1 | 9458:JSR LF4C1 | 9463:BNE L946E | 946A:BCC L946E,,mode_flag_or_safety_gate,medium,bit-level state mutation
94BF,L946E,,STD,L02AD,store,L02AD,$02AD,L02AD,internal_ram,16,,,,direct,D,944A:BEQ L944F | 944F:JSR LF4C1 | 9458:JSR LF4C1 | 9463:BNE L946E | 946A:BCC L946E | 94BB:JSR LF4C1,,ram_state_or_intermediate,medium,requires downstream read/use analysis
94C2,L946E,,STD,L02AF,store,L02AF,$02AF,L02AF,internal_ram,16,,,,direct,D,944A:BEQ L944F | 944F:JSR LF4C1 | 9458:JSR LF4C1 | 9463:BNE L946E | 946A:BCC L946E | 94BB:JSR LF4C1,,ram_state_or_intermediate,medium,requires downstream read/use analysis
94CF,L946E,,STD,L02A3,store,L02A3,$02A3,L02A3,internal_ram,16,,,,direct,D,944F:JSR LF4C1 | 9458:JSR LF4C1 | 9463:BNE L946E | 946A:BCC L946E | 94BB:JSR LF4C1 | 94CB:JSR LF4C1,,ram_state_or_intermediate,medium,requires downstream read/use analysis
94D2,L946E,,STD,L02A5,store,L02A5,$02A5,L02A5,internal_ram,16,,,,direct,D,944F:JSR LF4C1 | 9458:JSR LF4C1 | 9463:BNE L946E | 946A:BCC L946E | 94BB:JSR LF4C1 | 94CB:JSR LF4C1,,ram_state_or_intermediate,medium,requires downstream read/use analysis
94DE,L946E,,STAA,L0875,store,L0875,$0875,L0875,absolute_memory_or_table,8,,,,direct,A,9458:JSR LF4C1 | 9463:BNE L946E | 946A:BCC L946E | 94BB:JSR LF4C1 | 94CB:JSR LF4C1 | 94DB:JSR LF4C1,,ram_state_or_intermediate,medium,requires downstream read/use analysis
950B,L950B,,STD,L0862,store,L0862,$0862,L0862,absolute_memory_or_table,16,,,,direct,D,94EB:BNE L94F2 | 94F0:BRA L9508 | 94F5:BRA L9503 | 94F9:BNE L9500 | 94FE:BRA L9508 | 9506:BRA L950B,,ram_state_or_intermediate,medium,requires downstream read/use analysis
950E,L950B,,STX,L0871,store,L0871,$0871,L0871,absolute_memory_or_table,16,,,,direct,X,94EB:BNE L94F2 | 94F0:BRA L9508 | 94F5:BRA L9503 | 94F9:BNE L9500 | 94FE:BRA L9508 | 9506:BRA L950B,,ram_state_or_intermediate,medium,requires downstream read/use analysis
9514,L950B,,STX,L087D,store,L087D,$087D,L087D,absolute_memory_or_table,16,,,,direct,X,94EB:BNE L94F2 | 94F0:BRA L9508 | 94F5:BRA L9503 | 94F9:BNE L9500 | 94FE:BRA L9508 | 9506:BRA L950B,,ram_state_or_intermediate,medium,requires downstream read/use analysis
954F,L954F,,BSET,"L0036,#$02",bit_mutation,L0036,$0036,L0036,internal_ram,bit,#$02,,,direct,bit_set_mask,"9534:JMP L9899 | 953F:BEQ L9547 | 9541:BRSET L0041,#$20,L9571 | 9545:BRA L954F | 9547:BRSET L00A2,#$40,L9571 | 954B:BRSET L00A2,#$10,L9571",,mode_flag_or_safety_gate,medium,bit-level state mutation
9571,L9571,,BCLR,"L0036,#$02",bit_mutation,L0036,$0036,L0036,internal_ram,bit,#$02,,,direct,bit_clear_mask,"9545:BRA L954F | 9547:BRSET L00A2,#$40,L9571 | 954B:BRSET L00A2,#$10,L9571 | 9554:BNE L95A1 | 9567:BCC L9591 | 956F:BRA L9591",,mode_flag_or_safety_gate,medium,bit-level state mutation
9591,L9591,,STAB,L087A,store,L087A,$087A,L087A,absolute_memory_or_table,8,,,,direct,B,"954B:BRSET L00A2,#$10,L9571 | 9554:BNE L95A1 | 9567:BCC L9591 | 956F:BRA L9591 | 9576:BEQ L95A1 | 9589:BCC L9591",,ram_state_or_intermediate,medium,requires downstream read/use analysis
9596,L9591,,STAB,L0879,store,L0879,$0879,L0879,absolute_memory_or_table,8,,,,direct,B,"954B:BRSET L00A2,#$10,L9571 | 9554:BNE L95A1 | 9567:BCC L9591 | 956F:BRA L9591 | 9576:BEQ L95A1 | 9589:BCC L9591",,ram_state_or_intermediate,medium,requires downstream read/use analysis
959E,L9591,,STAA,L0864,store,L0864,$0864,L0864,absolute_memory_or_table,8,,,,direct,A,9554:BNE L95A1 | 9567:BCC L9591 | 956F:BRA L9591 | 9576:BEQ L95A1 | 9589:BCC L9591 | 959C:BLS L95A1,,ram_state_or_intermediate,medium,requires downstream read/use analysis
95B9,L95B3,,BCLR,"L0036,#$01",bit_mutation,L0036,$0036,L0036,internal_ram,bit,#$01,,,direct,bit_clear_mask,"9576:BEQ L95A1 | 9589:BCC L9591 | 959C:BLS L95A1 | 95A1:BRSET L0036,#$02,L95AD | 95AB:BRA L95B3 | 95B5:BRSET L0052,#$20,L95E2",,mode_flag_or_safety_gate,medium,bit-level state mutation
95E2,L95E2,,BSET,"L0036,#$01",bit_mutation,L0036,$0036,L0036,internal_ram,bit,#$01,,,direct,bit_set_mask,"95B5:BRSET L0052,#$20,L95E2 | 95BE:BEQ L962C | 95C3:BNE L962C | 95CC:BCC L95D1 | 95D4:BLS L95D9 | 95E0:BRA L961C",,mode_flag_or_safety_gate,medium,bit-level state mutation
95EC,L95E2,,STAB,L0878,store,L0878,$0878,L0878,absolute_memory_or_table,8,,,,direct,B,95BE:BEQ L962C | 95C3:BNE L962C | 95CC:BCC L95D1 | 95D4:BLS L95D9 | 95E0:BRA L961C | 95E7:BNE L962C,,ram_state_or_intermediate,medium,requires downstream read/use analysis
961C,L961C,,STAA,L0876,store,L0876,$0876,L0876,absolute_memory_or_table,8,,,,direct,A,95E7:BNE L962C | 95F4:BEQ L9601 | 95FC:JSR LF4A4 | 95FF:BRA L9615 | 9608:BCC L960D | 9610:BLS L9615,,ram_state_or_intermediate,medium,requires downstream read/use analysis
961F,L961C,,STAB,L0877,store,L0877,$0877,L0877,absolute_memory_or_table,8,,,,direct,B,95E7:BNE L962C | 95F4:BEQ L9601 | 95FC:JSR LF4A4 | 95FF:BRA L9615 | 9608:BCC L960D | 9610:BLS L9615,,ram_state_or_intermediate,medium,requires downstream read/use analysis
9629,L961C,,STAA,L0864,store,L0864,$0864,L0864,absolute_memory_or_table,8,,,,direct,A,95F4:BEQ L9601 | 95FC:JSR LF4A4 | 95FF:BRA L9615 | 9608:BCC L960D | 9610:BLS L9615 | 9627:BLS L962C,,ram_state_or_intermediate,medium,requires downstream read/use analysis
9648,L9637,,STX,L029D,store,L029D,$029D,L029D,internal_ram,16,,,,direct,X,"9627:BLS L962C | 9632:BNE L9637 | 9635:BRA L969E | 963B:BNE L9659 | 963F:BNE L964D | 9641:BRCLR L0038,#$01,L9673",,ram_state_or_intermediate,medium,requires downstream read/use analysis
9654,L964D,,STX,L02A0,store,L02A0,$02A0,L02A0,internal_ram,16,,,,direct,X,"9635:BRA L969E | 963B:BNE L9659 | 963F:BNE L964D | 9641:BRCLR L0038,#$01,L9673 | 964B:BRA L9673 | 964D:BRCLR L0038,#$02,L9673",,ram_state_or_intermediate,medium,requires downstream read/use analysis
9664,L9659,,STX,L02A7,store,L02A7,$02A7,L02A7,internal_ram,16,,,,direct,X,"9641:BRCLR L0038,#$01,L9673 | 964B:BRA L9673 | 964D:BRCLR L0038,#$02,L9673 | 9657:BRA L9673 | 965B:BNE L9669 | 965D:BRCLR L0038,#$04,L9673",,ram_state_or_intermediate,medium,requires downstream read/use analysis
9670,L9669,,STX,L02AA,store,L02AA,$02AA,L02AA,internal_ram,16,,,,direct,X,"964D:BRCLR L0038,#$02,L9673 | 9657:BRA L9673 | 965B:BNE L9669 | 965D:BRCLR L0038,#$04,L9673 | 9667:BRA L9673 | 9669:BRCLR L0038,#$08,L9673",,ram_state_or_intermediate,medium,requires downstream read/use analysis
968D,L9673,,STD,L02A3,store,L02A3,$02A3,L02A3,internal_ram,16,,,,direct,D,"9667:BRA L9673 | 9669:BRCLR L0038,#$08,L9673 | 9674:BRCLR L0038,#$10,L969B | 967E:BEQ L9698 | 9684:BEQ L969B | 9686:BRSET L0036,#$02,L9692",,ram_state_or_intermediate,medium,requires downstream read/use analysis
9695,L9692,,STD,L02AD,store,L02AD,$02AD,L02AD,internal_ram,16,,,,direct,D,"9669:BRCLR L0038,#$08,L9673 | 9674:BRCLR L0038,#$10,L969B | 967E:BEQ L9698 | 9684:BEQ L969B | 9686:BRSET L0036,#$02,L9692 | 9690:BRA L9698",,ram_state_or_intermediate,medium,requires downstream read/use analysis
9698,L9698,,BCLR,"L0038,#$10",bit_mutation,L0038,$0038,L0038,internal_ram,bit,#$10,,,direct,bit_clear_mask,"9669:BRCLR L0038,#$08,L9673 | 9674:BRCLR L0038,#$10,L969B | 967E:BEQ L9698 | 9684:BEQ L969B | 9686:BRSET L0036,#$02,L9692 | 9690:BRA L9698",,mode_flag_or_safety_gate,medium,bit-level state mutation
969B,L969B,,BCLR,"L0038,#$0F",bit_mutation,L0038,$0038,L0038,internal_ram,bit,#$0F,,,direct,bit_clear_mask,"9669:BRCLR L0038,#$08,L9673 | 9674:BRCLR L0038,#$10,L969B | 967E:BEQ L9698 | 9684:BEQ L969B | 9686:BRSET L0036,#$02,L9692 | 9690:BRA L9698",,mode_flag_or_safety_gate,medium,bit-level state mutation
96AA,L969E,,BSET,"L0036,#$20",bit_mutation,L0036,$0036,L0036,internal_ram,bit,#$20,,,direct,bit_set_mask,"9684:BEQ L969B | 9686:BRSET L0036,#$02,L9692 | 9690:BRA L9698 | 96A3:BEQ L96C2 | 96A5:JSR L9247 | 96A8:BCC L96BF",,mode_flag_or_safety_gate,medium,bit-level state mutation
96B0,L969E,,STAA,L087B,store,L087B,$087B,L087B,absolute_memory_or_table,8,,,,direct,A,"9684:BEQ L969B | 9686:BRSET L0036,#$02,L9692 | 9690:BRA L9698 | 96A3:BEQ L96C2 | 96A5:JSR L9247 | 96A8:BCC L96BF",,ram_state_or_intermediate,medium,requires downstream read/use analysis
96B6,L969E,,STAA,L087C,store,L087C,$087C,L087C,absolute_memory_or_table,8,,,,direct,A,"9684:BEQ L969B | 9686:BRSET L0036,#$02,L9692 | 9690:BRA L9698 | 96A3:BEQ L96C2 | 96A5:JSR L9247 | 96A8:BCC L96BF",,ram_state_or_intermediate,medium,requires downstream read/use analysis
96BC,L969E,,STAA,L0864,store,L0864,$0864,L0864,absolute_memory_or_table,8,,,,direct,A,"9684:BEQ L969B | 9686:BRSET L0036,#$02,L9692 | 9690:BRA L9698 | 96A3:BEQ L96C2 | 96A5:JSR L9247 | 96A8:BCC L96BF",,ram_state_or_intermediate,medium,requires downstream read/use analysis
96BF,L96BF,,BCLR,"L0036,#$20",bit_mutation,L0036,$0036,L0036,internal_ram,bit,#$20,,,direct,bit_clear_mask,"9684:BEQ L969B | 9686:BRSET L0036,#$02,L9692 | 9690:BRA L9698 | 96A3:BEQ L96C2 | 96A5:JSR L9247 | 96A8:BCC L96BF",,mode_flag_or_safety_gate,medium,bit-level state mutation
96C7,L96C2,,STAA,L0879,store,L0879,$0879,L0879,absolute_memory_or_table,8,,,,direct,A,"9686:BRSET L0036,#$02,L9692 | 9690:BRA L9698 | 96A3:BEQ L96C2 | 96A5:JSR L9247 | 96A8:BCC L96BF | 96C5:BNE L96CC",,ram_state_or_intermediate,medium,requires downstream read/use analysis
96CD,L96CC,,STAA,L087A,store,L087A,$087A,L087A,absolute_memory_or_table,8,,,,direct,A,9690:BRA L9698 | 96A3:BEQ L96C2 | 96A5:JSR L9247 | 96A8:BCC L96BF | 96C5:BNE L96CC | 96CA:BRA L96D0,,ram_state_or_intermediate,medium,requires downstream read/use analysis
96D6,L96D0,,STAA,L0877,store,L0877,$0877,L0877,absolute_memory_or_table,8,,,,direct,A,96A3:BEQ L96C2 | 96A5:JSR L9247 | 96A8:BCC L96BF | 96C5:BNE L96CC | 96CA:BRA L96D0 | 96D3:BEQ L96D9,,ram_state_or_intermediate,medium,requires downstream read/use analysis
96DE,L96D9,,BCLR,"L0036,#$10",bit_mutation,L0036,$0036,L0036,internal_ram,bit,#$10,,,direct,bit_clear_mask,96A5:JSR L9247 | 96A8:BCC L96BF | 96C5:BNE L96CC | 96CA:BRA L96D0 | 96D3:BEQ L96D9 | 96DC:BNE L96E3,,mode_flag_or_safety_gate,medium,bit-level state mutation
96E4,L96E3,,STAA,L0869,store,L0869,$0869,L0869,absolute_memory_or_table,8,,,,direct,A,96A8:BCC L96BF | 96C5:BNE L96CC | 96CA:BRA L96D0 | 96D3:BEQ L96D9 | 96DC:BNE L96E3 | 96E1:BRA L96E7,,ram_state_or_intermediate,medium,requires downstream read/use analysis
96ED,L96E7,,STAA,L0884,store,L0884,$0884,L0884,absolute_memory_or_table,8,,,,direct,A,96C5:BNE L96CC | 96CA:BRA L96D0 | 96D3:BEQ L96D9 | 96DC:BNE L96E3 | 96E1:BRA L96E7 | 96EA:BEQ L96F0,,ram_state_or_intermediate,medium,requires downstream read/use analysis
96F5,L96F0,,BSET,"L0036,#$80",bit_mutation,L0036,$0036,L0036,internal_ram,bit,#$80,,,direct,bit_set_mask,96C5:BNE L96CC | 96CA:BRA L96D0 | 96D3:BEQ L96D9 | 96DC:BNE L96E3 | 96E1:BRA L96E7 | 96EA:BEQ L96F0,,mode_flag_or_safety_gate,medium,bit-level state mutation
96FB,L96F0,,BCLR,"L0036,#$80",bit_mutation,L0036,$0036,L0036,internal_ram,bit,#$80,,,direct,bit_clear_mask,96CA:BRA L96D0 | 96D3:BEQ L96D9 | 96DC:BNE L96E3 | 96E1:BRA L96E7 | 96EA:BEQ L96F0 | 96F8:BCC L96FE,,mode_flag_or_safety_gate,medium,bit-level state mutation
96FE,L96FE,,STAA,L0858,store,L0858,$0858,L0858,absolute_memory_or_table,8,,,,direct,A,96CA:BRA L96D0 | 96D3:BEQ L96D9 | 96DC:BNE L96E3 | 96E1:BRA L96E7 | 96EA:BEQ L96F0 | 96F8:BCC L96FE,,ram_state_or_intermediate,medium,requires downstream read/use analysis
9746,L9746,,STD,L0859,store,L0859,$0859,L0859,absolute_memory_or_table,16,,,,direct,D,971F:BCC L9724 | 972C:BLS L9736 | 9731:BCC L9736 | 9737:BEQ L973D | 973B:BRA L9746 | 9743:JSR LF459,,ram_state_or_intermediate,medium,requires downstream read/use analysis
97B9,L97B6,,STD,L087D,store,L087D,$087D,L087D,absolute_memory_or_table,16,,,,direct,D,"9797:BEQ L97AE | 9799:BRCLR L0036,#$01,L97A7 | 97A0:BCC L97AE | 97A5:BRA L97AE | 97AA:BCC L97AE | 97B1:BCC L97B6",,ram_state_or_intermediate,medium,requires downstream read/use analysis
97E3,L97E3,,STAA,L087F,store,L087F,$087F,L087F,absolute_memory_or_table,8,,,,direct,A,97CB:BCS L97D2 | 97D0:BCC L97D5 | 97D3:BRA L97E3 | 97D6:BCS L97DB | 97D9:BCC L97DD | 97E0:JSR LF4B6,,ram_state_or_intermediate,medium,requires downstream read/use analysis
9806,L97F3,,BCLR,"L0038,#$20",bit_mutation,L0038,$0038,L0038,internal_ram,bit,#$20,,,direct,bit_clear_mask,"97E0:JSR LF4B6 | 97EC:BCC L97F3 | 97F1:BRA L9830 | 97F3:BRCLR L0046,#$08,L981A | 97FE:JSR LF4C1 | 9804:BCS L980B",,mode_flag_or_safety_gate,medium,bit-level state mutation
980B,L980B,,BSET,"L0038,#$20",bit_mutation,L0038,$0038,L0038,internal_ram,bit,#$20,,,direct,bit_set_mask,"97EC:BCC L97F3 | 97F1:BRA L9830 | 97F3:BRCLR L0046,#$08,L981A | 97FE:JSR LF4C1 | 9804:BCS L980B | 9809:BRA L980F",,mode_flag_or_safety_gate,medium,bit-level state mutation
980F,L980F,,STAA,L0887,store,L0887,$0887,L0887,absolute_memory_or_table,8,,,,direct,A,"97EC:BCC L97F3 | 97F1:BRA L9830 | 97F3:BRCLR L0046,#$08,L981A | 97FE:JSR LF4C1 | 9804:BCS L980B | 9809:BRA L980F",,ram_state_or_intermediate,medium,requires downstream read/use analysis
9815,L980F,,STAA,L0888,store,L0888,$0888,L0888,absolute_memory_or_table,8,,,,direct,A,"97EC:BCC L97F3 | 97F1:BRA L9830 | 97F3:BRCLR L0046,#$08,L981A | 97FE:JSR LF4C1 | 9804:BCS L980B | 9809:BRA L980F",,ram_state_or_intermediate,medium,requires downstream read/use analysis
983D,L983D,,STD,L0889,store,L0889,$0889,L0889,absolute_memory_or_table,16,,,,direct,D,"981A:BRSET L0038,#$20,L9828 | 9821:BCC L9830 | 9826:BRA L9830 | 982B:BCC L9830 | 9830:BRCLR L003D,#$20,L983D | 9838:BLS L983D",,ram_state_or_intermediate,medium,requires downstream read/use analysis
9865,L9855,,BSET,"L0037,#$08",bit_mutation,L0037,$0037,L0037,internal_ram,bit,#$08,,,direct,bit_set_mask,"9846:JSR LF4A4 | 984C:JSR LF550 | 9850:BCC L9855 | 9858:BRCLR 0,X,#$04,L9880 | 985C:BRCLR L0037,#$04,L986C | 9863:BCC L986C",,mode_flag_or_safety_gate,medium,bit-level state mutation
9880,L9880,,STD,L088B,store,L088B,$088B,L088B,absolute_memory_or_table,16,,,,direct,D,"9858:BRCLR 0,X,#$04,L9880 | 985C:BRCLR L0037,#$04,L986C | 9863:BCC L986C | 986A:BRA L9880 | 9873:JSR LF550 | 987B:BCC L9880",,ram_state_or_intermediate,medium,requires downstream read/use analysis
9899,L9899,,STAA,L0008,store,L0008,$0008,L0008,internal_ram,8,,,,direct,A,"9858:BRCLR 0,X,#$04,L9880 | 985C:BRCLR L0037,#$04,L986C | 9863:BCC L986C | 986A:BRA L9880 | 9873:JSR LF550 | 987B:BCC L9880",,ram_state_or_intermediate,medium,requires downstream read/use analysis
990A,L990A,,CLR,L085B,clear,L085B,$085B,L085B,absolute_memory_or_table,8,,,,direct,zero,98D2:BLS L98E3 | 98DB:BCS L98E0 | 98ED:BCS L98F2 | 98F9:BCS L990A | 9901:BCC L990A | 9908:BHI L990F,,ram_state_or_intermediate,medium,requires downstream read/use analysis
991D,L991D,,INC,L085B,read_modify_write,L085B,$085B,L085B,absolute_memory_or_table,8,,,,direct,target_plus_1,"9901:BCC L990A | 9908:BHI L990F | 990D:BRA L993D | 9915:BCC L9922 | 9917:BRCLR L0002,#$F0,L991D | 991B:BRA L993D",,ram_state_or_intermediate,medium,requires downstream read/use analysis
9959,L9959,,STAA,L085F,store,L085F,$085F,L085F,absolute_memory_or_table,8,,,,direct,A,"9929:BRCLR L0036,#$01,L993C | 9930:BRA L993C | 9935:BRCLR L0036,#$01,L993C | 9941:BEQ L994E | 9943:BRSET L0036,#$02,L994E | 9953:BCC L9959",,ram_state_or_intermediate,medium,requires downstream read/use analysis
999F,L999F,,STAA,L0860,store,L0860,$0860,L0860,absolute_memory_or_table,8,,,,direct,A,9980:BNE L9998 | 9986:BRA L999F | 998B:BHI L9990 | 998E:BRA L99A8 | 9996:BEQ L999B | 9999:BRA L999F,,ram_state_or_intermediate,medium,requires downstream read/use analysis
99A5,L999F,,STAB,L0861,store,L0861,$0861,L0861,absolute_memory_or_table,8,,,,direct,B,9980:BNE L9998 | 9986:BRA L999F | 998B:BHI L9990 | 998E:BRA L99A8 | 9996:BEQ L999B | 9999:BRA L999F,,ram_state_or_intermediate,medium,requires downstream read/use analysis
99A8,L99A8,,STAA,L0857,store,L0857,$0857,L0857,absolute_memory_or_table,8,,,,direct,A,9980:BNE L9998 | 9986:BRA L999F | 998B:BHI L9990 | 998E:BRA L99A8 | 9996:BEQ L999B | 9999:BRA L999F,,ram_state_or_intermediate,medium,requires downstream read/use analysis
99C1,L99C1,,STAA,L0868,store,L0868,$0868,L0868,absolute_memory_or_table,8,,,,direct,A,998B:BHI L9990 | 998E:BRA L99A8 | 9996:BEQ L999B | 9999:BRA L999F | 99B8:BEQ L99BE | 99BC:BRA L99C1,,ram_state_or_intermediate,medium,requires downstream read/use analysis
99EA,L99D7,,BSET,"L0039,#$80",bit_mutation,L0039,$0039,L0039,internal_ram,bit,#$80,,,direct,bit_set_mask,"9999:BRA L999F | 99B8:BEQ L99BE | 99BC:BRA L99C1 | 99C8:BRSET L0036,#$02,L99CF | 99D1:BRSET L0036,#$01,L99D7 | 99E8:BCS L99EF",,mode_flag_or_safety_gate,medium,bit-level state mutation
99EF,L99EF,,BCLR,"L0039,#$80",bit_mutation,L0039,$0039,L0039,internal_ram,bit,#$80,,,direct,bit_clear_mask,"99B8:BEQ L99BE | 99BC:BRA L99C1 | 99C8:BRSET L0036,#$02,L99CF | 99D1:BRSET L0036,#$01,L99D7 | 99E8:BCS L99EF | 99ED:BRA L99FA",,mode_flag_or_safety_gate,medium,bit-level state mutation
99FD,L99FA,,STAB,L0864,store,L0864,$0864,L0864,absolute_memory_or_table,8,,,,direct,B,"99BC:BRA L99C1 | 99C8:BRSET L0036,#$02,L99CF | 99D1:BRSET L0036,#$01,L99D7 | 99E8:BCS L99EF | 99ED:BRA L99FA | 99F8:BCS L9A05",,ram_state_or_intermediate,medium,requires downstream read/use analysis
9A00,L99FA,,BCLR,"L0036,#$04",bit_mutation,L0036,$0036,L0036,internal_ram,bit,#$04,,,direct,bit_clear_mask,"99BC:BRA L99C1 | 99C8:BRSET L0036,#$02,L99CF | 99D1:BRSET L0036,#$01,L99D7 | 99E8:BCS L99EF | 99ED:BRA L99FA | 99F8:BCS L9A05",,mode_flag_or_safety_gate,medium,bit-level state mutation
9A05,L9A05,,BSET,"L0036,#$04",bit_mutation,L0036,$0036,L0036,internal_ram,bit,#$04,,,direct,bit_set_mask,"99C8:BRSET L0036,#$02,L99CF | 99D1:BRSET L0036,#$01,L99D7 | 99E8:BCS L99EF | 99ED:BRA L99FA | 99F8:BCS L9A05 | 9A03:BRA L9A2D",,mode_flag_or_safety_gate,medium,bit-level state mutation
9A16,L9A05,,STAA,L0864,store,L0864,$0864,L0864,absolute_memory_or_table,8,,,,direct,A,99E8:BCS L99EF | 99ED:BRA L99FA | 99F8:BCS L9A05 | 9A03:BRA L9A2D | 9A0E:BHI L9A2D | 9A13:BEQ L9A1B,,ram_state_or_intermediate,medium,requires downstream read/use analysis
9A58,L9A58,,BCLR,"L0036,#$08",bit_mutation,L0036,$0036,L0036,internal_ram,bit,#$08,,,direct,bit_clear_mask,"9A3C:BRSET L0036,#$04,L9A47 | 9A45:BNE L9A58 | 9A47:BRSET L003E,#$04,L9A58 | 9A4B:BRCLR L0037,#$04,L9A5E | 9A52:BNE L9A5E | 9A54:BRCLR L0036,#$80,L9A5E",,mode_flag_or_safety_gate,medium,bit-level state mutation
9A5E,L9A5E,,BSET,"L0036,#$08",bit_mutation,L0036,$0036,L0036,internal_ram,bit,#$08,,,direct,bit_set_mask,"9A45:BNE L9A58 | 9A47:BRSET L003E,#$04,L9A58 | 9A4B:BRCLR L0037,#$04,L9A5E | 9A52:BNE L9A5E | 9A54:BRCLR L0036,#$80,L9A5E | 9A5B:JMP L9C06",,mode_flag_or_safety_gate,medium,bit-level state mutation
9A74,L9A6D,,BSET,"L0036,#$10",bit_mutation,L0036,$0036,L0036,internal_ram,bit,#$10,,,direct,bit_set_mask,"9A54:BRCLR L0036,#$80,L9A5E | 9A5B:JMP L9C06 | 9A61:BRCLR L0036,#$10,L9A6D | 9A65:BRCLR L0036,#$80,L9A9F | 9A6B:BRA L9A8D | 9A72:BLS L9A9F",,mode_flag_or_safety_gate,medium,bit-level state mutation
9A8D,L9A8D,,STAB,L0869,store,L0869,$0869,L0869,absolute_memory_or_table,8,,,,direct,B,"9A5B:JMP L9C06 | 9A61:BRCLR L0036,#$10,L9A6D | 9A65:BRCLR L0036,#$80,L9A9F | 9A6B:BRA L9A8D | 9A72:BLS L9A9F | 9A86:BRCLR L0036,#$02,L9A8D",,ram_state_or_intermediate,medium,requires downstream read/use analysis
9A99,L9A99,,STD,"4,Y",store,"4,Y",,"4,Y",unknown,16,,$5051,$48F9,unresolved_indexed,D,"9A61:BRCLR L0036,#$10,L9A6D | 9A65:BRCLR L0036,#$80,L9A9F | 9A6B:BRA L9A8D | 9A72:BLS L9A9F | 9A86:BRCLR L0036,#$02,L9A8D | 9A94:BCC L9A99",,ram_state_or_intermediate,medium,requires downstream read/use analysis
9AE1,L9AD9,,STD,"0,Y",store,"0,Y",,"0,Y",unknown,16,,$4F9D,$48F9,unresolved_indexed,D,"9ABA:BRA L9ABE | 9ABF:BRSET L0036,#$80,L9ACF | 9AC6:BRSET L0036,#$02,L9AD9 | 9ACD:BRA L9AD9 | 9AD2:BRSET L0036,#$02,L9AD9 | 9AD9:JSR LF4C1",,ram_state_or_intermediate,medium,requires downstream read/use analysis
9B06,L9AF9,,BCLR,"L0009,#$04",bit_mutation,L0009,$0009,L0009,internal_ram,bit,#$04,,,direct,bit_clear_mask,"9AE4:BRSET L0036,#$80,L9B4E | 9AED:BLS L9B16 | 9AF2:BRCLR L0036,#$01,L9AF9 | 9AFC:BCC L9B16 | 9AFE:BRSET L003B,#$10,L9B16 | 9B02:BRSET L0050,#$10,L9B16",,mode_flag_or_safety_gate,medium,bit-level state mutation
9B10,L9AF9,,DEC,L0007,read_modify_write,L0007,$0007,L0007,internal_ram,8,,,,direct,target_minus_1,"9AED:BLS L9B16 | 9AF2:BRCLR L0036,#$01,L9AF9 | 9AFC:BCC L9B16 | 9AFE:BRSET L003B,#$10,L9B16 | 9B02:BRSET L0050,#$10,L9B16 | 9B0E:BCC L9B13",,ram_state_or_intermediate,medium,requires downstream read/use analysis
9B3B,L9B3B,,STD,"$0002,Y",store,"$0002,Y",$48FB,L48FB,absolute_memory_or_table,16,,$4F9D,$48F9,resolved_indexed,D,"9B13:JMP L9C06 | 9B1D:BEQ L9B7C | 9B21:BRCLR L0036,#$01,L9B27 | 9B2A:BHI L9B40 | 9B31:BCC L9B40 | 9B36:BCC L9B3B",,ram_state_or_intermediate,medium,requires downstream read/use analysis
9B61,L9B61,,STAA,L087B,store,L087B,$087B,L087B,absolute_memory_or_table,8,,,,direct,A,9B46:BCC L9B4B | 9B4B:JMP L9BDA | 9B51:BEQ L9B66 | 9B56:BCC L9B5B | 9B59:BRA L9B61 | 9B5E:BNE L9B61,,ram_state_or_intermediate,medium,requires downstream read/use analysis
9B79,L9B79,,STAA,L086B,store,L086B,$086B,L086B,absolute_memory_or_table,8,,,,direct,A,9B5E:BNE L9B61 | 9B64:BRA L9B7C | 9B69:BEQ L9B7F | 9B6E:BCC L9B73 | 9B71:BRA L9B79 | 9B76:BNE L9B79,,ram_state_or_intermediate,medium,requires downstream read/use analysis
9BAC,L9BAC,,STD,"2,Y",store,"2,Y",,"2,Y",unknown,16,,$4F9D,$48F9,unresolved_indexed,D,"9B85:BCC L9B8A | 9B8A:BRSET L0016,#$10,L9BB1 | 9B93:BEQ L9BB1 | 9B98:BRSET L0036,#$01,L9B9E | 9BA0:BCC L9BDA | 9BA8:BCC L9BAC",,ram_state_or_intermediate,medium,requires downstream read/use analysis
9BCC,L9BB1,,BCLR,"L0009,#$04",bit_mutation,L0009,$0009,L0009,internal_ram,bit,#$04,,,direct,bit_clear_mask,"9BAF:BRA L9C06 | 9BB5:BNE L9BDA | 9BB7:BRSET L0009,#$40,L9BDA | 9BC2:BLS L9BD9 | 9BC4:BRSET L003B,#$10,L9BD9 | 9BC8:BRSET L0050,#$10,L9BD9",,mode_flag_or_safety_gate,medium,bit-level state mutation
9BD6,L9BB1,,INC,L0007,read_modify_write,L0007,$0007,L0007,internal_ram,8,,,,direct,target_plus_1,"9BB5:BNE L9BDA | 9BB7:BRSET L0009,#$40,L9BDA | 9BC2:BLS L9BD9 | 9BC4:BRSET L003B,#$10,L9BD9 | 9BC8:BRSET L0050,#$10,L9BD9 | 9BD4:BCC L9BD9",,ram_state_or_intermediate,medium,requires downstream read/use analysis
9BF9,L9BF9,,STD,"4,Y",store,"4,Y",,"4,Y",unknown,16,,$4F9D,$48F9,unresolved_indexed,D,"9BD4:BCC L9BD9 | 9BDA:BRCLR L0016,#$10,L9BF9 | 9BE2:BRSET L0036,#$02,L9BE9 | 9BE9:BRCLR L0036,#$01,L9BF0 | 9BF1:BCS L9BF6 | 9BF4:BRA L9BF9",,ram_state_or_intermediate,medium,requires downstream read/use analysis
9C00,L9BF9,,STD,"3,X",store,"3,X",,"3,X",unknown,16,,$4F9D,$48F9,unresolved_indexed,D,"9BDA:BRCLR L0016,#$10,L9BF9 | 9BE2:BRSET L0036,#$02,L9BE9 | 9BE9:BRCLR L0036,#$01,L9BF0 | 9BF1:BCS L9BF6 | 9BF4:BRA L9BF9 | 9BFC:BRCLR L0036,#$01,L9C04",,ram_state_or_intermediate,medium,requires downstream read/use analysis
9C04,L9C04,,STD,"0,X",store,"0,X",,"0,X",unknown,16,,$4F9D,$48F9,unresolved_indexed,D,"9BE2:BRSET L0036,#$02,L9BE9 | 9BE9:BRCLR L0036,#$01,L9BF0 | 9BF1:BCS L9BF6 | 9BF4:BRA L9BF9 | 9BFC:BRCLR L0036,#$01,L9C04 | 9C02:BRA L9C06",,ram_state_or_intermediate,medium,requires downstream read/use analysis
9C09,L9C06,,STD,"6,X",store,"6,X",,"6,X",unknown,16,,$4F9D,$48F9,unresolved_indexed,D,"9BE2:BRSET L0036,#$02,L9BE9 | 9BE9:BRCLR L0036,#$01,L9BF0 | 9BF1:BCS L9BF6 | 9BF4:BRA L9BF9 | 9BFC:BRCLR L0036,#$01,L9C04 | 9C02:BRA L9C06",,ram_state_or_intermediate,medium,requires downstream read/use analysis
9C0B,L9C06,,STD,L0871,store,L0871,$0871,L0871,absolute_memory_or_table,16,,,,direct,D,"9BE2:BRSET L0036,#$02,L9BE9 | 9BE9:BRCLR L0036,#$01,L9BF0 | 9BF1:BCS L9BF6 | 9BF4:BRA L9BF9 | 9BFC:BRCLR L0036,#$01,L9C04 | 9C02:BRA L9C06",,ram_state_or_intermediate,medium,requires downstream read/use analysis
9C10,L9C06,,STD,L0873,store,L0873,$0873,L0873,absolute_memory_or_table,16,,,,direct,D,"9BE2:BRSET L0036,#$02,L9BE9 | 9BE9:BRCLR L0036,#$01,L9BF0 | 9BF1:BCS L9BF6 | 9BF4:BRA L9BF9 | 9BFC:BRCLR L0036,#$01,L9C04 | 9C02:BRA L9C06",,ram_state_or_intermediate,medium,requires downstream read/use analysis
9C16,L9C06,,STD,L0862,store,L0862,$0862,L0862,absolute_memory_or_table,16,,,,direct,D,"9BE2:BRSET L0036,#$02,L9BE9 | 9BE9:BRCLR L0036,#$01,L9BF0 | 9BF1:BCS L9BF6 | 9BF4:BRA L9BF9 | 9BFC:BRCLR L0036,#$01,L9C04 | 9C02:BRA L9C06",,ram_state_or_intermediate,medium,requires downstream read/use analysis
9C55,L9C43,,BSET,"L0037,#$40",bit_mutation,L0037,$0037,L0037,internal_ram,bit,#$40,,,direct,bit_set_mask,"9C2E:BRA L9C70 | 9C31:BRCLR L0036,#$01,L9C37 | 9C37:BRCLR L0036,#$08,L9C3D | 9C3D:BRCLR L0036,#$80,L9C43 | 9C49:BRCLR L0036,#$80,L9C70 | 9C53:BCS L9C5A",,mode_flag_or_safety_gate,medium,bit-level state mutation
9C5F,L9C5A,,BCLR,"L0037,#$40",bit_mutation,L0037,$0037,L0037,internal_ram,bit,#$40,,,direct,bit_clear_mask,"9C37:BRCLR L0036,#$08,L9C3D | 9C3D:BRCLR L0036,#$80,L9C43 | 9C49:BRCLR L0036,#$80,L9C70 | 9C53:BCS L9C5A | 9C58:BRA L9C68 | 9C5D:BCC L9C64",,mode_flag_or_safety_gate,medium,bit-level state mutation
9C92,L9C8F,,STAA,L086D,store,L086D,$086D,L086D,absolute_memory_or_table,8,,,,direct,A,9C79:BRA L9C8F | 9C7E:BLS L9C84 | 9C82:BRA L9C8F | 9C87:BLS L9C8D | 9C8B:BRA L9C8F | 9C8F:JSR LF4C1,,ram_state_or_intermediate,medium,requires downstream read/use analysis
9CE5,L9CE5,,STD,L086E,store,L086E,$086E,L086E,absolute_memory_or_table,16,,,,direct,D,"9CCE:BRCLR L0036,#$80,L9CDF | 9CD2:BRA L9CE5 | 9CD4:BCS L9CDA | 9CD6:BRCLR L0036,#$80,L9CE5 | 9CDD:BRA L9CE2 | 9CE2:JSR LF459",,ram_state_or_intermediate,medium,requires downstream read/use analysis
9CED,L9CE5,,BCLR,"L0037,#$80",bit_mutation,L0037,$0037,L0037,internal_ram,bit,#$80,,,direct,bit_clear_mask,"9CD2:BRA L9CE5 | 9CD4:BCS L9CDA | 9CD6:BRCLR L0036,#$80,L9CE5 | 9CDD:BRA L9CE2 | 9CE2:JSR LF459 | 9CEA:BCC L9CF2",,mode_flag_or_safety_gate,medium,bit-level state mutation
9CF2,L9CF2,,BSET,"L0037,#$80",bit_mutation,L0037,$0037,L0037,internal_ram,bit,#$80,,,direct,bit_set_mask,"9CD4:BCS L9CDA | 9CD6:BRCLR L0036,#$80,L9CE5 | 9CDD:BRA L9CE2 | 9CE2:JSR LF459 | 9CEA:BCC L9CF2 | 9CF0:BRA L9CF5",,mode_flag_or_safety_gate,medium,bit-level state mutation
9CF9,L9CF5,,STAA,L0870,store,L0870,$0870,L0870,absolute_memory_or_table,8,,,,direct,A,"9CD4:BCS L9CDA | 9CD6:BRCLR L0036,#$80,L9CE5 | 9CDD:BRA L9CE2 | 9CE2:JSR LF459 | 9CEA:BCC L9CF2 | 9CF0:BRA L9CF5",,ram_state_or_intermediate,medium,requires downstream read/use analysis
9D25,L9D1E,,STAA,L0884,store,L0884,$0884,L0884,absolute_memory_or_table,8,,,,direct,A,"9D01:BCS L9D06 | 9D04:BCC L9D08 | 9D0B:BLS L9D33 | 9D10:BRCLR L0036,#$02,L9D2C | 9D1A:BLS L9D1E | 9D22:JSR LF4C1",,ram_state_or_intermediate,medium,requires downstream read/use analysis
9D8A,L9D8A,,BSET,"L0037,#$01",bit_mutation,L0037,$0037,L0037,internal_ram,bit,#$01,,,direct,bit_set_mask,"9D6B:JSR LF459 | 9D70:BRSET L0037,#$01,L9D8D | 9D7A:BCS L9D8A | 9D7F:BCC L9D8A | 9D86:BHI L9D8A | 9D88:BRA L9D8D",,mode_flag_or_safety_gate,medium,bit-level state mutation
9DA5,L9D8D,,BSET,"L0039,#$40",bit_mutation,L0039,$0039,L0039,internal_ram,bit,#$40,,,direct,bit_set_mask,"9D88:BRA L9D8D | 9D8D:BRSET L0039,#$80,L9DCF | 9D94:BNE L9DCF | 9D96:BRSET L0036,#$04,L9DCF | 9D9A:BRCLR L0046,#$08,L9DAA | 9DA3:BNE L9DAA",,mode_flag_or_safety_gate,medium,bit-level state mutation
9DCB,L9DC5,,STD,"0,X",store,"0,X",,"0,X",unknown,16,,$508A,$48F9,unresolved_indexed,D,"9DA8:BRA L9DEC | 9DB0:JSR LF4C1 | 9DB4:BRSET L0037,#$01,L9DC5 | 9DBD:BCS L9DC2 | 9DC0:BCC L9DC5 | 9DC9:BLS L9DDB",,ram_state_or_intermediate,medium,requires downstream read/use analysis
9DD6,L9DCF,,BCLR,"L0037,#$02",bit_mutation,L0037,$0037,L0037,internal_ram,bit,#$02,,,direct,bit_clear_mask,"9DB4:BRSET L0037,#$01,L9DC5 | 9DBD:BCS L9DC2 | 9DC0:BCC L9DC5 | 9DC9:BLS L9DDB | 9DCD:BRA L9DDB | 9DD1:BRSET L0036,#$04,L9DE9",,mode_flag_or_safety_gate,medium,bit-level state mutation
9DE3,L9DDB,,BSET,"L0037,#$02",bit_mutation,L0037,$0037,L0037,internal_ram,bit,#$02,,,direct,bit_set_mask,"9DC0:BCC L9DC5 | 9DC9:BLS L9DDB | 9DCD:BRA L9DDB | 9DD1:BRSET L0036,#$04,L9DE9 | 9DD9:BRA L9DE9 | 9DE1:BCS L9DE8",,mode_flag_or_safety_gate,medium,bit-level state mutation
9DE9,L9DE9,,STAB,L0886,store,L0886,$0886,L0886,absolute_memory_or_table,8,,,,direct,B,"9DC9:BLS L9DDB | 9DCD:BRA L9DDB | 9DD1:BRSET L0036,#$04,L9DE9 | 9DD9:BRA L9DE9 | 9DE1:BCS L9DE8 | 9DE6:BRA L9DEC",,ram_state_or_intermediate,medium,requires downstream read/use analysis
9DEE,L9DEC,,STAA,L0882,store,L0882,$0882,L0882,absolute_memory_or_table,8,,,,direct,A,"9DC9:BLS L9DDB | 9DCD:BRA L9DDB | 9DD1:BRSET L0036,#$04,L9DE9 | 9DD9:BRA L9DE9 | 9DE1:BCS L9DE8 | 9DE6:BRA L9DEC",,ram_state_or_intermediate,medium,requires downstream read/use analysis
9DF8,L9DF8,,STAB,L0883,store,L0883,$0883,L0883,absolute_memory_or_table,8,,,,direct,B,"9DD1:BRSET L0036,#$04,L9DE9 | 9DD9:BRA L9DE9 | 9DE1:BCS L9DE8 | 9DE6:BRA L9DEC | 9DF1:BNE L9DF8 | 9DF5:BCC L9DF8",,ram_state_or_intermediate,medium,requires downstream read/use analysis
9E85,L9E7D,,BCLR,"L0039,#$40",bit_mutation,L0039,$0039,L0039,internal_ram,bit,#$40,,,direct,bit_clear_mask,"9E65:BRCLR L0039,#$80,L9E7D | 9E6F:BCC L9E75 | 9E78:BCS L9E98 | 9E7B:BRA L9E95 | 9E7D:BRSET L0046,#$08,L9E8A | 9E81:BRCLR L0039,#$40,L9E8A",,mode_flag_or_safety_gate,medium,bit-level state mutation
9E95,L9E95,,STD,L0880,store,L0880,$0880,L0880,absolute_memory_or_table,16,,,,direct,D,"9E7B:BRA L9E95 | 9E7D:BRSET L0046,#$08,L9E8A | 9E81:BRCLR L0039,#$40,L9E8A | 9E88:BRA L9E95 | 9E8D:BEQ L9E95 | 9E93:BCC L9E98",,ram_state_or_intermediate,medium,requires downstream read/use analysis
9EB8,L9EA0,,STD,L02A3,store,L02A3,$02A3,L02A3,internal_ram,16,,,,direct,D,"9E99:BRSET L004F,#$80,L9EA0 | 9E9D:JMP LA29A | 9EA0:JSR L989C | 9EA3:BRSET L0009,#$02,L9ECA | 9EAD:BLS L9ECA | 9EB5:JSR LF550",,ram_state_or_intermediate,medium,requires downstream read/use analysis
9EC4,L9EA0,,STD,L02AD,store,L02AD,$02AD,L02AD,internal_ram,16,,,,direct,D,"9E9D:JMP LA29A | 9EA0:JSR L989C | 9EA3:BRSET L0009,#$02,L9ECA | 9EAD:BLS L9ECA | 9EB5:JSR LF550 | 9EC1:JSR LF550",,ram_state_or_intermediate,medium,requires downstream read/use analysis
9EC7,L9EA0,,BSET,"L0009,#$02",bit_mutation,L0009,$0009,L0009,internal_ram,bit,#$02,,,direct,bit_set_mask,"9E9D:JMP LA29A | 9EA0:JSR L989C | 9EA3:BRSET L0009,#$02,L9ECA | 9EAD:BLS L9ECA | 9EB5:JSR LF550 | 9EC1:JSR LF550",,mode_flag_or_safety_gate,medium,bit-level state mutation
9ED3,L9ECA,,DEC,L0888,read_modify_write,L0888,$0888,L0888,absolute_memory_or_table,8,,,,direct,target_minus_1,"9EA3:BRSET L0009,#$02,L9ECA | 9EAD:BLS L9ECA | 9EB5:JSR LF550 | 9EC1:JSR LF550 | 9ECD:BEQ L9EEA | 9ECF:BRSET L0046,#$08,L9EEA",,ram_state_or_intermediate,medium,requires downstream read/use analysis
9EDB,L9ECA,,STAB,L0888,store,L0888,$0888,L0888,absolute_memory_or_table,8,,,,direct,B,"9EAD:BLS L9ECA | 9EB5:JSR LF550 | 9EC1:JSR LF550 | 9ECD:BEQ L9EEA | 9ECF:BRSET L0046,#$08,L9EEA | 9ED6:BNE L9EEA",,ram_state_or_intermediate,medium,requires downstream read/use analysis
9EE4,L9ECA,,BCLR,"L0038,#$20",bit_mutation,L0038,$0038,L0038,internal_ram,bit,#$20,,,direct,bit_clear_mask,"9EB5:JSR LF550 | 9EC1:JSR LF550 | 9ECD:BEQ L9EEA | 9ECF:BRSET L0046,#$08,L9EEA | 9ED6:BNE L9EEA | 9EE1:BCC L9EE7",,mode_flag_or_safety_gate,medium,bit-level state mutation
9EE7,L9EE7,,STAA,L0887,store,L0887,$0887,L0887,absolute_memory_or_table,8,,,,direct,A,"9EB5:JSR LF550 | 9EC1:JSR LF550 | 9ECD:BEQ L9EEA | 9ECF:BRSET L0046,#$08,L9EEA | 9ED6:BNE L9EEA | 9EE1:BCC L9EE7",,ram_state_or_intermediate,medium,requires downstream read/use analysis
9F10,L9F0D,,STAA,L02B1,store,L02B1,$02B1,L02B1,internal_ram,8,,,,direct,A,"9EFC:BEQ L9F00 | 9EFE:BRA L9F46 | 9F00:BRSET L0037,#$04,L9F07 | 9F04:JMP L9F89 | 9F07:BRSET L0036,#$0C,L9F0D | 9F0B:BRA L9F16",,ram_state_or_intermediate,medium,requires downstream read/use analysis
9F13,L9F0D,,BSET,"L0039,#$01",bit_mutation,L0039,$0039,L0039,internal_ram,bit,#$01,,,direct,bit_set_mask,"9EFC:BEQ L9F00 | 9EFE:BRA L9F46 | 9F00:BRSET L0037,#$04,L9F07 | 9F04:JMP L9F89 | 9F07:BRSET L0036,#$0C,L9F0D | 9F0B:BRA L9F16",,mode_flag_or_safety_gate,medium,bit-level state mutation
9F24,L9F16,,STAA,L088D,store,L088D,$088D,L088D,absolute_memory_or_table,8,,,,direct,A,"9F00:BRSET L0037,#$04,L9F07 | 9F04:JMP L9F89 | 9F07:BRSET L0036,#$0C,L9F0D | 9F0B:BRA L9F16 | 9F16:BRSET L0037,#$08,L9F5B | 9F1F:BCC L9F2A",,ram_state_or_intermediate,medium,requires downstream read/use analysis
9F58,L9F53,,BSET,"L0037,#$10",bit_mutation,L0037,$0037,L0037,internal_ram,bit,#$10,,,direct,bit_set_mask,"9F36:BRCLR L0036,#$80,L9F46 | 9F40:BCC L9F46 | 9F42:BRSET L0036,#$08,L9F49 | 9F46:JMP L9FDE | 9F4C:BRSET L0036,#$02,L9F53 | 9F56:BLS L9F5B",,mode_flag_or_safety_gate,medium,bit-level state mutation
9F84,L9F7D,,STAA,L088D,store,L088D,$088D,L088D,absolute_memory_or_table,8,,,,direct,A,"9F62:BNE L9F7D | 9F6A:BHI L9FB3 | 9F72:BHI L9FB3 | 9F74:BRSET L0036,#$40,L9FDB | 9F7B:BEQ L9FB3 | 9F81:BNE L9FDB",,ram_state_or_intermediate,medium,requires downstream read/use analysis
9F99,L9F96,,STAA,L02B2,store,L02B2,$02B2,L02B2,internal_ram,8,,,,direct,A,"9F7B:BEQ L9FB3 | 9F81:BNE L9FDB | 9F87:BRA L9FDB | 9F8E:BLS L9FA7 | 9F90:BRSET L0036,#$0C,L9F96 | 9F94:BRA L9F9F",,ram_state_or_intermediate,medium,requires downstream read/use analysis
9F9C,L9F96,,BSET,"L0039,#$02",bit_mutation,L0039,$0039,L0039,internal_ram,bit,#$02,,,direct,bit_set_mask,"9F7B:BEQ L9FB3 | 9F81:BNE L9FDB | 9F87:BRA L9FDB | 9F8E:BLS L9FA7 | 9F90:BRSET L0036,#$0C,L9F96 | 9F94:BRA L9F9F",,mode_flag_or_safety_gate,medium,bit-level state mutation
9FAE,L9FA7,,STAA,L088D,store,L088D,$088D,L088D,absolute_memory_or_table,8,,,,direct,A,"9F87:BRA L9FDB | 9F8E:BLS L9FA7 | 9F90:BRSET L0036,#$0C,L9F96 | 9F94:BRA L9F9F | 9FA5:BEQ L9FB3 | 9FAB:BNE L9FC6",,ram_state_or_intermediate,medium,requires downstream read/use analysis
9FFF,L9FFF,,STD,L02A5,store,L02A5,$02A5,L02A5,internal_ram,16,,,,direct,D,9FE4:BNE L9FE9 | 9FE6:JMP LA0D8 | 9FEC:BEQ L9FF1 | 9FEF:BRA LA069 | 9FF7:JSR LF550 | 9FFB:BNE L9FFF,,ram_state_or_intermediate,medium,requires downstream read/use analysis
A016,LA016,,STD,L02A3,store,L02A3,$02A3,L02A3,internal_ram,16,,,,direct,D,9FEF:BRA LA069 | 9FF7:JSR LF550 | 9FFB:BNE L9FFF | A002:BEQ LA016 | A00A:JSR LF550 | A011:BLS LA016,,ram_state_or_intermediate,medium,requires downstream read/use analysis
A027,LA027,,STD,L02AF,store,L02AF,$02AF,L02AF,internal_ram,16,,,,direct,D,9FFB:BNE L9FFF | A002:BEQ LA016 | A00A:JSR LF550 | A011:BLS LA016 | A01F:JSR LF550 | A023:BNE LA027,,ram_state_or_intermediate,medium,requires downstream read/use analysis
A03E,LA03E,,STD,L02AD,store,L02AD,$02AD,L02AD,internal_ram,16,,,,direct,D,A011:BLS LA016 | A01F:JSR LF550 | A023:BNE LA027 | A02A:BEQ LA03E | A032:JSR LF550 | A039:BLS LA03E,,ram_state_or_intermediate,medium,requires downstream read/use analysis
A069,LA069,,STAA,L0875,store,L0875,$0875,L0875,absolute_memory_or_table,8,,,,direct,A,A039:BLS LA03E | A047:BEQ LA069 | A04F:JSR LF4C1 | A05B:BLS LA05F | A05F:JSR LF4C1 | A065:BCC LA069,,ram_state_or_intermediate,medium,requires downstream read/use analysis
A09B,LA09A,,STD,L0899,store,L0899,$0899,L0899,absolute_memory_or_table,16,,,,direct,D,A073:BEQ LA0D6 | A078:BEQ LA085 | A07E:BCS LA085 | A083:BCS LA09A | A08B:BEQ LA0D6 | A098:BCS LA0D3,,ram_state_or_intermediate,medium,requires downstream read/use analysis
A0CB,LA0CA,,STD,L0893,store,L0893,$0893,L0893,absolute_memory_or_table,16,,,,direct,D,A0A3:BEQ LA0D6 | A0A8:BEQ LA0B5 | A0AE:BCS LA0B5 | A0B3:BCS LA0CA | A0BB:BEQ LA0D6 | A0C8:BCS LA0D3,,ram_state_or_intermediate,medium,requires downstream read/use analysis
A0CE,LA0CE,,BSET,"L0038,#$10",bit_mutation,L0038,$0038,L0038,internal_ram,bit,#$10,,,direct,bit_set_mask,A0A3:BEQ LA0D6 | A0A8:BEQ LA0B5 | A0AE:BCS LA0B5 | A0B3:BCS LA0CA | A0BB:BEQ LA0D6 | A0C8:BCS LA0D3,,mode_flag_or_safety_gate,medium,bit-level state mutation
A0D3,LA0D3,,BCLR,"L0038,#$10",bit_mutation,L0038,$0038,L0038,internal_ram,bit,#$10,,,direct,bit_clear_mask,A0A8:BEQ LA0B5 | A0AE:BCS LA0B5 | A0B3:BCS LA0CA | A0BB:BEQ LA0D6 | A0C8:BCS LA0D3 | A0D1:BRA LA12D,,mode_flag_or_safety_gate,medium,bit-level state mutation
A11C,LA115,,STAA,L02A9,store,L02A9,$02A9,L02A9,internal_ram,8,,,,direct,A,"A0DC:BRA LA12D | A0E3:BCS LA12D | A0E8:BHI LA12D | A0F0:BHI LA12D | A0F8:BHI LA12D | A115:BRSET L0036,#$01,LA124",,ram_state_or_intermediate,medium,requires downstream read/use analysis
A11F,LA115,,BSET,"L0009,#$10",bit_mutation,L0009,$0009,L0009,internal_ram,bit,#$10,,,direct,bit_set_mask,"A0DC:BRA LA12D | A0E3:BCS LA12D | A0E8:BHI LA12D | A0F0:BHI LA12D | A0F8:BHI LA12D | A115:BRSET L0036,#$01,LA124",,mode_flag_or_safety_gate,medium,bit-level state mutation
A127,LA124,,STAA,L02AC,store,L02AC,$02AC,L02AC,internal_ram,8,,,,direct,A,"A0E3:BCS LA12D | A0E8:BHI LA12D | A0F0:BHI LA12D | A0F8:BHI LA12D | A115:BRSET L0036,#$01,LA124 | A122:BRA LA12D",,ram_state_or_intermediate,medium,requires downstream read/use analysis
A12A,LA124,,BSET,"L0009,#$20",bit_mutation,L0009,$0009,L0009,internal_ram,bit,#$20,,,direct,bit_set_mask,"A0E3:BCS LA12D | A0E8:BHI LA12D | A0F0:BHI LA12D | A0F8:BHI LA12D | A115:BRSET L0036,#$01,LA124 | A122:BRA LA12D",,mode_flag_or_safety_gate,medium,bit-level state mutation
A140,LA12D,,DEC,L0878,read_modify_write,L0878,$0878,L0878,absolute_memory_or_table,8,,,,direct,target_minus_1,"A115:BRSET L0036,#$01,LA124 | A122:BRA LA12D | A130:BEQ LA154 | A135:BNE LA154 | A137:BRCLR L0036,#$01,LA150 | A13E:BEQ LA145",,ram_state_or_intermediate,medium,requires downstream read/use analysis
A148,LA145,,STAB,L0878,store,L0878,$0878,L0878,absolute_memory_or_table,8,,,,direct,B,"A122:BRA LA12D | A130:BEQ LA154 | A135:BNE LA154 | A137:BRCLR L0036,#$01,LA150 | A13E:BEQ LA145 | A143:BNE LA154",,ram_state_or_intermediate,medium,requires downstream read/use analysis
A151,LA151,,STAA,L0876,store,L0876,$0876,L0876,absolute_memory_or_table,8,,,,direct,A,"A130:BEQ LA154 | A135:BNE LA154 | A137:BRCLR L0036,#$01,LA150 | A13E:BEQ LA145 | A143:BNE LA154 | A14E:BCC LA151",,ram_state_or_intermediate,medium,requires downstream read/use analysis
A18E,LA17A,,STD,"$06,Y",store,"$06,Y",$0897,L0897,absolute_memory_or_table,16,,$02A0,$0891,resolved_indexed,D,"A162:JMP LA288 | A166:BRSET L0036,#$01,LA173 | A171:BRA LA17A | A17E:BCS LA19D | A183:BLS LA1BB | A185:BRSET L0036,#$02,LA193",,ram_state_or_intermediate,medium,requires downstream read/use analysis
A198,LA193,,STD,"0,Y",store,"0,Y",,"0,Y",unknown,16,,$02A0,$0891,unresolved_indexed,D,"A166:BRSET L0036,#$01,LA173 | A171:BRA LA17A | A17E:BCS LA19D | A183:BLS LA1BB | A185:BRSET L0036,#$02,LA193 | A191:BRA LA1DB",,ram_state_or_intermediate,medium,requires downstream read/use analysis
A1AC,LA19D,,STD,"6,Y",store,"6,Y",,"6,Y",unknown,16,,$02A0,$0891,unresolved_indexed,D,"A183:BLS LA1BB | A185:BRSET L0036,#$02,LA193 | A191:BRA LA1DB | A19B:BRA LA1DB | A1A1:BLS LA1BB | A1A3:BRSET L0036,#$02,LA1B1",,ram_state_or_intermediate,medium,requires downstream read/use analysis
A1B6,LA1B1,,STD,"0,Y",store,"0,Y",,"0,Y",unknown,16,,$02A0,$0891,unresolved_indexed,D,"A185:BRSET L0036,#$02,LA193 | A191:BRA LA1DB | A19B:BRA LA1DB | A1A1:BLS LA1BB | A1A3:BRSET L0036,#$02,LA1B1 | A1AF:BRA LA1DB",,ram_state_or_intermediate,medium,requires downstream read/use analysis
A1C3,LA1BB,,BCLR,"L0038,#$04",bit_mutation,L0038,$0038,L0038,internal_ram,bit,#$04,,,direct,bit_clear_mask,"A1A1:BLS LA1BB | A1A3:BRSET L0036,#$02,LA1B1 | A1AF:BRA LA1DB | A1B9:BRA LA1DB | A1BB:BRSET L0036,#$02,LA1CD | A1BF:BRSET L0036,#$01,LA1C8",,mode_flag_or_safety_gate,medium,bit-level state mutation
A1C8,LA1C8,,BCLR,"L0038,#$08",bit_mutation,L0038,$0038,L0038,internal_ram,bit,#$08,,,direct,bit_clear_mask,"A1A3:BRSET L0036,#$02,LA1B1 | A1AF:BRA LA1DB | A1B9:BRA LA1DB | A1BB:BRSET L0036,#$02,LA1CD | A1BF:BRSET L0036,#$01,LA1C8 | A1C6:BRA LA1F9",,mode_flag_or_safety_gate,medium,bit-level state mutation
A1D1,LA1CD,,BCLR,"L0038,#$01",bit_mutation,L0038,$0038,L0038,internal_ram,bit,#$01,,,direct,bit_clear_mask,"A1B9:BRA LA1DB | A1BB:BRSET L0036,#$02,LA1CD | A1BF:BRSET L0036,#$01,LA1C8 | A1C6:BRA LA1F9 | A1CB:BRA LA1F9 | A1CD:BRSET L0036,#$01,LA1D6",,mode_flag_or_safety_gate,medium,bit-level state mutation
A1D6,LA1D6,,BCLR,"L0038,#$02",bit_mutation,L0038,$0038,L0038,internal_ram,bit,#$02,,,direct,bit_clear_mask,"A1BB:BRSET L0036,#$02,LA1CD | A1BF:BRSET L0036,#$01,LA1C8 | A1C6:BRA LA1F9 | A1CB:BRA LA1F9 | A1CD:BRSET L0036,#$01,LA1D6 | A1D4:BRA LA1F9",,mode_flag_or_safety_gate,medium,bit-level state mutation
A1E3,LA1DB,,BSET,"L0038,#$04",bit_mutation,L0038,$0038,L0038,internal_ram,bit,#$04,,,direct,bit_set_mask,"A1CB:BRA LA1F9 | A1CD:BRSET L0036,#$01,LA1D6 | A1D4:BRA LA1F9 | A1D9:BRA LA1F9 | A1DB:BRSET L0036,#$02,LA1ED | A1DF:BRSET L0036,#$01,LA1E8",,mode_flag_or_safety_gate,medium,bit-level state mutation
A1E8,LA1E8,,BSET,"L0038,#$08",bit_mutation,L0038,$0038,L0038,internal_ram,bit,#$08,,,direct,bit_set_mask,"A1CD:BRSET L0036,#$01,LA1D6 | A1D4:BRA LA1F9 | A1D9:BRA LA1F9 | A1DB:BRSET L0036,#$02,LA1ED | A1DF:BRSET L0036,#$01,LA1E8 | A1E6:BRA LA1F9",,mode_flag_or_safety_gate,medium,bit-level state mutation
A1F1,LA1ED,,BSET,"L0038,#$01",bit_mutation,L0038,$0038,L0038,internal_ram,bit,#$01,,,direct,bit_set_mask,"A1D9:BRA LA1F9 | A1DB:BRSET L0036,#$02,LA1ED | A1DF:BRSET L0036,#$01,LA1E8 | A1E6:BRA LA1F9 | A1EB:BRA LA1F9 | A1ED:BRSET L0036,#$01,LA1F6",,mode_flag_or_safety_gate,medium,bit-level state mutation
A1F6,LA1F6,,BSET,"L0038,#$02",bit_mutation,L0038,$0038,L0038,internal_ram,bit,#$02,,,direct,bit_set_mask,"A1DB:BRSET L0036,#$02,LA1ED | A1DF:BRSET L0036,#$01,LA1E8 | A1E6:BRA LA1F9 | A1EB:BRA LA1F9 | A1ED:BRSET L0036,#$01,LA1F6 | A1F4:BRA LA1F9",,mode_flag_or_safety_gate,medium,bit-level state mutation
A239,LA238,,STD,"$0002,X",store,"$0002,X",$02A9,L02A9,internal_ram,16,,$02A7,$4FC3,resolved_indexed,D,"A21E:BLS LA229 | A221:BCS LA229 | A227:BLS LA249 | A229:BRSET L0036,#$01,LA23D | A230:BCC LA237 | A235:BRA LA238",,ram_state_or_intermediate,medium,requires downstream read/use analysis
A245,LA243,,STD,"0,X",store,"0,X",,"0,X",unknown,16,,$02A7,$4FC3,unresolved_indexed,D,"A227:BLS LA249 | A229:BRSET L0036,#$01,LA23D | A230:BCC LA237 | A235:BRA LA238 | A23B:BRA LA26A | A240:BCC LA243",,ram_state_or_intermediate,medium,requires downstream read/use analysis
A252,LA249,,BCLR,"L0038,#$02",bit_mutation,L0038,$0038,L0038,internal_ram,bit,#$02,,,direct,bit_clear_mask,"A235:BRA LA238 | A23B:BRA LA26A | A240:BCC LA243 | A247:BRA LA26A | A24A:BRSET L0036,#$02,LA25C | A24E:BRSET L0036,#$01,LA257",,mode_flag_or_safety_gate,medium,bit-level state mutation
A257,LA257,,BCLR,"L0038,#$01",bit_mutation,L0038,$0038,L0038,internal_ram,bit,#$01,,,direct,bit_clear_mask,"A23B:BRA LA26A | A240:BCC LA243 | A247:BRA LA26A | A24A:BRSET L0036,#$02,LA25C | A24E:BRSET L0036,#$01,LA257 | A255:BRA LA288",,mode_flag_or_safety_gate,medium,bit-level state mutation
A260,LA25C,,BCLR,"L0038,#$08",bit_mutation,L0038,$0038,L0038,internal_ram,bit,#$08,,,direct,bit_clear_mask,"A247:BRA LA26A | A24A:BRSET L0036,#$02,LA25C | A24E:BRSET L0036,#$01,LA257 | A255:BRA LA288 | A25A:BRA LA288 | A25C:BRSET L0036,#$01,LA265",,mode_flag_or_safety_gate,medium,bit-level state mutation
A265,LA265,,BCLR,"L0038,#$04",bit_mutation,L0038,$0038,L0038,internal_ram,bit,#$04,,,direct,bit_clear_mask,"A24A:BRSET L0036,#$02,LA25C | A24E:BRSET L0036,#$01,LA257 | A255:BRA LA288 | A25A:BRA LA288 | A25C:BRSET L0036,#$01,LA265 | A263:BRA LA288",,mode_flag_or_safety_gate,medium,bit-level state mutation
A272,LA26A,,BSET,"L0038,#$02",bit_mutation,L0038,$0038,L0038,internal_ram,bit,#$02,,,direct,bit_set_mask,"A25A:BRA LA288 | A25C:BRSET L0036,#$01,LA265 | A263:BRA LA288 | A268:BRA LA288 | A26A:BRSET L0036,#$02,LA27C | A26E:BRSET L0036,#$01,LA277",,mode_flag_or_safety_gate,medium,bit-level state mutation
A277,LA277,,BSET,"L0038,#$01",bit_mutation,L0038,$0038,L0038,internal_ram,bit,#$01,,,direct,bit_set_mask,"A25C:BRSET L0036,#$01,LA265 | A263:BRA LA288 | A268:BRA LA288 | A26A:BRSET L0036,#$02,LA27C | A26E:BRSET L0036,#$01,LA277 | A275:BRA LA288",,mode_flag_or_safety_gate,medium,bit-level state mutation
A280,LA27C,,BSET,"L0038,#$08",bit_mutation,L0038,$0038,L0038,internal_ram,bit,#$08,,,direct,bit_set_mask,"A268:BRA LA288 | A26A:BRSET L0036,#$02,LA27C | A26E:BRSET L0036,#$01,LA277 | A275:BRA LA288 | A27A:BRA LA288 | A27C:BRSET L0036,#$01,LA285",,mode_flag_or_safety_gate,medium,bit-level state mutation
A285,LA285,,BSET,"L0038,#$04",bit_mutation,L0038,$0038,L0038,internal_ram,bit,#$04,,,direct,bit_set_mask,"A26A:BRSET L0036,#$02,LA27C | A26E:BRSET L0036,#$01,LA277 | A275:BRA LA288 | A27A:BRA LA288 | A27C:BRSET L0036,#$01,LA285 | A283:BRA LA288",,mode_flag_or_safety_gate,medium,bit-level state mutation
A28E,LA288,,STAA,L0866,store,L0866,$0866,L0866,absolute_memory_or_table,8,,,,direct,A,"A26E:BRSET L0036,#$01,LA277 | A275:BRA LA288 | A27A:BRA LA288 | A27C:BRSET L0036,#$01,LA285 | A283:BRA LA288 | A28B:BEQ LA291",,ram_state_or_intermediate,medium,requires downstream read/use analysis
A297,LA291,,STAA,L0867,store,L0867,$0867,L0867,absolute_memory_or_table,8,,,,direct,A,"A275:BRA LA288 | A27A:BRA LA288 | A27C:BRSET L0036,#$01,LA285 | A283:BRA LA288 | A28B:BEQ LA291 | A294:BEQ LA29A",,ram_state_or_intermediate,medium,requires downstream read/use analysis
A2AC,LA2AC,,STAA,L086A,store,L086A,$086A,L086A,absolute_memory_or_table,8,,,,direct,A,"A27C:BRSET L0036,#$01,LA285 | A283:BRA LA288 | A28B:BEQ LA291 | A294:BEQ LA29A | A29D:BRSET L0036,#$02,LA2A4 | A2A6:BRCLR L0036,#$01,LA2AC",,ram_state_or_intermediate,medium,requires downstream read/use analysis
A2C4,LA2B7,,DEC,L087C,read_modify_write,L087C,$087C,L087C,absolute_memory_or_table,8,,,,direct,target_minus_1,"A2A6:BRCLR L0036,#$01,LA2AC | A2B0:BRSET L004F,#$80,LA2B7 | A2B4:JMP LA406 | A2B7:JSR L9CFD | A2BD:BEQ LA2DA | A2C2:BEQ LA2C9",,ram_state_or_intermediate,medium,requires downstream read/use analysis
A2CF,LA2CF,,STAA,L087B,store,L087B,$087B,L087B,absolute_memory_or_table,8,,,,direct,A,A2B4:JMP LA406 | A2B7:JSR L9CFD | A2BD:BEQ LA2DA | A2C2:BEQ LA2C9 | A2C7:BNE LA2DA | A2CC:BCC LA2CF,,ram_state_or_intermediate,medium,requires downstream read/use analysis
A2D7,LA2D7,,STAA,L087C,store,L087C,$087C,L087C,absolute_memory_or_table,8,,,,direct,A,A2B7:JSR L9CFD | A2BD:BEQ LA2DA | A2C2:BEQ LA2C9 | A2C7:BNE LA2DA | A2CC:BCC LA2CF | A2D2:BEQ LA2D7,,ram_state_or_intermediate,medium,requires downstream read/use analysis
A2EB,LA2E6,,DEC,L086C,read_modify_write,L086C,$086C,L086C,absolute_memory_or_table,8,,,,direct,target_minus_1,"A2CC:BCC LA2CF | A2D2:BEQ LA2D7 | A2DD:BEQ LA2FA | A2DF:BRCLR L003F,#$40,LA2E6 | A2E4:BRA LA2F7 | A2E9:BEQ LA2F0",,ram_state_or_intermediate,medium,requires downstream read/use analysis
A2F3,LA2F0,,STAB,L086C,store,L086C,$086C,L086C,absolute_memory_or_table,8,,,,direct,B,"A2D2:BEQ LA2D7 | A2DD:BEQ LA2FA | A2DF:BRCLR L003F,#$40,LA2E6 | A2E4:BRA LA2F7 | A2E9:BEQ LA2F0 | A2EE:BNE LA2FA",,ram_state_or_intermediate,medium,requires downstream read/use analysis
A2F7,LA2F7,,STAA,L086B,store,L086B,$086B,L086B,absolute_memory_or_table,8,,,,direct,A,"A2D2:BEQ LA2D7 | A2DD:BEQ LA2FA | A2DF:BRCLR L003F,#$40,LA2E6 | A2E4:BRA LA2F7 | A2E9:BEQ LA2F0 | A2EE:BNE LA2FA",,ram_state_or_intermediate,medium,requires downstream read/use analysis
A311,LA306,,DEC,L085E,read_modify_write,L085E,$085E,L085E,absolute_memory_or_table,8,,,,direct,target_minus_1,"A2EE:BNE LA2FA | A2FD:BEQ LA32A | A2FF:BRCLR L003F,#$40,LA306 | A304:BRA LA327 | A309:BEQ LA316 | A30F:BNE LA32A",,ram_state_or_intermediate,medium,requires downstream read/use analysis
A31B,LA316,,DEC,L085D,read_modify_write,L085D,$085D,L085D,absolute_memory_or_table,8,,,,direct,target_minus_1,"A2FF:BRCLR L003F,#$40,LA306 | A304:BRA LA327 | A309:BEQ LA316 | A30F:BNE LA32A | A314:BRA LA32A | A319:BEQ LA320",,ram_state_or_intermediate,medium,requires downstream read/use analysis
A323,LA320,,STAB,L085D,store,L085D,$085D,L085D,absolute_memory_or_table,8,,,,direct,B,A304:BRA LA327 | A309:BEQ LA316 | A30F:BNE LA32A | A314:BRA LA32A | A319:BEQ LA320 | A31E:BNE LA32A,,ram_state_or_intermediate,medium,requires downstream read/use analysis
A327,LA327,,STAA,L085C,store,L085C,$085C,L085C,absolute_memory_or_table,8,,,,direct,A,A304:BRA LA327 | A309:BEQ LA316 | A30F:BNE LA32A | A314:BRA LA32A | A319:BEQ LA320 | A31E:BNE LA32A,,ram_state_or_intermediate,medium,requires downstream read/use analysis
A346,LA32A,,STD,L02A7,store,L02A7,$02A7,L02A7,internal_ram,16,,,,direct,D,A31E:BNE LA32A | A32E:BEQ LA35C | A332:BNE LA35C | A336:BNE LA34B | A33E:BCS LA35C | A343:BCC LA35C,,ram_state_or_intermediate,medium,requires downstream read/use analysis
A359,LA34B,,STD,L02AA,store,L02AA,$02AA,L02AA,internal_ram,16,,,,direct,D,A336:BNE LA34B | A33E:BCS LA35C | A343:BCC LA35C | A349:BRA LA35C | A351:BCS LA35C | A356:BCC LA35C,,ram_state_or_intermediate,medium,requires downstream read/use analysis
A385,LA381,,BSET,"L0009,#$40",bit_mutation,L0009,$0009,L0009,internal_ram,bit,#$40,,,direct,bit_set_mask,"A36A:BRSET L0039,#$04,LA398 | A36E:BRSET L0039,#$03,LA374 | A372:BRA LA398 | A37A:BCS LA381 | A37F:BCC LA38F | A381:BRSET L0009,#$40,LA38",,mode_flag_or_safety_gate,medium,bit-level state mutation
A38A,LA38A,,BSET,"L0018,#$04",bit_mutation,L0018,$0018,L0018,internal_ram,bit,#$04,,,direct,bit_set_mask,"A36E:BRSET L0039,#$03,LA374 | A372:BRA LA398 | A37A:BCS LA381 | A37F:BCC LA38F | A381:BRSET L0009,#$40,LA38 | A388:BRA LA395",,mode_flag_or_safety_gate,medium,bit-level state mutation
A38F,LA38F,,BCLR,"L0018,#$04",bit_mutation,L0018,$0018,L0018,internal_ram,bit,#$04,,,direct,bit_clear_mask,"A372:BRA LA398 | A37A:BCS LA381 | A37F:BCC LA38F | A381:BRSET L0009,#$40,LA38 | A388:BRA LA395 | A38D:BRA LA395",,mode_flag_or_safety_gate,medium,bit-level state mutation
A392,LA38F,,BCLR,"L0009,#$40",bit_mutation,L0009,$0009,L0009,internal_ram,bit,#$40,,,direct,bit_clear_mask,"A372:BRA LA398 | A37A:BCS LA381 | A37F:BCC LA38F | A381:BRSET L0009,#$40,LA38 | A388:BRA LA395 | A38D:BRA LA395",,mode_flag_or_safety_gate,medium,bit-level state mutation
A395,LA395,,BSET,"L0039,#$04",bit_mutation,L0039,$0039,L0039,internal_ram,bit,#$04,,,direct,bit_set_mask,"A372:BRA LA398 | A37A:BCS LA381 | A37F:BCC LA38F | A381:BRSET L0009,#$40,LA38 | A388:BRA LA395 | A38D:BRA LA395",,mode_flag_or_safety_gate,medium,bit-level state mutation
A3D6,LA398,,STAB,L088E,store,L088E,$088E,L088E,absolute_memory_or_table,8,,,,direct,B,"A3B3:BRCLR L0036,#$08,LA3E0 | A3B7:BRSET L0009,#$40,LA3E0 | A3BE:BNE LA3E0 | A3C3:BNE LA3E0 | A3CB:BLS LA3E0 | A3D3:BHI LA3DB",,ram_state_or_intermediate,medium,requires downstream read/use analysis
A3DB,LA3DB,,BSET,"L0018,#$08",bit_mutation,L0018,$0018,L0018,internal_ram,bit,#$08,,,direct,bit_set_mask,"A3B7:BRSET L0009,#$40,LA3E0 | A3BE:BNE LA3E0 | A3C3:BNE LA3E0 | A3CB:BLS LA3E0 | A3D3:BHI LA3DB | A3D9:BRA LA3E6",,mode_flag_or_safety_gate,medium,bit-level state mutation
A3E0,LA3E0,,CLR,L088E,clear,L088E,$088E,L088E,absolute_memory_or_table,8,,,,direct,zero,A3BE:BNE LA3E0 | A3C3:BNE LA3E0 | A3CB:BLS LA3E0 | A3D3:BHI LA3DB | A3D9:BRA LA3E6 | A3DE:BRA LA3E6,,ram_state_or_intermediate,medium,requires downstream read/use analysis
A3E3,LA3E0,,BCLR,"L0018,#$08",bit_mutation,L0018,$0018,L0018,internal_ram,bit,#$08,,,direct,bit_clear_mask,A3BE:BNE LA3E0 | A3C3:BNE LA3E0 | A3CB:BLS LA3E0 | A3D3:BHI LA3DB | A3D9:BRA LA3E6 | A3DE:BRA LA3E6,,mode_flag_or_safety_gate,medium,bit-level state mutation
A3FA,LA3FA,,BSET,"L0009,#$01",bit_mutation,L0009,$0009,L0009,internal_ram,bit,#$01,,,direct,bit_set_mask,"A3D9:BRA LA3E6 | A3DE:BRA LA3E6 | A3E6:BRSET L0009,#$01,LA406 | A3EA:BRSET L0009,#$04,LA40 | A3EE:BRSET L0044,#$10,LA3FA | A3F8:BCS LA406",,mode_flag_or_safety_gate,medium,bit-level state mutation
A3FD,LA3FA,,BCLR,"L0036,#$1C",bit_mutation,L0036,$0036,L0036,internal_ram,bit,#$1C,,,direct,bit_clear_mask,"A3D9:BRA LA3E6 | A3DE:BRA LA3E6 | A3E6:BRSET L0009,#$01,LA406 | A3EA:BRSET L0009,#$04,LA40 | A3EE:BRSET L0044,#$10,LA3FA | A3F8:BCS LA406",,mode_flag_or_safety_gate,medium,bit-level state mutation
A401,LA3FA,,STAA,L0008,store,L0008,$0008,L0008,internal_ram,8,,,,direct,A,"A3D9:BRA LA3E6 | A3DE:BRA LA3E6 | A3E6:BRSET L0009,#$01,LA406 | A3EA:BRSET L0009,#$04,LA40 | A3EE:BRSET L0044,#$10,LA3FA | A3F8:BCS LA406",,ram_state_or_intermediate,medium,requires downstream read/use analysis
A404,LA3FA,,STAA,L0007,store,L0007,$0007,L0007,internal_ram,8,,,,direct,A,"A3D9:BRA LA3E6 | A3DE:BRA LA3E6 | A3E6:BRSET L0009,#$01,LA406 | A3EA:BRSET L0009,#$04,LA40 | A3EE:BRSET L0044,#$10,LA3FA | A3F8:BCS LA406",,ram_state_or_intermediate,medium,requires downstream read/use analysis
A436,LA41A,,BCLR,"L0036,#$0C",bit_mutation,L0036,$0036,L0036,internal_ram,bit,#$0C,,,direct,bit_clear_mask,A414:BEQ LA41A | A417:JMP LA3FA | A425:BEQ LA465 | A429:BEQ LA465 | A42D:BEQ LA44B | A434:BNE LA440,,mode_flag_or_safety_gate,medium,bit-level state mutation
A443,LA440,,STAA,L0857,store,L0857,$0857,L0857,absolute_memory_or_table,8,,,,direct,A,A417:JMP LA3FA | A425:BEQ LA465 | A429:BEQ LA465 | A42D:BEQ LA44B | A434:BNE LA440 | A43D:JMP L9899,,ram_state_or_intermediate,medium,requires downstream read/use analysis
A446,LA440,,BSET,"L0038,#$40",bit_mutation,L0038,$0038,L0038,internal_ram,bit,#$40,,,direct,bit_set_mask,A417:JMP LA3FA | A425:BEQ LA465 | A429:BEQ LA465 | A42D:BEQ LA44B | A434:BNE LA440 | A43D:JMP L9899,,mode_flag_or_safety_gate,medium,bit-level state mutation
A456,LA44B,,BSET,"L0037,#$04",bit_mutation,L0037,$0037,L0037,internal_ram,bit,#$04,,,direct,bit_set_mask,A42D:BEQ LA44B | A434:BNE LA440 | A43D:JMP L9899 | A449:BRA LA465 | A451:BEQ LA45C | A453:JSR L923C,,mode_flag_or_safety_gate,medium,bit-level state mutation
A45F,LA45C,,BCLR,"L0037,#$04",bit_mutation,L0037,$0037,L0037,internal_ram,bit,#$04,,,direct,bit_clear_mask,A43D:JMP L9899 | A449:BRA LA465 | A451:BEQ LA45C | A453:JSR L923C | A459:JMP L989B | A45C:JSR L9222,,mode_flag_or_safety_gate,medium,bit-level state mutation
A47D,LA47C,,STAA,L01C9,store,L01C9,$01C9,L01C9,internal_ram,8,,,,direct,A,A453:JSR L923C | A459:JMP L989B | A45C:JSR L9222 | A462:JMP L989B | A46E:BHI LA472 | A477:BCC LA47C,,ram_state_or_intermediate,medium,requires downstream read/use analysis
A496,LA496,,STAA,L01C0,store,L01C0,$01C0,L01C0,internal_ram,8,,,,direct,A,A462:JMP L989B | A46E:BHI LA472 | A477:BCC LA47C | A487:BCC LA48C | A48A:BRA LA496 | A491:BCC LA496,,ram_state_or_intermediate,medium,requires downstream read/use analysis
A4B0,LA4B0,,STAA,L01CF,store,L01CF,$01CF,L01CF,internal_ram,8,,,,direct,A,A477:BCC LA47C | A487:BCC LA48C | A48A:BRA LA496 | A491:BCC LA496 | A4A6:BCC LA4AB | A4AC:BCC LA4B0,,ram_state_or_intermediate,medium,requires downstream read/use analysis
A4B3,LA4B0,,BCLR,"L0018,#$10",bit_mutation,L0018,$0018,L0018,internal_ram,bit,#$10,,,direct,bit_clear_mask,A477:BCC LA47C | A487:BCC LA48C | A48A:BRA LA496 | A491:BCC LA496 | A4A6:BCC LA4AB | A4AC:BCC LA4B0,,mode_flag_or_safety_gate,medium,bit-level state mutation
A4B6,LA4B0,,BCLR,"L006F,#$08",bit_mutation,L006F,$006F,L006F,internal_ram,bit,#$08,,,direct,bit_clear_mask,A477:BCC LA47C | A487:BCC LA48C | A48A:BRA LA496 | A491:BCC LA496 | A4A6:BCC LA4AB | A4AC:BCC LA4B0,,mode_flag_or_safety_gate,medium,bit-level state mutation
A4DC,LA4DC,,INC,L0229,read_modify_write,L0229,$0229,L0229,internal_ram,8,,,,direct,target_plus_1,"A4AC:BCC LA4B0 | A4B9:BRSET L006F,#$04,LA4E1 | A4C3:BCC LA4E1 | A4CB:BHI LA4E6 | A4D2:BCS LA4DC | A4DA:BLS LA4E1",,ram_state_or_intermediate,medium,requires downstream read/use analysis
A4E1,LA4E1,,CLR,L0229,clear,L0229,$0229,L0229,internal_ram,8,,,,direct,zero,"A4B9:BRSET L006F,#$04,LA4E1 | A4C3:BCC LA4E1 | A4CB:BHI LA4E6 | A4D2:BCS LA4DC | A4DA:BLS LA4E1 | A4DF:BRA LA4EC",,ram_state_or_intermediate,medium,requires downstream read/use analysis
A4E6,LA4E6,,BSET,"L0018,#$10",bit_mutation,L0018,$0018,L0018,internal_ram,bit,#$10,,,direct,bit_set_mask,A4C3:BCC LA4E1 | A4CB:BHI LA4E6 | A4D2:BCS LA4DC | A4DA:BLS LA4E1 | A4DF:BRA LA4EC | A4E4:BRA LA4EC,,mode_flag_or_safety_gate,medium,bit-level state mutation
A4E9,LA4E6,,BSET,"L006F,#$08",bit_mutation,L006F,$006F,L006F,internal_ram,bit,#$08,,,direct,bit_set_mask,A4C3:BCC LA4E1 | A4CB:BHI LA4E6 | A4D2:BCS LA4DC | A4DA:BLS LA4E1 | A4DF:BRA LA4EC | A4E4:BRA LA4EC,,mode_flag_or_safety_gate,medium,bit-level state mutation
A4F0,LA4EC,,BCLR,"L0050,#$20",bit_mutation,L0050,$0050,L0050,internal_ram,bit,#$20,,,direct,bit_clear_mask,"A4CB:BHI LA4E6 | A4D2:BCS LA4DC | A4DA:BLS LA4E1 | A4DF:BRA LA4EC | A4E4:BRA LA4EC | A4EC:BRCLR L0050,#$20,LA53D",,mode_flag_or_safety_gate,medium,bit-level state mutation
A4F3,LA4EC,,BSET,"L0050,#$04",bit_mutation,L0050,$0050,L0050,internal_ram,bit,#$04,,,direct,bit_set_mask,"A4CB:BHI LA4E6 | A4D2:BCS LA4DC | A4DA:BLS LA4E1 | A4DF:BRA LA4EC | A4E4:BRA LA4EC | A4EC:BRCLR L0050,#$20,LA53D",,mode_flag_or_safety_gate,medium,bit-level state mutation
A4F8,LA4EC,,STD,L0260,store,L0260,$0260,L0260,internal_ram,16,,,,direct,D,"A4CB:BHI LA4E6 | A4D2:BCS LA4DC | A4DA:BLS LA4E1 | A4DF:BRA LA4EC | A4E4:BRA LA4EC | A4EC:BRCLR L0050,#$20,LA53D",,ram_state_or_intermediate,medium,requires downstream read/use analysis
A50A,LA50A,,STD,L01EA,store,L01EA,$01EA,L01EA,internal_ram,16,,,,direct,D,"A4D2:BCS LA4DC | A4DA:BLS LA4E1 | A4DF:BRA LA4EC | A4E4:BRA LA4EC | A4EC:BRCLR L0050,#$20,LA53D | A506:BPL LA50A",,ram_state_or_intermediate,medium,requires downstream read/use analysis
A50D,LA50A,,CLR,L0202,clear,L0202,$0202,L0202,internal_ram,8,,,,direct,zero,"A4D2:BCS LA4DC | A4DA:BLS LA4E1 | A4DF:BRA LA4EC | A4E4:BRA LA4EC | A4EC:BRCLR L0050,#$20,LA53D | A506:BPL LA50A",,ram_state_or_intermediate,medium,requires downstream read/use analysis
A533,LA51B,,STD,L01F2,store,L01F2,$01F2,L01F2,internal_ram,16,,,,direct,D,"A514:BRSET L004F,#$10,LA51B | A518:JSR LA581 | A51B:BRCLR L004F,#$40,LA57F | A51F:BRSET L0051,#$40,LA57F | A52C:BHI LA538 | A530:JSR LF459",,ram_state_or_intermediate,medium,requires downstream read/use analysis
A538,LA538,,BSET,"L0051,#$40",bit_mutation,L0051,$0051,L0051,internal_ram,bit,#$40,,,direct,bit_set_mask,"A518:JSR LA581 | A51B:BRCLR L004F,#$40,LA57F | A51F:BRSET L0051,#$40,LA57F | A52C:BHI LA538 | A530:JSR LF459 | A536:BRA LA57F",,mode_flag_or_safety_gate,medium,bit-level state mutation
A544,LA540,,BSET,"L0044,#$08",bit_mutation,L0044,$0044,L0044,internal_ram,bit,#$08,,,direct,bit_set_mask,"A52C:BHI LA538 | A530:JSR LF459 | A536:BRA LA57F | A53B:BRA LA57F | A53D:JMP LA59B | A540:BRSET L0044,#$08,LA54A",,mode_flag_or_safety_gate,medium,bit-level state mutation
A55A,LA551,,CLR,L0210,clear,L0210,$0210,L0210,internal_ram,8,,,,direct,zero,"A53D:JMP LA59B | A540:BRSET L0044,#$08,LA54A | A547:JMP LAC51 | A54A:BRSET L004F,#$10,LA551 | A54E:JSR LA581 | A558:BCS LA560",,ram_state_or_intermediate,medium,requires downstream read/use analysis
A560,LA560,,INC,L0210,read_modify_write,L0210,$0210,L0210,internal_ram,8,,,,direct,target_plus_1,"A540:BRSET L0044,#$08,LA54A | A547:JMP LAC51 | A54A:BRSET L004F,#$10,LA551 | A54E:JSR LA581 | A558:BCS LA560 | A55D:JMP LAC51",,ram_state_or_intermediate,medium,requires downstream read/use analysis
A56E,LA56E,,BSET,"L004F,#$80",bit_mutation,L004F,$004F,L004F,internal_ram,bit,#$80,,,direct,bit_set_mask,"A54A:BRSET L004F,#$10,LA551 | A54E:JSR LA581 | A558:BCS LA560 | A55D:JMP LAC51 | A569:BCC LA56E | A56B:JMP LAC51",,mode_flag_or_safety_gate,medium,bit-level state mutation
A571,LA56E,,CLR,L0210,clear,L0210,$0210,L0210,internal_ram,8,,,,direct,zero,"A54A:BRSET L004F,#$10,LA551 | A54E:JSR LA581 | A558:BCS LA560 | A55D:JMP LAC51 | A569:BCC LA56E | A56B:JMP LAC51",,ram_state_or_intermediate,medium,requires downstream read/use analysis
A574,LA56E,,BSET,"L0004,#$08",bit_mutation,L0004,$0004,L0004,internal_ram,bit,#$08,,,direct,bit_set_mask,"A54A:BRSET L004F,#$10,LA551 | A54E:JSR LA581 | A558:BCS LA560 | A55D:JMP LAC51 | A569:BCC LA56E | A56B:JMP LAC51",,mode_flag_or_safety_gate,medium,bit-level state mutation
A577,LA56E,,BCLR,"L0051,#$40",bit_mutation,L0051,$0051,L0051,internal_ram,bit,#$40,,,direct,bit_clear_mask,"A54A:BRSET L004F,#$10,LA551 | A54E:JSR LA581 | A558:BCS LA560 | A55D:JMP LAC51 | A569:BCC LA56E | A56B:JMP LAC51",,mode_flag_or_safety_gate,medium,bit-level state mutation
A57C,LA56E,,STD,L01F2,store,L01F2,$01F2,L01F2,internal_ram,16,,,,direct,D,"A54A:BRSET L004F,#$10,LA551 | A54E:JSR LA581 | A558:BCS LA560 | A55D:JMP LAC51 | A569:BCC LA56E | A56B:JMP LAC51",,ram_state_or_intermediate,medium,requires downstream read/use analysis
A593,LA581,,BSET,"L004F,#$10",bit_mutation,L004F,$004F,L004F,internal_ram,bit,#$10,,,direct,bit_set_mask,A55D:JMP LAC51 | A569:BCC LA56E | A56B:JMP LAC51 | A57F:BRA LA5E5 | A588:BCC LA596				: BR IF RPM GT THRESH | A591:BCS LA597,,mode_flag_or_safety_gate,medium,bit-level state mutation
A597,LA597,,STAA,L0211,store,L0211,$0211,L0211,internal_ram,8,,,,direct,A,A55D:JMP LAC51 | A569:BCC LA56E | A56B:JMP LAC51 | A57F:BRA LA5E5 | A588:BCC LA596				: BR IF RPM GT THRESH | A591:BCS LA597,,ram_state_or_intermediate,medium,requires downstream read/use analysis
A5A4,LA59B,,STX,L0260,store,L0260,$0260,L0260,internal_ram,16,,,,direct,X,A569:BCC LA56E | A56B:JMP LAC51 | A57F:BRA LA5E5 | A588:BCC LA596				: BR IF RPM GT THRESH | A591:BCS LA597 | A5A1:BCC LA5A9,,ram_state_or_intermediate,medium,requires downstream read/use analysis
A5AA,LA5A9,,STAA,L306F,store,L306F,$306F,L306F,hardware_register_region_30xx,8,,,,direct,A,A56B:JMP LAC51 | A57F:BRA LA5E5 | A588:BCC LA596				: BR IF RPM GT THRESH | A591:BCS LA597 | A5A1:BCC LA5A9 | A5A7:BRA LA5AD,,hardware_or_asic_state,medium,mapped hardware/ASIC region
A5BB,LA5AD,,STAA,L02CE,store,L02CE,$02CE,L02CE,internal_ram,8,,,,direct,A,A588:BCC LA596				: BR IF RPM GT THRESH | A591:BCS LA597 | A5A1:BCC LA5A9 | A5A7:BRA LA5AD | A5B0:BCS LA5BE | A5B9:BCC LA5BE,,ram_state_or_intermediate,medium,requires downstream read/use analysis
A5C6,LA5BE,,BCLR,"L004F,#$90",bit_mutation,L004F,$004F,L004F,internal_ram,bit,#$90,,,direct,bit_clear_mask,A591:BCS LA597 | A5A1:BCC LA5A9 | A5A7:BRA LA5AD | A5B0:BCS LA5BE | A5B9:BCC LA5BE | A5C4:BCS LA5DA,,mode_flag_or_safety_gate,medium,bit-level state mutation
A5C9,LA5BE,,BCLR,"L0044,#$08",bit_mutation,L0044,$0044,L0044,internal_ram,bit,#$08,,,direct,bit_clear_mask,A591:BCS LA597 | A5A1:BCC LA5A9 | A5A7:BRA LA5AD | A5B0:BCS LA5BE | A5B9:BCC LA5BE | A5C4:BCS LA5DA,,mode_flag_or_safety_gate,medium,bit-level state mutation
A5CF,LA5BE,,STD,L005F,store,L005F,$005F,L005F,internal_ram,16,,,,direct,D,A591:BCS LA597 | A5A1:BCC LA5A9 | A5A7:BRA LA5AD | A5B0:BCS LA5BE | A5B9:BCC LA5BE | A5C4:BCS LA5DA,,ram_state_or_intermediate,medium,requires downstream read/use analysis
A5D4,LA5BE,,BCLR,"0,X,#$10",bit_mutation,"0,X",,"0,X",unknown,bit,#$10,$3060,$4FC3,unresolved_indexed,bit_clear_mask,A591:BCS LA597 | A5A1:BCC LA5A9 | A5A7:BRA LA5AD | A5B0:BCS LA5BE | A5B9:BCC LA5BE | A5C4:BCS LA5DA,,mode_flag_or_safety_gate,medium,bit-level state mutation
A5E2,LA5E1,,STAA,L0202,store,L0202,$0202,L0202,internal_ram,8,,,,direct,A,"A5B0:BCS LA5BE | A5B9:BCC LA5BE | A5C4:BCS LA5DA | A5D8:BRA LA5D7 | A5DA:BRSET L004F,#$80,LA5E1 | A5DE:JMP LAC51",,ram_state_or_intermediate,medium,requires downstream read/use analysis
A5E8,LA5E5,,STD,L005F,store,L005F,$005F,L005F,internal_ram,16,,,,direct,D,"A5B0:BCS LA5BE | A5B9:BCC LA5BE | A5C4:BCS LA5DA | A5D8:BRA LA5D7 | A5DA:BRSET L004F,#$80,LA5E1 | A5DE:JMP LAC51",,ram_state_or_intermediate,medium,requires downstream read/use analysis
A5EA,LA5E5,,STD,L01E8,store,L01E8,$01E8,L01E8,internal_ram,16,,,,direct,D,"A5B0:BCS LA5BE | A5B9:BCC LA5BE | A5C4:BCS LA5DA | A5D8:BRA LA5D7 | A5DA:BRSET L004F,#$80,LA5E1 | A5DE:JMP LAC51",,ram_state_or_intermediate,medium,requires downstream read/use analysis
A5FC,LA5E5,,STD,L005F,store,L005F,$005F,L005F,internal_ram,16,,,,direct,D,"A5C4:BCS LA5DA | A5D8:BRA LA5D7 | A5DA:BRSET L004F,#$80,LA5E1 | A5DE:JMP LAC51 | A5F7:BEQ LA5FE | A5F9:JSR LF550",,ram_state_or_intermediate,medium,requires downstream read/use analysis
A607,LA5FE,,STD,L083D,store,L083D,$083D,L083D,absolute_memory_or_table,16,,,,direct,D,"A5C4:BCS LA5DA | A5D8:BRA LA5D7 | A5DA:BRSET L004F,#$80,LA5E1 | A5DE:JMP LAC51 | A5F7:BEQ LA5FE | A5F9:JSR LF550",,ram_state_or_intermediate,medium,requires downstream read/use analysis
A61E,LA61E,,STAA,L0061,store,L0061,$0061,L0061,internal_ram,8,,,,direct,A,A5F7:BEQ LA5FE | A5F9:JSR LF550 | A60C:BCS LA617 | A611:BCC LA61E | A615:BRA LA61E | A61B:BCC LA61E,,ram_state_or_intermediate,medium,requires downstream read/use analysis
A628,LA61E,,STAA,L0062,store,L0062,$0062,L0062,internal_ram,8,,,,direct,A,A5F7:BEQ LA5FE | A5F9:JSR LF550 | A60C:BCS LA617 | A611:BCC LA61E | A615:BRA LA61E | A61B:BCC LA61E,,ram_state_or_intermediate,medium,requires downstream read/use analysis
A633,LA61E,,STD,L028E,store,L028E,$028E,L028E,internal_ram,16,,,,direct,D,A5F9:JSR LF550 | A60C:BCS LA617 | A611:BCC LA61E | A615:BRA LA61E | A61B:BCC LA61E | A630:JSR LF459,,ram_state_or_intermediate,medium,requires downstream read/use analysis
A645,LA61E,,STAB,L028D,store,L028D,$028D,L028D,internal_ram,8,,,,direct,B,A60C:BCS LA617 | A611:BCC LA61E | A615:BRA LA61E | A61B:BCC LA61E | A630:JSR LF459 | A63F:BNE LA64B,,ram_state_or_intermediate,medium,requires downstream read/use analysis
A648,LA61E,,STAA,L028C,store,L028C,$028C,L028C,internal_ram,8,,,,direct,A,A60C:BCS LA617 | A611:BCC LA61E | A615:BRA LA61E | A61B:BCC LA61E | A630:JSR LF459 | A63F:BNE LA64B,,ram_state_or_intermediate,medium,requires downstream read/use analysis
A65B,LA65B,,STAA,L0067,store,L0067,$0067,L0067,internal_ram,8,,,,direct,A,A61B:BCC LA61E | A630:JSR LF459 | A63F:BNE LA64B | A64F:BCS LA659 | A652:BCS LA659 | A657:BCC LA65B,,ram_state_or_intermediate,medium,requires downstream read/use analysis
A66C,LA66C,,STD,L0068,store,L0068,$0068,L0068,internal_ram,16,,,,direct,D,A63F:BNE LA64B | A64F:BCS LA659 | A652:BCS LA659 | A657:BCC LA65B | A660:BEQ LA66C | A669:JSR LF479,,ram_state_or_intermediate,medium,requires downstream read/use analysis
A677,LA677,,STAA,L0837,store,L0837,$0837,L0837,absolute_memory_or_table,8,,,,direct,A,A64F:BCS LA659 | A652:BCS LA659 | A657:BCC LA65B | A660:BEQ LA66C | A669:JSR LF479 | A672:BCC LA677,,ram_state_or_intermediate,medium,requires downstream read/use analysis
A685,LA685,,STD,L0063,store,L0063,$0063,L0063,internal_ram,16,,,,direct,D,A657:BCC LA65B | A660:BEQ LA66C | A669:JSR LF479 | A672:BCC LA677 | A67C:BEQ LA685 | A682:JSR LF436,,ram_state_or_intermediate,medium,requires downstream read/use analysis
A6A4,LA6A4,,STD,L01EA,store,L01EA,$01EA,L01EA,internal_ram,16,,,,direct,D,A672:BCC LA677 | A67C:BEQ LA685 | A682:JSR LF436 | A68F:BCS LA695 | A693:BCC LA6A4 | A69F:BMI LA6A7,,ram_state_or_intermediate,medium,requires downstream read/use analysis
A6B5,LA6A7,,STD,L01EA,store,L01EA,$01EA,L01EA,internal_ram,16,,,,direct,D,A67C:BEQ LA685 | A682:JSR LF436 | A68F:BCS LA695 | A693:BCC LA6A4 | A69F:BMI LA6A7 | A6B0:BCC LA6B8,,ram_state_or_intermediate,medium,requires downstream read/use analysis
A6BB,LA6B8,,STD,L01E6,store,L01E6,$01E6,L01E6,internal_ram,16,,,,direct,D,A67C:BEQ LA685 | A682:JSR LF436 | A68F:BCS LA695 | A693:BCC LA6A4 | A69F:BMI LA6A7 | A6B0:BCC LA6B8,,ram_state_or_intermediate,medium,requires downstream read/use analysis
A6D9,LA6D9,,STD,L083F,store,L083F,$083F,L083F,absolute_memory_or_table,16,,,,direct,D,A69F:BMI LA6A7 | A6B0:BCC LA6B8 | A6C2:BCC LA6C9 | A6C7:BRA LA6D9 | A6CD:BCS LA6D4 | A6D2:BRA LA6D9,,ram_state_or_intermediate,medium,requires downstream read/use analysis
A6EC,LA6E3,,STD,L01EC,store,L01EC,$01EC,L01EC,internal_ram,16,,,,direct,D,A6B0:BCC LA6B8 | A6C2:BCC LA6C9 | A6C7:BRA LA6D9 | A6CD:BCS LA6D4 | A6D2:BRA LA6D9 | A6E0:BCC LA6E3,,ram_state_or_intermediate,medium,requires downstream read/use analysis
A6FD,LA6E3,,STD,L01EC,store,L01EC,$01EC,L01EC,internal_ram,16,,,,direct,D,A6C2:BCC LA6C9 | A6C7:BRA LA6D9 | A6CD:BCS LA6D4 | A6D2:BRA LA6D9 | A6E0:BCC LA6E3 | A6F8:BCC LA700,,ram_state_or_intermediate,medium,requires downstream read/use analysis
A703,LA700,,STAB,L01C2,store,L01C2,$01C2,L01C2,internal_ram,8,,,,direct,B,A6C2:BCC LA6C9 | A6C7:BRA LA6D9 | A6CD:BCS LA6D4 | A6D2:BRA LA6D9 | A6E0:BCC LA6E3 | A6F8:BCC LA700,,ram_state_or_intermediate,medium,requires downstream read/use analysis
A709,LA700,,STAB,L01C1,store,L01C1,$01C1,L01C1,internal_ram,8,,,,direct,B,A6C2:BCC LA6C9 | A6C7:BRA LA6D9 | A6CD:BCS LA6D4 | A6D2:BRA LA6D9 | A6E0:BCC LA6E3 | A6F8:BCC LA700,,ram_state_or_intermediate,medium,requires downstream read/use analysis
A72A,LA727,,STAA,L01F8,store,L01F8,$01F8,L01F8,internal_ram,8,,,,direct,A,"A6E0:BCC LA6E3 | A6F8:BCC LA700 | A70F:BRCLR L0050,#$40,LA716 | A71D:BLS LA727 | A723:BCC LA727 | A727:JSR LF4DE",,ram_state_or_intermediate,medium,requires downstream read/use analysis
A761,LA761,,STAA,L01F9,store,L01F9,$01F9,L01F9,internal_ram,8,,,,direct,A,A740:BLS LA74B | A744:BLS LA748 | A74B:JSR LF4DE | A750:BPL LA761 | A757:BCC LA761 | A75C:BCC LA761,,ram_state_or_intermediate,medium,requires downstream read/use analysis
A777,LA761,,STAA,L01FB,store,L01FB,$01FB,L01FB,internal_ram,8,,,,direct,A,A74B:JSR LF4DE | A750:BPL LA761 | A757:BCC LA761 | A75C:BCC LA761 | A769:BEQ LA77A | A774:JSR LF4DE,,ram_state_or_intermediate,medium,requires downstream read/use analysis
A78F,LA77A,,STAA,L020B,store,L020B,$020B,L020B,internal_ram,8,,,,direct,A,A750:BPL LA761 | A757:BCC LA761 | A75C:BCC LA761 | A769:BEQ LA77A | A774:JSR LF4DE | A783:JSR LF4C1,,ram_state_or_intermediate,medium,requires downstream read/use analysis
A7D4,LA7D4,,STD,L01F4,store,L01F4,$01F4,L01F4,internal_ram,16,,,,direct,D,A7AE:BHI LA7B3 | A7B1:BRA LA7BE | A7BA:BLS LA7BE | A7C2:BLS LA7C6 | A7C8:JSR LF4DE | A7D1:JSR LF459,,ram_state_or_intermediate,medium,requires downstream read/use analysis
A81B,LA811,,STD,L01FD,store,L01FD,$01FD,L01FD,internal_ram,16,,,,direct,D,"A7B1:BRA LA7BE | A7BA:BLS LA7BE | A7C2:BLS LA7C6 | A7C8:JSR LF4DE | A7D1:JSR LF459 | A808:BRCLR L00A4,#$0F,LA811",,ram_state_or_intermediate,medium,requires downstream read/use analysis
A832,LA82B,,STAA,L083C,store,L083C,$083C,L083C,absolute_memory_or_table,8,,,,direct,A,"A7C2:BLS LA7C6 | A7C8:JSR LF4DE | A7D1:JSR LF459 | A808:BRCLR L00A4,#$0F,LA811 | A824:BRSET L0041,#$02,LA82B | A82B:JSR LF4C1",,ram_state_or_intermediate,medium,requires downstream read/use analysis
A841,LA82B,,STD,L01FD,store,L01FD,$01FD,L01FD,internal_ram,16,,,,direct,D,"A7C8:JSR LF4DE | A7D1:JSR LF459 | A808:BRCLR L00A4,#$0F,LA811 | A824:BRSET L0041,#$02,LA82B | A82B:JSR LF4C1 | A835:BRCLR L0041,#$02,LA846",,ram_state_or_intermediate,medium,requires downstream read/use analysis
A84B,LA846,,STX,L01FD,store,L01FD,$01FD,L01FD,internal_ram,16,,,,direct,X,"A7D1:JSR LF459 | A808:BRCLR L00A4,#$0F,LA811 | A824:BRSET L0041,#$02,LA82B | A82B:JSR LF4C1 | A835:BRCLR L0041,#$02,LA846 | A844:BRA LA84E",,ram_state_or_intermediate,medium,requires downstream read/use analysis
A887,LA873,,BCLR,"L0053,#$01",bit_mutation,L0053,$0053,L0053,internal_ram,bit,#$01,,,direct,bit_clear_mask,"A865:BRCLR L0050,#$40,LA86C | A86F:BHI LA873 | A871:BRA LA8B1 | A878:BLS LA8B1 | A87E:BRSET L0050,#$80,LA88E | A885:BCC LA88E",,mode_flag_or_safety_gate,medium,bit-level state mutation
A892,LA88E,,BCLR,"L0053,#$01",bit_mutation,L0053,$0053,L0053,internal_ram,bit,#$01,,,direct,bit_clear_mask,"A871:BRA LA8B1 | A878:BLS LA8B1 | A87E:BRSET L0050,#$80,LA88E | A885:BCC LA88E | A88C:BRA LA8B1 | A890:BCS LA897",,mode_flag_or_safety_gate,medium,bit-level state mutation
A897,LA897,,BSET,"L0053,#$01",bit_mutation,L0053,$0053,L0053,internal_ram,bit,#$01,,,direct,bit_set_mask,"A878:BLS LA8B1 | A87E:BRSET L0050,#$80,LA88E | A885:BCC LA88E | A88C:BRA LA8B1 | A890:BCS LA897 | A895:BRA LA8A1",,mode_flag_or_safety_gate,medium,bit-level state mutation
A8B1,LA8B1,,BCLR,"L0050,#$40",bit_mutation,L0050,$0050,L0050,internal_ram,bit,#$40,,,direct,bit_clear_mask,A890:BCS LA897 | A895:BRA LA8A1 | A8A3:BCS LA8AD | A8A7:BCS LA8B7 | A8AB:BCC LA8BA | A8AF:BRA LA8BA,,mode_flag_or_safety_gate,medium,bit-level state mutation
A900,LA8FD,,STD,L01FD,store,L01FD,$01FD,L01FD,internal_ram,16,,,,direct,D,A8DA:BRA LA8E2 | A8DE:BLS LA8E2 | A8E4:JSR LF4C1 | A8EC:BMI LA8FA | A8F1:BLS LA8F6 | A8F8:BRA LA8FD,,ram_state_or_intermediate,medium,requires downstream read/use analysis
A903,LA8FD,,BSET,"L0050,#$40",bit_mutation,L0050,$0050,L0050,internal_ram,bit,#$40,,,direct,bit_set_mask,A8DA:BRA LA8E2 | A8DE:BLS LA8E2 | A8E4:JSR LF4C1 | A8EC:BMI LA8FA | A8F1:BLS LA8F6 | A8F8:BRA LA8FD,,mode_flag_or_safety_gate,medium,bit-level state mutation
A921,LA906,,STD,L0838,store,L0838,$0838,L0838,absolute_memory_or_table,16,,,,direct,D,"A8F1:BLS LA8F6 | A8F8:BRA LA8FD | A90B:BCS LA97A | A910:BHI LA97A | A917:BEQ LA97A | A919:BRCLR L0050,#$80,LA926",,ram_state_or_intermediate,medium,requires downstream read/use analysis
A92B,LA926,,STAA,L083A,store,L083A,$083A,L083A,absolute_memory_or_table,8,,,,direct,A,"A8F8:BRA LA8FD | A90B:BCS LA97A | A910:BHI LA97A | A917:BEQ LA97A | A919:BRCLR L0050,#$80,LA926 | A924:BRA LA97A",,ram_state_or_intermediate,medium,requires downstream read/use analysis
A943,LA926,,STD,L0838,store,L0838,$0838,L0838,absolute_memory_or_table,16,,,,direct,D,"A910:BHI LA97A | A917:BEQ LA97A | A919:BRCLR L0050,#$80,LA926 | A924:BRA LA97A | A936:JSR LF4C1 | A940:JSR LF459",,ram_state_or_intermediate,medium,requires downstream read/use analysis
A95D,LA95D,,STAA,L083B,store,L083B,$083B,L083B,absolute_memory_or_table,8,,,,direct,A,"A919:BRCLR L0050,#$80,LA926 | A924:BRA LA97A | A936:JSR LF4C1 | A940:JSR LF459 | A94C:BPL LA952 | A959:BLS LA95D",,ram_state_or_intermediate,medium,requires downstream read/use analysis
A977,LA977,,STD,L01FD,store,L01FD,$01FD,L01FD,internal_ram,16,,,,direct,D,A936:JSR LF4C1 | A940:JSR LF459 | A94C:BPL LA952 | A959:BLS LA95D | A963:BPL LA96F | A96D:BRA LA977,,ram_state_or_intermediate,medium,requires downstream read/use analysis
A981,LA97A,,BSET,"L0051,#$20",bit_mutation,L0051,$0051,L0051,internal_ram,bit,#$20,,,direct,bit_set_mask,"A940:JSR LF459 | A94C:BPL LA952 | A959:BLS LA95D | A963:BPL LA96F | A96D:BRA LA977 | A97D:BRCLR L0046,#$08,LA9A3",,mode_flag_or_safety_gate,medium,bit-level state mutation
A986,LA97A,,STD,L01F2,store,L01F2,$01F2,L01F2,internal_ram,16,,,,direct,D,"A940:JSR LF459 | A94C:BPL LA952 | A959:BLS LA95D | A963:BPL LA96F | A96D:BRA LA977 | A97D:BRCLR L0046,#$08,LA9A3",,ram_state_or_intermediate,medium,requires downstream read/use analysis
A996,LA996,,STAB,L0208,store,L0208,$0208,L0208,internal_ram,8,,,,direct,B,"A94C:BPL LA952 | A959:BLS LA95D | A963:BPL LA96F | A96D:BRA LA977 | A97D:BRCLR L0046,#$08,LA9A3 | A992:BMI LA996",,ram_state_or_intermediate,medium,requires downstream read/use analysis
A9C2,LA9B5,,STD,L01F2,store,L01F2,$01F2,L01F2,internal_ram,16,,,,direct,D,"A992:BMI LA996 | A9A1:BRA LA9DD | A9A3:BRCLR L0051,#$20,LA9E0 | A9B0:BLS LA9B5 | A9BB:BHI LA9C7 | A9BF:JSR LF459",,ram_state_or_intermediate,medium,requires downstream read/use analysis
A9C7,LA9C7,,BCLR,"L0051,#$20",bit_mutation,L0051,$0051,L0051,internal_ram,bit,#$20,,,direct,bit_clear_mask,"A9A1:BRA LA9DD | A9A3:BRCLR L0051,#$20,LA9E0 | A9B0:BLS LA9B5 | A9BB:BHI LA9C7 | A9BF:JSR LF459 | A9C5:BRA LA9CA",,mode_flag_or_safety_gate,medium,bit-level state mutation
A9DD,LA9DD,,STD,L01FD,store,L01FD,$01FD,L01FD,internal_ram,16,,,,direct,D,"A9A1:BRA LA9DD | A9A3:BRCLR L0051,#$20,LA9E0 | A9B0:BLS LA9B5 | A9BB:BHI LA9C7 | A9BF:JSR LF459 | A9C5:BRA LA9CA",,ram_state_or_intermediate,medium,requires downstream read/use analysis
AA0F,LAA0C,,STD,L01FD,store,L01FD,$01FD,L01FD,internal_ram,16,,,,direct,D,"A9EE:BRCLR L0036,#$20,LAA17 | A9F7:BLS LAA17 | A9FC:BRSET L0053,#$10,LAA07 | AA03:BHI LAA17 | AA05:BRA LAA0C | AA0A:BHI LAA17",,ram_state_or_intermediate,medium,requires downstream read/use analysis
AA12,LAA0C,,BSET,"L0053,#$10",bit_mutation,L0053,$0053,L0053,internal_ram,bit,#$10,,,direct,bit_set_mask,"A9EE:BRCLR L0036,#$20,LAA17 | A9F7:BLS LAA17 | A9FC:BRSET L0053,#$10,LAA07 | AA03:BHI LAA17 | AA05:BRA LAA0C | AA0A:BHI LAA17",,mode_flag_or_safety_gate,medium,bit-level state mutation
AA17,LAA17,,BCLR,"L0053,#$10",bit_mutation,L0053,$0053,L0053,internal_ram,bit,#$10,,,direct,bit_clear_mask,"A9F7:BLS LAA17 | A9FC:BRSET L0053,#$10,LAA07 | AA03:BHI LAA17 | AA05:BRA LAA0C | AA0A:BHI LAA17 | AA15:BRA LAA1A",,mode_flag_or_safety_gate,medium,bit-level state mutation
AA22,LAA1A,,STD,L01EE,store,L01EE,$01EE,L01EE,internal_ram,16,,,,direct,D,"A9F7:BLS LAA17 | A9FC:BRSET L0053,#$10,LAA07 | AA03:BHI LAA17 | AA05:BRA LAA0C | AA0A:BHI LAA17 | AA15:BRA LAA1A",,ram_state_or_intermediate,medium,requires downstream read/use analysis
AA30,LAA1A,,STD,L01EE,store,L01EE,$01EE,L01EE,internal_ram,16,,,,direct,D,"A9FC:BRSET L0053,#$10,LAA07 | AA03:BHI LAA17 | AA05:BRA LAA0C | AA0A:BHI LAA17 | AA15:BRA LAA1A | AA2B:BGT LAA33",,ram_state_or_intermediate,medium,requires downstream read/use analysis
AA49,LAA33,,DEC,L020E,read_modify_write,L020E,$020E,L020E,internal_ram,8,,,,direct,target_minus_1,"AA15:BRA LAA1A | AA2B:BGT LAA33 | AA38:BEQ LAA81 | AA3A:BRSET L0050,#$10,LAA81 | AA43:BLS LAA81 | AA45:BRCLR L006E,#$02,LAA5E",,ram_state_or_intermediate,medium,requires downstream read/use analysis
AA4E,LAA33,,BCLR,"L006E,#$02",bit_mutation,L006E,$006E,L006E,internal_ram,bit,#$02,,,direct,bit_clear_mask,"AA2B:BGT LAA33 | AA38:BEQ LAA81 | AA3A:BRSET L0050,#$10,LAA81 | AA43:BLS LAA81 | AA45:BRCLR L006E,#$02,LAA5E | AA4C:BNE LAA51",,mode_flag_or_safety_gate,medium,bit-level state mutation
AA59,LAA51,,STD,L01EE,store,L01EE,$01EE,L01EE,internal_ram,16,,,,direct,D,"AA2B:BGT LAA33 | AA38:BEQ LAA81 | AA3A:BRSET L0050,#$10,LAA81 | AA43:BLS LAA81 | AA45:BRCLR L006E,#$02,LAA5E | AA4C:BNE LAA51",,ram_state_or_intermediate,medium,requires downstream read/use analysis
AA78,LAA5E,,BSET,"L006E,#$02",bit_mutation,L006E,$006E,L006E,internal_ram,bit,#$02,,,direct,bit_set_mask,AA4C:BNE LAA51 | AA5C:BRA LAA81 | AA64:BCC LAA81 | AA6C:BCC LAA81 | AA71:BCS LAA81 | AA76:BCS LAA81,,mode_flag_or_safety_gate,medium,bit-level state mutation
AA7E,LAA5E,,STAA,L020E,store,L020E,$020E,L020E,internal_ram,8,,,,direct,A,AA4C:BNE LAA51 | AA5C:BRA LAA81 | AA64:BCC LAA81 | AA6C:BCC LAA81 | AA71:BCS LAA81 | AA76:BCS LAA81,,ram_state_or_intermediate,medium,requires downstream read/use analysis
AA85,LAA81,,CLR,L020D,clear,L020D,$020D,L020D,internal_ram,8,,,,direct,zero,AA4C:BNE LAA51 | AA5C:BRA LAA81 | AA64:BCC LAA81 | AA6C:BCC LAA81 | AA71:BCS LAA81 | AA76:BCS LAA81,,ram_state_or_intermediate,medium,requires downstream read/use analysis
AACB,LAACB,,STAA,L020C,store,L020C,$020C,L020C,internal_ram,8,,,,direct,A,"AAAA:BCS LAADC | AAAC:BRCLR L0019,#$10,LAAB5 | AAB3:BRA LAACB | AABA:BCS LAAC1 | AABF:BCC LAAC3 | AAC8:BLS LAACB",,ram_state_or_intermediate,medium,requires downstream read/use analysis
AAD8,LAACB,,STD,L01EE,store,L01EE,$01EE,L01EE,internal_ram,16,,,,direct,D,"AAAA:BCS LAADC | AAAC:BRCLR L0019,#$10,LAAB5 | AAB3:BRA LAACB | AABA:BCS LAAC1 | AABF:BCC LAAC3 | AAC8:BLS LAACB",,ram_state_or_intermediate,medium,requires downstream read/use analysis
AB17,LAB17,,STD,L01EE,store,L01EE,$01EE,L01EE,internal_ram,16,,,,direct,D,"AAF5:BRA LAB17 | AAF7:BRCLR L0051,#$20,LAB0E | AB01:BHI LAB0E | AB0A:BLT LAB1A | AB0C:BRA LAB17 | AB15:BLT LAB1A",,ram_state_or_intermediate,medium,requires downstream read/use analysis
AB3E,LAB3E,,STD,L01EE,store,L01EE,$01EE,L01EE,internal_ram,16,,,,direct,D,"AB15:BLT LAB1A | AB1D:BRCLR L003B,#$10,LAB3E | AB24:BRCLR 0,X,#$08,LAB3E | AB28:BRSET 0,X,#$10,LAB2E | AB2E:BRSET 0,X,#$20,LAB39 | AB37:BRA LAB3E",,ram_state_or_intermediate,medium,requires downstream read/use analysis
AB41,LAB3E,,STD,L01F0,store,L01F0,$01F0,L01F0,internal_ram,16,,,,direct,D,"AB15:BLT LAB1A | AB1D:BRCLR L003B,#$10,LAB3E | AB24:BRCLR 0,X,#$08,LAB3E | AB28:BRSET 0,X,#$10,LAB2E | AB2E:BRSET 0,X,#$20,LAB39 | AB37:BRA LAB3E",,ram_state_or_intermediate,medium,requires downstream read/use analysis
AB44,LAB3E,,BCLR,"L004F,#$01",bit_mutation,L004F,$004F,L004F,internal_ram,bit,#$01,,,direct,bit_clear_mask,"AB15:BLT LAB1A | AB1D:BRCLR L003B,#$10,LAB3E | AB24:BRCLR 0,X,#$08,LAB3E | AB28:BRSET 0,X,#$10,LAB2E | AB2E:BRSET 0,X,#$20,LAB39 | AB37:BRA LAB3E",,mode_flag_or_safety_gate,medium,bit-level state mutation
AB4C,LAB3E,,BSET,"L004F,#$01",bit_mutation,L004F,$004F,L004F,internal_ram,bit,#$01,,,direct,bit_set_mask,"AB1D:BRCLR L003B,#$10,LAB3E | AB24:BRCLR 0,X,#$08,LAB3E | AB28:BRSET 0,X,#$10,LAB2E | AB2E:BRSET 0,X,#$20,LAB39 | AB37:BRA LAB3E | AB4A:BPL LAB50",,mode_flag_or_safety_gate,medium,bit-level state mutation
AB72,LAB69,,STAA,L0201,store,L0201,$0201,L0201,internal_ram,8,,,,direct,A,"AB4A:BPL LAB50 | AB51:BRSET L0051,#$40,LAB62 | AB5B:BRCLR 0,X,#$80,LAB60 | AB62:BRCLR L0086,#$40,LAB69 | AB66:JSR L180F | AB6F:JSR LF499",,ram_state_or_intermediate,medium,requires downstream read/use analysis
ABA0,LAB84,,STD,"0,X",store,"0,X",,"0,X",unknown,16,,$005F,$4153,unresolved_indexed,D,"AB62:BRCLR L0086,#$40,LAB69 | AB66:JSR L180F | AB6F:JSR LF499 | AB79:JSR LF550 | AB7C:BRSET L004F,#$01,LAB84 | AB9C:BMI LABA2",,ram_state_or_intermediate,medium,requires downstream read/use analysis
ABAA,LABA2,,STD,L3FE8,store,L3FE8,$3FE8,L3FE8,asic_hardware_region_3fxx,16,,,,direct,D,"AB66:JSR L180F | AB6F:JSR LF499 | AB79:JSR LF550 | AB7C:BRSET L004F,#$01,LAB84 | AB9C:BMI LABA2 | ABA7:JSR LF3ED",,spark_stock_handoff_sink_or_state,medium,preserved stock spark handoff owns this target
ABBA,LABA2,,STD,L3FE6,store,L3FE6,$3FE6,L3FE6,asic_hardware_region_3fxx,16,,,,direct,D,"AB6F:JSR LF499 | AB79:JSR LF550 | AB7C:BRSET L004F,#$01,LAB84 | AB9C:BMI LABA2 | ABA7:JSR LF3ED | ABAD:JSR LF3ED",,spark_stock_handoff_sink_or_state,medium,preserved stock spark handoff owns this target
ABC0,LABA2,,STX,L3FDC,store,L3FDC,$3FDC,L3FDC,asic_hardware_region_3fxx,16,,,,direct,X,"AB79:JSR LF550 | AB7C:BRSET L004F,#$01,LAB84 | AB9C:BMI LABA2 | ABA7:JSR LF3ED | ABAD:JSR LF3ED | ABBD:JSR LF3ED",,spark_stock_handoff_sink_or_state,medium,preserved stock spark handoff owns this target
ABC8,LABA2,,STD,L3FF6,store,L3FF6,$3FF6,L3FF6,asic_hardware_region_3fxx,16,,,,direct,D,"AB7C:BRSET L004F,#$01,LAB84 | AB9C:BMI LABA2 | ABA7:JSR LF3ED | ABAD:JSR LF3ED | ABBD:JSR LF3ED | ABC3:JSR LF3ED",,spark_stock_handoff_sink_or_state,medium,preserved stock spark handoff owns this target
ABF9,LABA2,,BSET,"L0044,#$40",bit_mutation,L0044,$0044,L0044,internal_ram,bit,#$40,,,direct,bit_set_mask,"ABDD:BRCLR 0,Y,#$20,LAC1C | ABE2:BRSET L004F,#$40,LAC25 | ABE6:BRSET L0044,#$80,LAC16 | ABEE:BNE LABFE | ABF3:BHI LABFE | ABF5:BRSET L0044,#$40,LAC1C",,mode_flag_or_safety_gate,medium,bit-level state mutation
AC07,LABFE,,STAB,L022C,store,L022C,$022C,L022C,internal_ram,8,,,,direct,B,"ABE6:BRSET L0044,#$80,LAC16 | ABEE:BNE LABFE | ABF3:BHI LABFE | ABF5:BRSET L0044,#$40,LAC1C | ABFC:BRA LAC0D | AC04:BHI LAC13",,ram_state_or_intermediate,medium,requires downstream read/use analysis
AC0A,LABFE,,BCLR,"L0044,#$40",bit_mutation,L0044,$0044,L0044,internal_ram,bit,#$40,,,direct,bit_clear_mask,"ABE6:BRSET L0044,#$80,LAC16 | ABEE:BNE LABFE | ABF3:BHI LABFE | ABF5:BRSET L0044,#$40,LAC1C | ABFC:BRA LAC0D | AC04:BHI LAC13",,mode_flag_or_safety_gate,medium,bit-level state mutation
AC0D,LAC0D,,STX,L0205,store,L0205,$0205,L0205,internal_ram,16,,,,direct,X,"ABE6:BRSET L0044,#$80,LAC16 | ABEE:BNE LABFE | ABF3:BHI LABFE | ABF5:BRSET L0044,#$40,LAC1C | ABFC:BRA LAC0D | AC04:BHI LAC13",,ram_state_or_intermediate,medium,requires downstream read/use analysis
AC13,LAC13,,BSET,"L0044,#$80",bit_mutation,L0044,$0044,L0044,internal_ram,bit,#$80,,,direct,bit_set_mask,"ABEE:BNE LABFE | ABF3:BHI LABFE | ABF5:BRSET L0044,#$40,LAC1C | ABFC:BRA LAC0D | AC04:BHI LAC13 | AC10:JMP LACA3",,mode_flag_or_safety_gate,medium,bit-level state mutation
AC16,LAC16,,BSET,"L0019,#$20",bit_mutation,L0019,$0019,L0019,internal_ram,bit,#$20,,,direct,bit_set_mask,"ABEE:BNE LABFE | ABF3:BHI LABFE | ABF5:BRSET L0044,#$40,LAC1C | ABFC:BRA LAC0D | AC04:BHI LAC13 | AC10:JMP LACA3",,mode_flag_or_safety_gate,medium,bit-level state mutation
AC1C,LAC1C,,BSET,"L004F,#$40",bit_mutation,L004F,$004F,L004F,internal_ram,bit,#$40,,,direct,bit_set_mask,"ABF3:BHI LABFE | ABF5:BRSET L0044,#$40,LAC1C | ABFC:BRA LAC0D | AC04:BHI LAC13 | AC10:JMP LACA3 | AC19:JMP LACA3",,mode_flag_or_safety_gate,medium,bit-level state mutation
AC1F,LAC1C,,CLR,L022C,clear,L022C,$022C,L022C,internal_ram,8,,,,direct,zero,"ABF3:BHI LABFE | ABF5:BRSET L0044,#$40,LAC1C | ABFC:BRA LAC0D | AC04:BHI LAC13 | AC10:JMP LACA3 | AC19:JMP LACA3",,ram_state_or_intermediate,medium,requires downstream read/use analysis
AC22,LAC1C,,STX,L0205,store,L0205,$0205,L0205,internal_ram,16,,,,direct,X,"ABF3:BHI LABFE | ABF5:BRSET L0044,#$40,LAC1C | ABFC:BRA LAC0D | AC04:BHI LAC13 | AC10:JMP LACA3 | AC19:JMP LACA3",,ram_state_or_intermediate,medium,requires downstream read/use analysis
AC25,LAC25,,BCLR,"L0044,#$08",bit_mutation,L0044,$0044,L0044,internal_ram,bit,#$08,,,direct,bit_clear_mask,"ABF3:BHI LABFE | ABF5:BRSET L0044,#$40,LAC1C | ABFC:BRA LAC0D | AC04:BHI LAC13 | AC10:JMP LACA3 | AC19:JMP LACA3",,mode_flag_or_safety_gate,medium,bit-level state mutation
AC2E,LAC25,,STX,L3FE4,store,L3FE4,$3FE4,L3FE4,asic_hardware_region_3fxx,16,,,,direct,X,"ABF5:BRSET L0044,#$40,LAC1C | ABFC:BRA LAC0D | AC04:BHI LAC13 | AC10:JMP LACA3 | AC19:JMP LACA3 | AC2B:JSR LF3ED",,spark_stock_handoff_sink_or_state,medium,preserved stock spark handoff owns this target
AC31,LAC31,,BSET,"L004B,#$10",bit_mutation,L004B,$004B,L004B,internal_ram,bit,#$10,,,direct,bit_set_mask,"ABF5:BRSET L0044,#$40,LAC1C | ABFC:BRA LAC0D | AC04:BHI LAC13 | AC10:JMP LACA3 | AC19:JMP LACA3 | AC2B:JSR LF3ED",,mode_flag_or_safety_gate,medium,bit-level state mutation
AC3C,LAC31,,BSET,"L0019,#$20",bit_mutation,L0019,$0019,L0019,internal_ram,bit,#$20,,,direct,bit_set_mask,"AC04:BHI LAC13 | AC10:JMP LACA3 | AC19:JMP LACA3 | AC2B:JSR LF3ED | AC34:BRCLR L0004,#$80,LAC41 | AC38:BRSET L0044,#$04,LAC41",,mode_flag_or_safety_gate,medium,bit-level state mutation
AC4C,LAC41,,BSET,"L0044,#$04",bit_mutation,L0044,$0044,L0044,internal_ram,bit,#$04,,,direct,bit_set_mask,"AC2B:JSR LF3ED | AC34:BRCLR L0004,#$80,LAC41 | AC38:BRSET L0044,#$04,LAC41 | AC3F:BRA LACA0 | AC41:BRCLR L003B,#$10,LACA3 | AC4A:BEQ LACA3",,mode_flag_or_safety_gate,medium,bit-level state mutation
AC5B,LAC51,,STD,L005F,store,L005F,$005F,L005F,internal_ram,16,,,,direct,D,"AC38:BRSET L0044,#$04,LAC41 | AC3F:BRA LACA0 | AC41:BRCLR L003B,#$10,LACA3 | AC4A:BEQ LACA3 | AC4F:BRA LACA0 | AC54:BRCLR L0044,#$08,LAC9E",,ram_state_or_intermediate,medium,requires downstream read/use analysis
AC5D,LAC51,,STD,L01E8,store,L01E8,$01E8,L01E8,internal_ram,16,,,,direct,D,"AC38:BRSET L0044,#$04,LAC41 | AC3F:BRA LACA0 | AC41:BRCLR L003B,#$10,LACA3 | AC4A:BEQ LACA3 | AC4F:BRA LACA0 | AC54:BRCLR L0044,#$08,LAC9E",,ram_state_or_intermediate,medium,requires downstream read/use analysis
AC6F,LAC51,,STD,L005F,store,L005F,$005F,L005F,internal_ram,16,,,,direct,D,"AC41:BRCLR L003B,#$10,LACA3 | AC4A:BEQ LACA3 | AC4F:BRA LACA0 | AC54:BRCLR L0044,#$08,LAC9E | AC6A:BEQ LAC71 | AC6C:JSR LF550",,ram_state_or_intermediate,medium,requires downstream read/use analysis
AC90,LAC90,,STAA,L0061,store,L0061,$0061,L0061,internal_ram,8,,,,direct,A,AC6A:BEQ LAC71 | AC6C:JSR LF550 | AC7E:BCS LAC89 | AC83:BCC LAC90 | AC87:BRA LAC90 | AC8D:BCC LAC90,,ram_state_or_intermediate,medium,requires downstream read/use analysis
AC9A,LAC90,,STAA,L0062,store,L0062,$0062,L0062,internal_ram,8,,,,direct,A,AC6A:BEQ LAC71 | AC6C:JSR LF550 | AC7E:BCS LAC89 | AC83:BCC LAC90 | AC87:BRA LAC90 | AC8D:BCC LAC90,,ram_state_or_intermediate,medium,requires downstream read/use analysis
AC9E,LAC9E,,STX,L005F,store,L005F,$005F,L005F,internal_ram,16,,,,direct,X,AC6C:JSR LF550 | AC7E:BCS LAC89 | AC83:BCC LAC90 | AC87:BRA LAC90 | AC8D:BCC LAC90 | AC9C:BRA LACA0,,ram_state_or_intermediate,medium,requires downstream read/use analysis
ACA0,LACA0,,BCLR,"L004B,#$10",bit_mutation,L004B,$004B,L004B,internal_ram,bit,#$10,,,direct,bit_clear_mask,AC6C:JSR LF550 | AC7E:BCS LAC89 | AC83:BCC LAC90 | AC87:BRA LAC90 | AC8D:BCC LAC90 | AC9C:BRA LACA0,,mode_flag_or_safety_gate,medium,bit-level state mutation
ACA3,LACA3,,BCLR,"L0050,#$04",bit_mutation,L0050,$0050,L0050,internal_ram,bit,#$04,,,direct,bit_clear_mask,AC6C:JSR LF550 | AC7E:BCS LAC89 | AC83:BCC LAC90 | AC87:BRA LAC90 | AC8D:BCC LAC90 | AC9C:BRA LACA0,,mode_flag_or_safety_gate,medium,bit-level state mutation
ACDB,LACD3,,STD,L0849,store,L0849,$0849,L0849,absolute_memory_or_table,16,,,,direct,D,"ACB9:BRA LACD0 | ACBB:BRCLR L003B,#$10,LACD3 | ACC2:BRCLR 0,X,#$01,LACD3 | ACC9:BRSET 0,X,#$01,LACD0 | ACCD:JMP LAD48 | ACD0:JMP LAD4D",,ram_state_or_intermediate,medium,requires downstream read/use analysis
ACE0,LACD3,,STD,L0847,store,L0847,$0847,L0847,absolute_memory_or_table,16,,,,direct,D,"ACB9:BRA LACD0 | ACBB:BRCLR L003B,#$10,LACD3 | ACC2:BRCLR 0,X,#$01,LACD3 | ACC9:BRSET 0,X,#$01,LACD0 | ACCD:JMP LAD48 | ACD0:JMP LAD4D",,ram_state_or_intermediate,medium,requires downstream read/use analysis
AD0F,LACF7,,STAB,L0845,store,L0845,$0845,L0845,absolute_memory_or_table,8,,,,direct,B,ACEA:BLS LAD38 | ACF3:BLS LACF7 | ACFA:BHI LAD38 | AD01:BCS LAD38 | AD07:BHI LAD4D | AD0B:BCS LAD38,,ram_state_or_intermediate,medium,requires downstream read/use analysis
AD25,LACF7,,STAB,L084B,store,L084B,$084B,L084B,absolute_memory_or_table,8,,,,direct,B,ACEA:BLS LAD38 | ACF3:BLS LACF7 | ACFA:BHI LAD38 | AD01:BCS LAD38 | AD07:BHI LAD4D | AD0B:BCS LAD38,,ram_state_or_intermediate,medium,requires downstream read/use analysis
AD2D,LAD29,,INC,L0845,read_modify_write,L0845,$0845,L0845,absolute_memory_or_table,8,,,,direct,target_plus_1,ACF3:BLS LACF7 | ACFA:BHI LAD38 | AD01:BCS LAD38 | AD07:BHI LAD4D | AD0B:BCS LAD38 | AD2B:BCC LAD52,,ram_state_or_intermediate,medium,requires downstream read/use analysis
AD45,LAD45,,STAA,L0846,store,L0846,$0846,L0846,absolute_memory_or_table,8,,,,direct,A,AD01:BCS LAD38 | AD07:BHI LAD4D | AD0B:BCS LAD38 | AD2B:BCC LAD52 | AD36:BCS LAD29 | AD40:BLS LAD45,,ram_state_or_intermediate,medium,requires downstream read/use analysis
AD48,LAD48,,BCLR,"L0053,#$04",bit_mutation,L0053,$0053,L0053,internal_ram,bit,#$04,,,direct,bit_clear_mask,AD01:BCS LAD38 | AD07:BHI LAD4D | AD0B:BCS LAD38 | AD2B:BCC LAD52 | AD36:BCS LAD29 | AD40:BLS LAD45,,mode_flag_or_safety_gate,medium,bit-level state mutation
AD4D,LAD4D,,BSET,"L0053,#$04",bit_mutation,L0053,$0053,L0053,internal_ram,bit,#$04,,,direct,bit_set_mask,AD07:BHI LAD4D | AD0B:BCS LAD38 | AD2B:BCC LAD52 | AD36:BCS LAD29 | AD40:BLS LAD45 | AD4B:BRA LADA9,,mode_flag_or_safety_gate,medium,bit-level state mutation
ADD9,LADD0,,STAA,L0853,store,L0853,$0853,L0853,absolute_memory_or_table,8,,,,direct,A,"ADAF:BNE LADB4 | ADB1:JMP LAE5B | ADBE:JSR LF4C1 | ADC5:BRCLR L0089,#$20,LADD0 | ADCD:BCC LADD0 | ADD4:BCC LADDE",,ram_state_or_intermediate,medium,requires downstream read/use analysis
AE47,LAE47,,BSET,"L0089,#$20",bit_mutation,L0089,$0089,L0089,internal_ram,bit,#$20,,,direct,bit_set_mask,"AE1F:BRSET L0089,#$20,LAE28 | AE30:JSR LF4BD | AE36:BCS LAE4C | AE3D:BCS LAE4C | AE42:BEQ LAE47 | AE45:BRA LAE4F",,mode_flag_or_safety_gate,medium,bit-level state mutation
AE4F,LAE4F,,STAA,L0853,store,L0853,$0853,L0853,absolute_memory_or_table,8,,,,direct,A,AE30:JSR LF4BD | AE36:BCS LAE4C | AE3D:BCS LAE4C | AE42:BEQ LAE47 | AE45:BRA LAE4F | AE4A:BRA LAE55,,ram_state_or_intermediate,medium,requires downstream read/use analysis
AE52,LAE52,,BCLR,"L0089,#$20",bit_mutation,L0089,$0089,L0089,internal_ram,bit,#$20,,,direct,bit_clear_mask,AE30:JSR LF4BD | AE36:BCS LAE4C | AE3D:BCS LAE4C | AE42:BEQ LAE47 | AE45:BRA LAE4F | AE4A:BRA LAE55,,mode_flag_or_safety_gate,medium,bit-level state mutation
AE58,LAE55,,STAA,L0854,store,L0854,$0854,L0854,absolute_memory_or_table,8,,,,direct,A,AE30:JSR LF4BD | AE36:BCS LAE4C | AE3D:BCS LAE4C | AE42:BEQ LAE47 | AE45:BRA LAE4F | AE4A:BRA LAE55,,ram_state_or_intermediate,medium,requires downstream read/use analysis
AE72,LAE5C,,STX,L0851,store,L0851,$0851,L0851,absolute_memory_or_table,16,,,,direct,X,"AE42:BEQ LAE47 | AE45:BRA LAE4F | AE4A:BRA LAE55 | AE61:BEQ LAE81 | AE63:BRSET L003D,#$02,LAE84 | AE70:BEQ LAE84",,ram_state_or_intermediate,medium,requires downstream read/use analysis
AE81,LAE81,,BSET,"L003D,#$02",bit_mutation,L003D,$003D,L003D,internal_ram,bit,#$02,,,direct,bit_set_mask,"AE4A:BRA LAE55 | AE61:BEQ LAE81 | AE63:BRSET L003D,#$02,LAE84 | AE70:BEQ LAE84 | AE79:BHI LAE84 | AE7F:BCS LAE84",,mode_flag_or_safety_gate,medium,bit-level state mutation
AEA4,LAEA4,,BCLR,"L0076,#$80",bit_mutation,L0076,$0076,L0076,internal_ram,bit,#$80,,,direct,bit_clear_mask,AE91:JSR LB1F0 | AE94:JSR LB23C | AE97:JSR LB2C9 | AE9A:JSR LB2ED | AE9D:JSR LF781 | AEA0:JSR LF64E,,mode_flag_or_safety_gate,medium,bit-level state mutation
AEAE,LAEA4,,BSET,"L0076,#$80",bit_mutation,L0076,$0076,L0076,internal_ram,bit,#$80,,,direct,bit_set_mask,AE94:JSR LB23C | AE97:JSR LB2C9 | AE9A:JSR LB2ED | AE9D:JSR LF781 | AEA0:JSR LF64E | AEAC:BEQ LAEB1,,mode_flag_or_safety_gate,medium,bit-level state mutation
AEC4,LAEB1,,STAA,L009E,store,L009E,$009E,L009E,internal_ram,8,,,,direct,A,AE94:JSR LB23C | AE97:JSR LB2C9 | AE9A:JSR LB2ED | AE9D:JSR LF781 | AEA0:JSR LF64E | AEAC:BEQ LAEB1,,ram_state_or_intermediate,medium,requires downstream read/use analysis
AEC8,LAEB1,,STAA,L009D,store,L009D,$009D,L009D,internal_ram,8,,,,direct,A,AE94:JSR LB23C | AE97:JSR LB2C9 | AE9A:JSR LB2ED | AE9D:JSR LF781 | AEA0:JSR LF64E | AEAC:BEQ LAEB1,,ram_state_or_intermediate,medium,requires downstream read/use analysis
AECA,LAEB1,,BCLR,"L009C,#$04",bit_mutation,L009C,$009C,L009C,internal_ram,bit,#$04,,,direct,bit_clear_mask,AE94:JSR LB23C | AE97:JSR LB2C9 | AE9A:JSR LB2ED | AE9D:JSR LF781 | AEA0:JSR LF64E | AEAC:BEQ LAEB1,,mode_flag_or_safety_gate,medium,bit-level state mutation
AED1,LAEB1,,BSET,"L009C,#$04",bit_mutation,L009C,$009C,L009C,internal_ram,bit,#$04,,,direct,bit_set_mask,"AE97:JSR LB2C9 | AE9A:JSR LB2ED | AE9D:JSR LF781 | AEA0:JSR LF64E | AEAC:BEQ LAEB1 | AECD:BRCLR L003D,#$20,LAED4",,mode_flag_or_safety_gate,medium,bit-level state mutation
AED4,LAED4,,BCLR,"L009C,#$80",bit_mutation,L009C,$009C,L009C,internal_ram,bit,#$80,,,direct,bit_clear_mask,"AE97:JSR LB2C9 | AE9A:JSR LB2ED | AE9D:JSR LF781 | AEA0:JSR LF64E | AEAC:BEQ LAEB1 | AECD:BRCLR L003D,#$20,LAED4",,mode_flag_or_safety_gate,medium,bit-level state mutation
AEDF,LAED4,,BSET,"L009C,#$80",bit_mutation,L009C,$009C,L009C,internal_ram,bit,#$80,,,direct,bit_set_mask,"AE9D:JSR LF781 | AEA0:JSR LF64E | AEAC:BEQ LAEB1 | AECD:BRCLR L003D,#$20,LAED4 | AED7:BRCLR L0050,#$10,LAEE2 | AEDB:BRSET L0086,#$80,LAEE2",,mode_flag_or_safety_gate,medium,bit-level state mutation
AEEB,LAEE2,,STAB,L009B,store,L009B,$009B,L009B,internal_ram,8,,,,direct,B,"AE9D:JSR LF781 | AEA0:JSR LF64E | AEAC:BEQ LAEB1 | AECD:BRCLR L003D,#$20,LAED4 | AED7:BRCLR L0050,#$10,LAEE2 | AEDB:BRSET L0086,#$80,LAEE2",,ram_state_or_intermediate,medium,requires downstream read/use analysis
AEF6,LAEF6,,BCLR,"L009C,#$02",bit_mutation,L009C,$009C,L009C,internal_ram,bit,#$02,,,direct,bit_clear_mask,"AEAC:BEQ LAEB1 | AECD:BRCLR L003D,#$20,LAED4 | AED7:BRCLR L0050,#$10,LAEE2 | AEDB:BRSET L0086,#$80,LAEE2 | AEEF:BEQ LAEF6 | AEF1:BRSET 1,Y,#$04,LAF00",,mode_flag_or_safety_gate,medium,bit-level state mutation
AEFD,LAEF6,,BSET,"L009C,#$02",bit_mutation,L009C,$009C,L009C,internal_ram,bit,#$02,,,direct,bit_set_mask,"AECD:BRCLR L003D,#$20,LAED4 | AED7:BRCLR L0050,#$10,LAEE2 | AEDB:BRSET L0086,#$80,LAEE2 | AEEF:BEQ LAEF6 | AEF1:BRSET 1,Y,#$04,LAF00 | AEFB:BEQ LAF00",,mode_flag_or_safety_gate,medium,bit-level state mutation
AF08,LAF00,,STAA,L01AB,store,L01AB,$01AB,L01AB,internal_ram,8,,,,direct,A,"AED7:BRCLR L0050,#$10,LAEE2 | AEDB:BRSET L0086,#$80,LAEE2 | AEEF:BEQ LAEF6 | AEF1:BRSET 1,Y,#$04,LAF00 | AEFB:BEQ LAF00 | AF02:BEQ LAF11",,ram_state_or_intermediate,medium,requires downstream read/use analysis
AF11,LAF11,,BSET,"L009C,#$20",bit_mutation,L009C,$009C,L009C,internal_ram,bit,#$20,,,direct,bit_set_mask,"AEDB:BRSET L0086,#$80,LAEE2 | AEEF:BEQ LAEF6 | AEF1:BRSET 1,Y,#$04,LAF00 | AEFB:BEQ LAF00 | AF02:BEQ LAF11 | AF0C:BRSET $0001,Y,#$10,LAF1B",,mode_flag_or_safety_gate,medium,bit-level state mutation
AF18,LAF11,,BCLR,"L009C,#$20",bit_mutation,L009C,$009C,L009C,internal_ram,bit,#$20,,,direct,bit_clear_mask,"AEEF:BEQ LAEF6 | AEF1:BRSET 1,Y,#$04,LAF00 | AEFB:BEQ LAF00 | AF02:BEQ LAF11 | AF0C:BRSET $0001,Y,#$10,LAF1B | AF16:BEQ LAF1B",,mode_flag_or_safety_gate,medium,bit-level state mutation
AF20,LAF1B,,DEC,L01AB,read_modify_write,L01AB,$01AB,L01AB,internal_ram,8,,,,direct,target_minus_1,"AEF1:BRSET 1,Y,#$04,LAF00 | AEFB:BEQ LAF00 | AF02:BEQ LAF11 | AF0C:BRSET $0001,Y,#$10,LAF1B | AF16:BEQ LAF1B | AF1E:BEQ LAF23",,ram_state_or_intermediate,medium,requires downstream read/use analysis
AF3B,LAF2C,,STAA,L00A1,store,L00A1,$00A1,L00A1,internal_ram,8,,,,direct,A,"AF0C:BRSET $0001,Y,#$10,LAF1B | AF16:BEQ LAF1B | AF1E:BEQ LAF23 | AF25:BEQ LAF2C | AF27:BRSET $0001,Y,#$02,LAF49 | AF39:BEQ LAF3D",,ram_state_or_intermediate,medium,requires downstream read/use analysis
AF3F,LAF3D,,STAA,L00A3,store,L00A3,$00A3,L00A3,internal_ram,8,,,,direct,A,"AF0C:BRSET $0001,Y,#$10,LAF1B | AF16:BEQ LAF1B | AF1E:BEQ LAF23 | AF25:BEQ LAF2C | AF27:BRSET $0001,Y,#$02,LAF49 | AF39:BEQ LAF3D",,ram_state_or_intermediate,medium,requires downstream read/use analysis
AF44,LAF3D,,CLR,L00A1,clear,L00A1,$00A1,L00A1,internal_ram,8,,,,direct,zero,"AF16:BEQ LAF1B | AF1E:BEQ LAF23 | AF25:BEQ LAF2C | AF27:BRSET $0001,Y,#$02,LAF49 | AF39:BEQ LAF3D | AF42:BEQ LAF49",,ram_state_or_intermediate,medium,requires downstream read/use analysis
AF47,LAF3D,,STAB,L00A2,store,L00A2,$00A2,L00A2,internal_ram,8,,,,direct,B,"AF16:BEQ LAF1B | AF1E:BEQ LAF23 | AF25:BEQ LAF2C | AF27:BRSET $0001,Y,#$02,LAF49 | AF39:BEQ LAF3D | AF42:BEQ LAF49",,ram_state_or_intermediate,medium,requires downstream read/use analysis
AF4E,LAF49,,STAB,L0077,store,L0077,$0077,L0077,internal_ram,8,,,,direct,B,"AF16:BEQ LAF1B | AF1E:BEQ LAF23 | AF25:BEQ LAF2C | AF27:BRSET $0001,Y,#$02,LAF49 | AF39:BEQ LAF3D | AF42:BEQ LAF49",,ram_state_or_intermediate,medium,requires downstream read/use analysis
AF59,LAF59,,BSET,"L009C,#$40",bit_mutation,L009C,$009C,L009C,internal_ram,bit,#$40,,,direct,bit_set_mask,"AF25:BEQ LAF2C | AF27:BRSET $0001,Y,#$02,LAF49 | AF39:BEQ LAF3D | AF42:BEQ LAF49 | AF52:BEQ LAF59 | AF54:BRSET $01,Y,#$08,LAF63",,mode_flag_or_safety_gate,medium,bit-level state mutation
AF60,LAF59,,BCLR,"L009C,#$40",bit_mutation,L009C,$009C,L009C,internal_ram,bit,#$40,,,direct,bit_clear_mask,"AF27:BRSET $0001,Y,#$02,LAF49 | AF39:BEQ LAF3D | AF42:BEQ LAF49 | AF52:BEQ LAF59 | AF54:BRSET $01,Y,#$08,LAF63 | AF5E:BEQ LAF63",,mode_flag_or_safety_gate,medium,bit-level state mutation
AF72,LAF72,,STD,L00B7,store,L00B7,$00B7,L00B7,internal_ram,16,,,,direct,D,"AF39:BEQ LAF3D | AF42:BEQ LAF49 | AF52:BEQ LAF59 | AF54:BRSET $01,Y,#$08,LAF63 | AF5E:BEQ LAF63 | AF6E:BHI LAF72",,ram_state_or_intermediate,medium,requires downstream read/use analysis
AF8A,LAF87,,STAB,"$08,X",store,"$08,X",$00C1,L00C1,internal_ram,8,,$00B9,$5D02,resolved_indexed,B,"AF42:BEQ LAF49 | AF52:BEQ LAF59 | AF54:BRSET $01,Y,#$08,LAF63 | AF5E:BEQ LAF63 | AF6E:BHI LAF72 | AF81:BEQ LAF87",,ram_state_or_intermediate,medium,requires downstream read/use analysis
AF8C,LAF87,,STY,"$06,X",store,"$06,X",$00BF,L00BF,internal_ram,16,,$00B9,$5D02,resolved_indexed,Y,"AF42:BEQ LAF49 | AF52:BEQ LAF59 | AF54:BRSET $01,Y,#$08,LAF63 | AF5E:BEQ LAF63 | AF6E:BHI LAF72 | AF81:BEQ LAF87",,ram_state_or_intermediate,medium,requires downstream read/use analysis
AF9D,LAF87,,STD,L00BD,store,L00BD,$00BD,L00BD,internal_ram,16,,,,direct,D,"AF52:BEQ LAF59 | AF54:BRSET $01,Y,#$08,LAF63 | AF5E:BEQ LAF63 | AF6E:BHI LAF72 | AF81:BEQ LAF87 | AF9A:JSR LE58C",,ram_state_or_intermediate,medium,requires downstream read/use analysis
AFAD,LAFAD,,STX,L00C4,store,L00C4,$00C4,L00C4,internal_ram,16,,,,direct,X,"AF54:BRSET $01,Y,#$08,LAF63 | AF5E:BEQ LAF63 | AF6E:BHI LAF72 | AF81:BEQ LAF87 | AF9A:JSR LE58C | AFA5:BCS LAFAD",,ram_state_or_intermediate,medium,requires downstream read/use analysis
AFE7,LAFE4,,STAB,"$08,X",store,"$08,X",$00D0,L00D0,internal_ram,8,,$00C8,$3FF8,resolved_indexed,B,AFBB:BEQ LAFC4 | AFC7:JSR LF3ED | AFCF:JSR LF3ED | AFD5:BEQ LAFE2 | AFD7:JSR LF3ED | AFE0:BRA LAFE4,,ram_state_or_intermediate,medium,requires downstream read/use analysis
AFE9,LAFE4,,STY,"$06,X",store,"$06,X",$00CE,L00CE,internal_ram,16,,$00C8,$3FF8,resolved_indexed,Y,AFBB:BEQ LAFC4 | AFC7:JSR LF3ED | AFCF:JSR LF3ED | AFD5:BEQ LAFE2 | AFD7:JSR LF3ED | AFE0:BRA LAFE4,,ram_state_or_intermediate,medium,requires downstream read/use analysis
B00D,LB00D,,STD,L00CC,store,L00CC,$00CC,L00CC,internal_ram,16,,,,direct,D,"AFE0:BRA LAFE4 | AFF7:JSR LE58C | AFFA:BRCLR L009C,#$20,LB00D | B001:JSR LF5A2 | B005:BCS LB00A | B008:BCC LB00D",,ram_state_or_intermediate,medium,requires downstream read/use analysis
B01A,LB018,,STAA,L00A0,store,L00A0,$00A0,L00A0,internal_ram,8,,,,direct,A,"AFF7:JSR LE58C | AFFA:BRCLR L009C,#$20,LB00D | B001:JSR LF5A2 | B005:BCS LB00A | B008:BCC LB00D | B014:BRA LB056",,ram_state_or_intermediate,medium,requires downstream read/use analysis
B02B,LB018,,CLR,L009F,clear,L009F,$009F,L009F,internal_ram,8,,,,direct,zero,"B005:BCS LB00A | B008:BCC LB00D | B014:BRA LB056 | B01F:BRCLR 0,X,#$20,LB033 | B023:BRSET L0098,#$04,LB033 | B027:BRCLR L00A2,#$02,LB033",,ram_state_or_intermediate,medium,requires downstream read/use analysis
B02E,LB018,,BSET,"L009F,#$04",bit_mutation,L009F,$009F,L009F,internal_ram,bit,#$04,,,direct,bit_set_mask,"B005:BCS LB00A | B008:BCC LB00D | B014:BRA LB056 | B01F:BRCLR 0,X,#$20,LB033 | B023:BRSET L0098,#$04,LB033 | B027:BRCLR L00A2,#$02,LB033",,mode_flag_or_safety_gate,medium,bit-level state mutation
B03F,LB033,,STD,L01A2,store,L01A2,$01A2,L01A2,internal_ram,16,,,,direct,D,"B014:BRA LB056 | B01F:BRCLR 0,X,#$20,LB033 | B023:BRSET L0098,#$04,LB033 | B027:BRCLR L00A2,#$02,LB033 | B031:BRA LB083 | B03C:JSR LF459",,ram_state_or_intermediate,medium,requires downstream read/use analysis
B069,LB05E,,CLR,L01A5,clear,L01A5,$01A5,L01A5,internal_ram,8,,,,direct,zero,B04C:BCS LB05C | B050:BCS LB05B | B052:BRA LB05A | B056:BCS LB05E | B058:BRA LB05D | B067:BEQ LB06E,,ram_state_or_intermediate,medium,requires downstream read/use analysis
B079,LB06E,,STAB,L01A5,store,L01A5,$01A5,L01A5,internal_ram,8,,,,direct,B,B056:BCS LB05E | B058:BRA LB05D | B067:BEQ LB06E | B06C:BRA LB080 | B074:BCC LB07E | B077:BEQ LB07E,,ram_state_or_intermediate,medium,requires downstream read/use analysis
B07E,LB07E,,STAA,L009F,store,L009F,$009F,L009F,internal_ram,8,,,,direct,A,B058:BRA LB05D | B067:BEQ LB06E | B06C:BRA LB080 | B074:BCC LB07E | B077:BEQ LB07E | B07C:BRA LB080,,ram_state_or_intermediate,medium,requires downstream read/use analysis
B080,LB080,,STAA,L01A4,store,L01A4,$01A4,L01A4,internal_ram,8,,,,direct,A,B058:BRA LB05D | B067:BEQ LB06E | B06C:BRA LB080 | B074:BCC LB07E | B077:BEQ LB07E | B07C:BRA LB080,,ram_state_or_intermediate,medium,requires downstream read/use analysis
B098,LB089,,STAA,L00A2,store,L00A2,$00A2,L00A2,internal_ram,8,,,,direct,A,"B077:BEQ LB07E | B07C:BRA LB080 | B089:JSR LE8C8 | B08C:JSR LECCC | B08F:JSR LE6F5 | B092:BRCLR L0098,#$04,LB09A",,ram_state_or_intermediate,medium,requires downstream read/use analysis
B0BC,LB0BC,,STAA,L009F,store,L009F,$009F,L009F,internal_ram,8,,,,direct,A,"B09F:BRCLR $32,X,#$20,LB0AD | B0A3:BRCLR L001D,#$20,LB0AD | B0AB:BRA LB0BC | B0AF:BEQ LB0BE | B0B1:BRSET L0098,#$04,LB0BA | B0B8:BEQ LB0BC",,ram_state_or_intermediate,medium,requires downstream read/use analysis
B129,LB116,,STD,L02F6,store,L02F6,$02F6,L02F6,internal_ram,16,,,,direct,D,"B108:BRCLR 0,X,#$01,LB111 | B10F:BRA LB178 | B111:JMP LB182 | B114:BRA LB172 | B11B:BHI LB12C | B126:JSR LF436",,ram_state_or_intermediate,medium,requires downstream read/use analysis
B132,LB12C,,BCLR,"L009A,#$04",bit_mutation,L009A,$009A,L009A,internal_ram,bit,#$04,,,direct,bit_clear_mask,B10F:BRA LB178 | B111:JMP LB182 | B114:BRA LB172 | B11B:BHI LB12C | B126:JSR LF436 | B130:BCC LB137,,mode_flag_or_safety_gate,medium,bit-level state mutation
B15A,LB15A,,STAA,L02F6,store,L02F6,$02F6,L02F6,internal_ram,8,,,,direct,A,"B137:BRSET L009A,#$04,LB160 | B13B:BRSET L0018,#$02,LB160 | B13F:BRSET L0018,#$01,LB160 | B143:BRCLR L009C,#$01,LB160 | B14A:BLS LB164 | B155:BLS LB15A",,ram_state_or_intermediate,medium,requires downstream read/use analysis
B15D,LB15A,,BSET,"L009A,#$04",bit_mutation,L009A,$009A,L009A,internal_ram,bit,#$04,,,direct,bit_set_mask,"B137:BRSET L009A,#$04,LB160 | B13B:BRSET L0018,#$02,LB160 | B13F:BRSET L0018,#$01,LB160 | B143:BRCLR L009C,#$01,LB160 | B14A:BLS LB164 | B155:BLS LB15A",,mode_flag_or_safety_gate,medium,bit-level state mutation
B162,LB160,,STAA,L00F7,store,L00F7,$00F7,L00F7,internal_ram,8,,,,direct,A,"B137:BRSET L009A,#$04,LB160 | B13B:BRSET L0018,#$02,LB160 | B13F:BRSET L0018,#$01,LB160 | B143:BRCLR L009C,#$01,LB160 | B14A:BLS LB164 | B155:BLS LB15A",,ram_state_or_intermediate,medium,requires downstream read/use analysis
B167,LB164,,STD,L01A9,store,L01A9,$01A9,L01A9,internal_ram,16,,,,direct,D,"B137:BRSET L009A,#$04,LB160 | B13B:BRSET L0018,#$02,LB160 | B13F:BRSET L0018,#$01,LB160 | B143:BRCLR L009C,#$01,LB160 | B14A:BLS LB164 | B155:BLS LB15A",,ram_state_or_intermediate,medium,requires downstream read/use analysis
B16D,LB164,,STD,L01A7,store,L01A7,$01A7,L01A7,internal_ram,16,,,,direct,D,"B137:BRSET L009A,#$04,LB160 | B13B:BRSET L0018,#$02,LB160 | B13F:BRSET L0018,#$01,LB160 | B143:BRCLR L009C,#$01,LB160 | B14A:BLS LB164 | B155:BLS LB15A",,ram_state_or_intermediate,medium,requires downstream read/use analysis
B180,LB180,,STD,L00B0,store,L00B0,$00B0,L00B0,internal_ram,16,,,,direct,D,"B143:BRCLR L009C,#$01,LB160 | B14A:BLS LB164 | B155:BLS LB15A | B170:BRA LB178 | B176:BRA LB180 | B17D:JSR LF459",,ram_state_or_intermediate,medium,requires downstream read/use analysis
B191,LB18F,,STAA,L00B2,store,L00B2,$00B2,L00B2,internal_ram,8,,,,direct,A,B14A:BLS LB164 | B155:BLS LB15A | B170:BRA LB178 | B176:BRA LB180 | B17D:JSR LF459 | B189:BVC LB18F,,ram_state_or_intermediate,medium,requires downstream read/use analysis
B19D,LB19D,,BCLR,"L009C,#$10",bit_mutation,L009C,$009C,L009C,internal_ram,bit,#$10,,,direct,bit_clear_mask,"B155:BLS LB15A | B170:BRA LB178 | B176:BRA LB180 | B17D:JSR LF459 | B189:BVC LB18F | B196:BRSET L009C,#$10,LB19D",,mode_flag_or_safety_gate,medium,bit-level state mutation
B1A8,LB19D,,BSET,"L009C,#$10",bit_mutation,L009C,$009C,L009C,internal_ram,bit,#$10,,,direct,bit_set_mask,"B176:BRA LB180 | B17D:JSR LF459 | B189:BVC LB18F | B196:BRSET L009C,#$10,LB19D | B1A2:BCC LB1AB | B1A4:BRSET L009F,#$04,LB1AB",,mode_flag_or_safety_gate,medium,bit-level state mutation
B1BF,LB1AC,,STD,L02F6,store,L02F6,$02F6,L02F6,internal_ram,16,,,,direct,D,"B189:BVC LB18F | B196:BRSET L009C,#$10,LB19D | B1A2:BCC LB1AB | B1A4:BRSET L009F,#$04,LB1AB | B1B1:BLS LB1CE | B1BC:JSR LF436",,ram_state_or_intermediate,medium,requires downstream read/use analysis
B1CB,LB1AC,,STD,L02F6,store,L02F6,$02F6,L02F6,internal_ram,16,,,,direct,D,"B196:BRSET L009C,#$10,LB19D | B1A2:BCC LB1AB | B1A4:BRSET L009F,#$04,LB1AB | B1B1:BLS LB1CE | B1BC:JSR LF436 | B1C5:BCS LB1CE",,ram_state_or_intermediate,medium,requires downstream read/use analysis
B1EC,LB1EC,,STAA,L01A6,store,L01A6,$01A6,L01A6,internal_ram,8,,,,direct,A,B1B1:BLS LB1CE | B1BC:JSR LF436 | B1C5:BCS LB1CE | B1D9:BCC LB1DC | B1E4:BCS LB1E9 | B1E7:BCC LB1EC,,ram_state_or_intermediate,medium,requires downstream read/use analysis
B1FC,LB1F0,,STD,L01AC,store,L01AC,$01AC,L01AC,internal_ram,16,,,,direct,D,B1BC:JSR LF436 | B1C5:BCS LB1CE | B1D9:BCC LB1DC | B1E4:BCS LB1E9 | B1E7:BCC LB1EC | B1F9:JSR LF436,,ram_state_or_intermediate,medium,requires downstream read/use analysis
B20A,LB1F0,,STD,L00C2,store,L00C2,$00C2,L00C2,internal_ram,16,,,,direct,D,B1C5:BCS LB1CE | B1D9:BCC LB1DC | B1E4:BCS LB1E9 | B1E7:BCC LB1EC | B1F9:JSR LF436 | B207:JSR LF436,,ram_state_or_intermediate,medium,requires downstream read/use analysis
B217,LB1F0,,STD,L00C6,store,L00C6,$00C6,L00C6,internal_ram,16,,,,direct,D,B1D9:BCC LB1DC | B1E4:BCS LB1E9 | B1E7:BCC LB1EC | B1F9:JSR LF436 | B207:JSR LF436 | B214:JSR LF436,,ram_state_or_intermediate,medium,requires downstream read/use analysis
B231,LB228,,STD,L00EB,store,L00EB,$00EB,L00EB,internal_ram,16,,,,direct,D,B1E7:BCC LB1EC | B1F9:JSR LF436 | B207:JSR LF436 | B214:JSR LF436 | B21F:BVC LB228 | B22E:JSR LF420,,ram_state_or_intermediate,medium,requires downstream read/use analysis
B239,LB239,,STD,L00ED,store,L00ED,$00ED,L00ED,internal_ram,16,,,,direct,D,B1F9:JSR LF436 | B207:JSR LF436 | B214:JSR LF436 | B21F:BVC LB228 | B22E:JSR LF420 | B233:BPL LB239,,ram_state_or_intermediate,medium,requires downstream read/use analysis
B271,LB271,,STX,L00D5,store,L00D5,$00D5,L00D5,internal_ram,16,,,,direct,X,"B250:JSR LF5A2 | B254:BCS LB259 | B257:BCC LB277 | B25C:BRA LB277 | B264:BNE LB275 | B26A:BRSET L0086,#$08,LB271",,ram_state_or_intermediate,medium,requires downstream read/use analysis
B277,LB277,,STD,L00D1,store,L00D1,$00D1,L00D1,internal_ram,16,,,,direct,D,"B254:BCS LB259 | B257:BCC LB277 | B25C:BRA LB277 | B264:BNE LB275 | B26A:BRSET L0086,#$08,LB271 | B273:BRA LB277",,ram_state_or_intermediate,medium,requires downstream read/use analysis
B282,LB277,,STD,L00D3,store,L00D3,$00D3,L00D3,internal_ram,16,,,,direct,D,"B257:BCC LB277 | B25C:BRA LB277 | B264:BNE LB275 | B26A:BRSET L0086,#$08,LB271 | B273:BRA LB277 | B27F:JSR LF436",,ram_state_or_intermediate,medium,requires downstream read/use analysis
B2A3,LB2A3,,STD,L0814,store,L0814,$0814,L0814,absolute_memory_or_table,16,,,,direct,D,"B264:BNE LB275 | B26A:BRSET L0086,#$08,LB271 | B273:BRA LB277 | B27F:JSR LF436 | B290:BVC LB299 | B29E:BCC LB2A3",,ram_state_or_intermediate,medium,requires downstream read/use analysis
B2AF,LB2A3,,STD,L00D7,store,L00D7,$00D7,L00D7,internal_ram,16,,,,direct,D,"B26A:BRSET L0086,#$08,LB271 | B273:BRA LB277 | B27F:JSR LF436 | B290:BVC LB299 | B29E:BCC LB2A3 | B2AC:JSR LF436",,ram_state_or_intermediate,medium,requires downstream read/use analysis
B2C9,LB2C9,,BCLR,"L009A,#$02",bit_mutation,L009A,$009A,L009A,internal_ram,bit,#$02,,,direct,bit_clear_mask,"B27F:JSR LF436 | B290:BVC LB299 | B29E:BCC LB2A3 | B2AC:JSR LF436 | B2B5:BRSET L00A2,#$20,LB2C8 | B2BE:BRCLR L0098,#$04,LB2C4",,mode_flag_or_safety_gate,medium,bit-level state mutation
B2DD,LB2DD,,BSET,"L009A,#$02",bit_mutation,L009A,$009A,L009A,internal_ram,bit,#$02,,,direct,bit_set_mask,"B2AC:JSR LF436 | B2B5:BRSET L00A2,#$20,LB2C8 | B2BE:BRCLR L0098,#$04,LB2C4 | B2D0:BCS LB2E0 | B2D2:BRCLR L0089,#$20,LB2DD | B2DB:BRA LB2E4",,mode_flag_or_safety_gate,medium,bit-level state mutation
B2EA,LB2E9,,STX,L00F9,store,L00F9,$00F9,L00F9,internal_ram,16,,,,direct,X,"B2B5:BRSET L00A2,#$20,LB2C8 | B2BE:BRCLR L0098,#$04,LB2C4 | B2D0:BCS LB2E0 | B2D2:BRCLR L0089,#$20,LB2DD | B2DB:BRA LB2E4 | B2E6:BNE LB2E9",,ram_state_or_intermediate,medium,requires downstream read/use analysis
B304,LB304,,STAA,L0152,store,L0152,$0152,L0152,internal_ram,8,,,,direct,A,"B2D2:BRCLR L0089,#$20,LB2DD | B2DB:BRA LB2E4 | B2E6:BNE LB2E9 | B2F5:BLT LB2FC | B2FA:BGE LB304 | B302:BGE LB307",,ram_state_or_intermediate,medium,requires downstream read/use analysis
B310,LB307,,STAA,L0153,store,L0153,$0153,L0153,internal_ram,8,,,,direct,A,"B2D2:BRCLR L0089,#$20,LB2DD | B2DB:BRA LB2E4 | B2E6:BNE LB2E9 | B2F5:BLT LB2FC | B2FA:BGE LB304 | B302:BGE LB307",,ram_state_or_intermediate,medium,requires downstream read/use analysis
B315,LB307,,STAA,L0154,store,L0154,$0154,L0154,internal_ram,8,,,,direct,A,"B2D2:BRCLR L0089,#$20,LB2DD | B2DB:BRA LB2E4 | B2E6:BNE LB2E9 | B2F5:BLT LB2FC | B2FA:BGE LB304 | B302:BGE LB307",,ram_state_or_intermediate,medium,requires downstream read/use analysis
B351,LB307,,INC,L00FF,read_modify_write,L00FF,$00FF,L00FF,internal_ram,8,,,,direct,target_plus_1,"B32B:BRCLR L0011,#$BD,LB2E2 | B330:JSR LB367 | B33B:BCC LB360 | B343:BCC LB360 | B34B:BCC LB360 | B34D:BRCLR L0086,#$80,LB366",,ram_state_or_intermediate,medium,requires downstream read/use analysis
B35B,LB307,,BCLR,"L0086,#$80",bit_mutation,L0086,$0086,L0086,internal_ram,bit,#$80,,,direct,bit_clear_mask,"B330:JSR LB367 | B33B:BCC LB360 | B343:BCC LB360 | B34B:BCC LB360 | B34D:BRCLR L0086,#$80,LB366 | B359:BCC LB366",,mode_flag_or_safety_gate,medium,bit-level state mutation
B360,LB360,,CLR,L00FF,clear,L00FF,$00FF,L00FF,internal_ram,8,,,,direct,zero,"B33B:BCC LB360 | B343:BCC LB360 | B34B:BCC LB360 | B34D:BRCLR L0086,#$80,LB366 | B359:BCC LB366 | B35E:BRA LB366",,ram_state_or_intermediate,medium,requires downstream read/use analysis
B363,LB360,,BSET,"L0086,#$80",bit_mutation,L0086,$0086,L0086,internal_ram,bit,#$80,,,direct,bit_set_mask,"B33B:BCC LB360 | B343:BCC LB360 | B34B:BCC LB360 | B34D:BRCLR L0086,#$80,LB366 | B359:BCC LB366 | B35E:BRA LB366",,mode_flag_or_safety_gate,medium,bit-level state mutation
B36C,LB367,,STAB,L00DB,store,L00DB,$00DB,L00DB,internal_ram,8,,,,direct,B,"B343:BCC LB360 | B34B:BCC LB360 | B34D:BRCLR L0086,#$80,LB366 | B359:BCC LB366 | B35E:BRA LB366 | B36A:BEQ LB36E",,ram_state_or_intermediate,medium,requires downstream read/use analysis
B378,LB378,,BCLR,"L0083,#$12",bit_mutation,L0083,$0083,L0083,internal_ram,bit,#$12,,,direct,bit_clear_mask,"B359:BCC LB366 | B35E:BRA LB366 | B36A:BEQ LB36E | B36E:BRSET L0083,#$11,LB378 | B372:BRSET L0083,#$0A,LB378 | B376:BRA LB37E",,mode_flag_or_safety_gate,medium,bit-level state mutation
B37B,LB378,,BCLR,"L0085,#$02",bit_mutation,L0085,$0085,L0085,internal_ram,bit,#$02,,,direct,bit_clear_mask,"B359:BCC LB366 | B35E:BRA LB366 | B36A:BEQ LB36E | B36E:BRSET L0083,#$11,LB378 | B372:BRSET L0083,#$0A,LB378 | B376:BRA LB37E",,mode_flag_or_safety_gate,medium,bit-level state mutation
B386,LB37E,,BSET,"L0085,#$02",bit_mutation,L0085,$0085,L0085,internal_ram,bit,#$02,,,direct,bit_set_mask,"B36A:BEQ LB36E | B36E:BRSET L0083,#$11,LB378 | B372:BRSET L0083,#$0A,LB378 | B376:BRA LB37E | B37E:BRSET L0085,#$02,LB3D5 | B382:BRCLR L0083,#$09,LB3E0",,mode_flag_or_safety_gate,medium,bit-level state mutation
B389,LB37E,,BCLR,"L0085,#$10",bit_mutation,L0085,$0085,L0085,internal_ram,bit,#$10,,,direct,bit_clear_mask,"B36A:BEQ LB36E | B36E:BRSET L0083,#$11,LB378 | B372:BRSET L0083,#$0A,LB378 | B376:BRA LB37E | B37E:BRSET L0085,#$02,LB3D5 | B382:BRCLR L0083,#$09,LB3E0",,mode_flag_or_safety_gate,medium,bit-level state mutation
B38C,LB37E,,BCLR,"L0085,#$80",bit_mutation,L0085,$0085,L0085,internal_ram,bit,#$80,,,direct,bit_clear_mask,"B36A:BEQ LB36E | B36E:BRSET L0083,#$11,LB378 | B372:BRSET L0083,#$0A,LB378 | B376:BRA LB37E | B37E:BRSET L0085,#$02,LB3D5 | B382:BRCLR L0083,#$09,LB3E0",,mode_flag_or_safety_gate,medium,bit-level state mutation
B38F,LB37E,,BCLR,"L0083,#$12",bit_mutation,L0083,$0083,L0083,internal_ram,bit,#$12,,,direct,bit_clear_mask,"B36A:BEQ LB36E | B36E:BRSET L0083,#$11,LB378 | B372:BRSET L0083,#$0A,LB378 | B376:BRA LB37E | B37E:BRSET L0085,#$02,LB3D5 | B382:BRCLR L0083,#$09,LB3E0",,mode_flag_or_safety_gate,medium,bit-level state mutation
B396,LB37E,,BSET,"L0083,#$02",bit_mutation,L0083,$0083,L0083,internal_ram,bit,#$02,,,direct,bit_set_mask,"B36E:BRSET L0083,#$11,LB378 | B372:BRSET L0083,#$0A,LB378 | B376:BRA LB37E | B37E:BRSET L0085,#$02,LB3D5 | B382:BRCLR L0083,#$09,LB3E0 | B392:BRCLR L0083,#$01,LB399",,mode_flag_or_safety_gate,medium,bit-level state mutation
B39D,LB399,,BSET,"L0083,#$10",bit_mutation,L0083,$0083,L0083,internal_ram,bit,#$10,,,direct,bit_set_mask,"B372:BRSET L0083,#$0A,LB378 | B376:BRA LB37E | B37E:BRSET L0085,#$02,LB3D5 | B382:BRCLR L0083,#$09,LB3E0 | B392:BRCLR L0083,#$01,LB399 | B399:BRCLR L0083,#$08,LB3A0",,mode_flag_or_safety_gate,medium,bit-level state mutation
B3A0,LB3A0,,BCLR,"L008E,#$08",bit_mutation,L008E,$008E,L008E,internal_ram,bit,#$08,,,direct,bit_clear_mask,"B372:BRSET L0083,#$0A,LB378 | B376:BRA LB37E | B37E:BRSET L0085,#$02,LB3D5 | B382:BRCLR L0083,#$09,LB3E0 | B392:BRCLR L0083,#$01,LB399 | B399:BRCLR L0083,#$08,LB3A0",,mode_flag_or_safety_gate,medium,bit-level state mutation
B3A7,LB3A0,,BSET,"L008E,#$08",bit_mutation,L008E,$008E,L008E,internal_ram,bit,#$08,,,direct,bit_set_mask,"B376:BRA LB37E | B37E:BRSET L0085,#$02,LB3D5 | B382:BRCLR L0083,#$09,LB3E0 | B392:BRCLR L0083,#$01,LB399 | B399:BRCLR L0083,#$08,LB3A0 | B3A5:BNE LB3AA",,mode_flag_or_safety_gate,medium,bit-level state mutation
B3AC,LB3AA,,STAA,L0188,store,L0188,$0188,L0188,internal_ram,8,,,,direct,A,"B376:BRA LB37E | B37E:BRSET L0085,#$02,LB3D5 | B382:BRCLR L0083,#$09,LB3E0 | B392:BRCLR L0083,#$01,LB399 | B399:BRCLR L0083,#$08,LB3A0 | B3A5:BNE LB3AA",,ram_state_or_intermediate,medium,requires downstream read/use analysis
B3B1,LB3AA,,STAA,L00DA,store,L00DA,$00DA,L00DA,internal_ram,8,,,,direct,A,"B376:BRA LB37E | B37E:BRSET L0085,#$02,LB3D5 | B382:BRCLR L0083,#$09,LB3E0 | B392:BRCLR L0083,#$01,LB399 | B399:BRCLR L0083,#$08,LB3A0 | B3A5:BNE LB3AA",,ram_state_or_intermediate,medium,requires downstream read/use analysis
B3B3,LB3AA,,STAA,L00DB,store,L00DB,$00DB,L00DB,internal_ram,8,,,,direct,A,"B376:BRA LB37E | B37E:BRSET L0085,#$02,LB3D5 | B382:BRCLR L0083,#$09,LB3E0 | B392:BRCLR L0083,#$01,LB399 | B399:BRCLR L0083,#$08,LB3A0 | B3A5:BNE LB3AA",,ram_state_or_intermediate,medium,requires downstream read/use analysis
B3B5,LB3AA,,STD,L019A,store,L019A,$019A,L019A,internal_ram,16,,,,direct,D,"B376:BRA LB37E | B37E:BRSET L0085,#$02,LB3D5 | B382:BRCLR L0083,#$09,LB3E0 | B392:BRCLR L0083,#$01,LB399 | B399:BRCLR L0083,#$08,LB3A0 | B3A5:BNE LB3AA",,ram_state_or_intermediate,medium,requires downstream read/use analysis
B3BA,LB3AA,,STAA,L00DF,store,L00DF,$00DF,L00DF,internal_ram,8,,,,direct,A,"B376:BRA LB37E | B37E:BRSET L0085,#$02,LB3D5 | B382:BRCLR L0083,#$09,LB3E0 | B392:BRCLR L0083,#$01,LB399 | B399:BRCLR L0083,#$08,LB3A0 | B3A5:BNE LB3AA",,ram_state_or_intermediate,medium,requires downstream read/use analysis
B3BC,LB3AA,,STAA,L00E0,store,L00E0,$00E0,L00E0,internal_ram,8,,,,direct,A,"B376:BRA LB37E | B37E:BRSET L0085,#$02,LB3D5 | B382:BRCLR L0083,#$09,LB3E0 | B392:BRCLR L0083,#$01,LB399 | B399:BRCLR L0083,#$08,LB3A0 | B3A5:BNE LB3AA",,ram_state_or_intermediate,medium,requires downstream read/use analysis
B3C9,LB3C9,,STAA,L0090,store,L0090,$0090,L0090,internal_ram,8,,,,direct,A,"B37E:BRSET L0085,#$02,LB3D5 | B382:BRCLR L0083,#$09,LB3E0 | B392:BRCLR L0083,#$01,LB399 | B399:BRCLR L0083,#$08,LB3A0 | B3A5:BNE LB3AA | B3C5:BEQ LB3C9",,ram_state_or_intermediate,medium,requires downstream read/use analysis
B3CC,LB3C9,,STAA,L0091,store,L0091,$0091,L0091,internal_ram,8,,,,direct,A,"B37E:BRSET L0085,#$02,LB3D5 | B382:BRCLR L0083,#$09,LB3E0 | B392:BRCLR L0083,#$01,LB399 | B399:BRCLR L0083,#$08,LB3A0 | B3A5:BNE LB3AA | B3C5:BEQ LB3C9",,ram_state_or_intermediate,medium,requires downstream read/use analysis
B3CE,LB3C9,,STAA,L0092,store,L0092,$0092,L0092,internal_ram,8,,,,direct,A,"B37E:BRSET L0085,#$02,LB3D5 | B382:BRCLR L0083,#$09,LB3E0 | B392:BRCLR L0083,#$01,LB399 | B399:BRCLR L0083,#$08,LB3A0 | B3A5:BNE LB3AA | B3C5:BEQ LB3C9",,ram_state_or_intermediate,medium,requires downstream read/use analysis
B3D2,LB3C9,,STAA,L0195,store,L0195,$0195,L0195,internal_ram,8,,,,direct,A,"B37E:BRSET L0085,#$02,LB3D5 | B382:BRCLR L0083,#$09,LB3E0 | B392:BRCLR L0083,#$01,LB399 | B399:BRCLR L0083,#$08,LB3A0 | B3A5:BNE LB3AA | B3C5:BEQ LB3C9",,ram_state_or_intermediate,medium,requires downstream read/use analysis
B3DD,LB3D5,,BCLR,"L0085,#$02",bit_mutation,L0085,$0085,L0085,internal_ram,bit,#$02,,,direct,bit_clear_mask,"B392:BRCLR L0083,#$01,LB399 | B399:BRCLR L0083,#$08,LB3A0 | B3A5:BNE LB3AA | B3C5:BEQ LB3C9 | B3D5:BRSET L0083,#$01,LB3E0 | B3D9:BRSET L0083,#$08,LB3E0",,mode_flag_or_safety_gate,medium,bit-level state mutation
B3F2,LB3EE,,STAA,L00DC,store,L00DC,$00DC,L00DC,internal_ram,8,,,,direct,A,"B3C5:BEQ LB3C9 | B3D5:BRSET L0083,#$01,LB3E0 | B3D9:BRSET L0083,#$08,LB3E0 | B3E2:BRSET L0083,#$10,LB3E7 | B3E7:BRCLR L0085,#$80,LB3EE | B3EB:JMP LB4B1",,ram_state_or_intermediate,medium,requires downstream read/use analysis
B40B,LB407,,BSET,"L0091,#$10",bit_mutation,L0091,$0091,L0091,internal_ram,bit,#$10,,,direct,bit_set_mask,"B3E7:BRCLR L0085,#$80,LB3EE | B3EB:JMP LB4B1 | B3FE:BEQ LB404 | B400:BRCLR L0083,#$10,LB407 | B404:JMP LB49C | B407:BRCLR L009A,#$02,LB417",,mode_flag_or_safety_gate,medium,bit-level state mutation
B40E,LB407,,BSET,"L009A,#$10",bit_mutation,L009A,$009A,L009A,internal_ram,bit,#$10,,,direct,bit_set_mask,"B3E7:BRCLR L0085,#$80,LB3EE | B3EB:JMP LB4B1 | B3FE:BEQ LB404 | B400:BRCLR L0083,#$10,LB407 | B404:JMP LB49C | B407:BRCLR L009A,#$02,LB417",,mode_flag_or_safety_gate,medium,bit-level state mutation
B41E,LB417,,STD,L019A,store,L019A,$019A,L019A,internal_ram,16,,,,direct,D,"B400:BRCLR L0083,#$10,LB407 | B404:JMP LB49C | B407:BRCLR L009A,#$02,LB417 | B411:JSR LB4B2 | B414:JMP LB454 | B41A:BCS LB433",,ram_state_or_intermediate,medium,requires downstream read/use analysis
B421,LB417,,BCLR,"L0085,#$10",bit_mutation,L0085,$0085,L0085,internal_ram,bit,#$10,,,direct,bit_clear_mask,"B400:BRCLR L0083,#$10,LB407 | B404:JMP LB49C | B407:BRCLR L009A,#$02,LB417 | B411:JSR LB4B2 | B414:JMP LB454 | B41A:BCS LB433",,mode_flag_or_safety_gate,medium,bit-level state mutation
B426,LB417,,STAA,L00DA,store,L00DA,$00DA,L00DA,internal_ram,8,,,,direct,A,"B400:BRCLR L0083,#$10,LB407 | B404:JMP LB49C | B407:BRCLR L009A,#$02,LB417 | B411:JSR LB4B2 | B414:JMP LB454 | B41A:BCS LB433",,ram_state_or_intermediate,medium,requires downstream read/use analysis
B42F,LB417,,STAA,"0,X",store,"0,X",,"0,X",unknown,8,,$0189,$5D20,unresolved_indexed,A,"B400:BRCLR L0083,#$10,LB407 | B404:JMP LB49C | B407:BRCLR L009A,#$02,LB417 | B411:JSR LB4B2 | B414:JMP LB454 | B41A:BCS LB433",,ram_state_or_intermediate,medium,requires downstream read/use analysis
B446,LB446,,STD,L019A,store,L019A,$019A,L019A,internal_ram,16,,,,direct,D,B411:JSR LB4B2 | B414:JMP LB454 | B41A:BCS LB433 | B431:BRA LB44C | B435:BCS LB454 | B441:BCC LB446,,ram_state_or_intermediate,medium,requires downstream read/use analysis
B449,LB446,,BSET,"L0085,#$10",bit_mutation,L0085,$0085,L0085,internal_ram,bit,#$10,,,direct,bit_set_mask,B411:JSR LB4B2 | B414:JMP LB454 | B41A:BCS LB433 | B431:BRA LB44C | B435:BCS LB454 | B441:BCC LB446,,mode_flag_or_safety_gate,medium,bit-level state mutation
B475,LB475,,STD,L019A,store,L019A,$019A,L019A,internal_ram,16,,,,direct,D,B45F:BEQ LB478 | B464:BCS LB472 | B467:BCS LB472 | B46A:BCS LB472 | B46D:BCS LB472 | B470:BCC LB475,,ram_state_or_intermediate,medium,requires downstream read/use analysis
B47F,LB478,,STAA,"0,X",store,"0,X",,"0,X",unknown,8,,$019C,$5D20,unresolved_indexed,A,B45F:BEQ LB478 | B464:BCS LB472 | B467:BCS LB472 | B46A:BCS LB472 | B46D:BCS LB472 | B470:BCC LB475,,ram_state_or_intermediate,medium,requires downstream read/use analysis
B492,LB478,,STAA,L0091,store,L0091,$0091,L0091,internal_ram,8,,,,direct,A,B464:BCS LB472 | B467:BCS LB472 | B46A:BCS LB472 | B46D:BCS LB472 | B470:BCC LB475 | B48C:BCC LB494,,ram_state_or_intermediate,medium,requires downstream read/use analysis
B4A8,LB4A8,,BSET,"L0085,#$80",bit_mutation,L0085,$0085,L0085,internal_ram,bit,#$80,,,direct,bit_set_mask,B470:BCC LB475 | B48C:BCC LB494 | B494:JSR LBA65 | B497:JSR LF131 | B49A:BRA LB4A8 | B4A6:BCS LB4B1,,mode_flag_or_safety_gate,medium,bit-level state mutation
B4AB,LB4A8,,BCLR,"L0085,#$02",bit_mutation,L0085,$0085,L0085,internal_ram,bit,#$02,,,direct,bit_clear_mask,B470:BCC LB475 | B48C:BCC LB494 | B494:JSR LBA65 | B497:JSR LF131 | B49A:BRA LB4A8 | B4A6:BCS LB4B1,,mode_flag_or_safety_gate,medium,bit-level state mutation
B4AE,LB4A8,,BCLR,"L0083,#$12",bit_mutation,L0083,$0083,L0083,internal_ram,bit,#$12,,,direct,bit_clear_mask,B470:BCC LB475 | B48C:BCC LB494 | B494:JSR LBA65 | B497:JSR LF131 | B49A:BRA LB4A8 | B4A6:BCS LB4B1,,mode_flag_or_safety_gate,medium,bit-level state mutation
B4D0,LB4C1,,BSET,"L0091,#$80",bit_mutation,L0091,$0091,L0091,internal_ram,bit,#$80,,,direct,bit_set_mask,"B497:JSR LF131 | B49A:BRA LB4A8 | B4A6:BCS LB4B1 | B4BB:BRCLR L008E,#$04,LB4C1 | B4C5:BRCLR 0,Y,#$01,LB4D3 | B4CE:BLS LB4D3",,mode_flag_or_safety_gate,medium,bit-level state mutation
B527,LB527,,STAA,L0090,store,L0090,$0090,L0090,internal_ram,8,,,,direct,A,"B503:BRCLR L009F,#$02,LB509 | B50D:BLS LB513 | B511:BCS LB515 | B515:BRCLR L00A2,#$03,LB51B | B51F:BNE LB527 | B523:BLS LB527",,ram_state_or_intermediate,medium,requires downstream read/use analysis
B559,LB559,,STAA,L0091,store,L0091,$0091,L0091,internal_ram,8,,,,direct,A,"B52A:JSR LE654 | B530:BRCLR L0098,#$10,LB536 | B53F:BCC LB543 | B547:BCC LB54B | B550:BPL LB553 | B555:BLS LB559",,ram_state_or_intermediate,medium,requires downstream read/use analysis
B568,LB568,,STAA,L0092,store,L0092,$0092,L0092,internal_ram,8,,,,direct,A,"B53F:BCC LB543 | B547:BCC LB54B | B550:BPL LB553 | B555:BLS LB559 | B55C:BRCLR L009C,#$20,LB562 | B562:BRCLR L0087,#$02,LB568",,ram_state_or_intermediate,medium,requires downstream read/use analysis
B62B,LB629,,STAB,"$0005,Y",store,"$0005,Y",$68AD,L68AD,absolute_memory_or_table,8,,$5F29,$68A8,resolved_indexed,B,B5FB:BNE LB600 | B5FD:JMP LB680 | B612:BLS LB66E | B619:BCC LB66E | B622:BCS LB629 | B627:BRA LB620,,ram_state_or_intermediate,medium,requires downstream read/use analysis
B62E,LB629,,STAA,"$0004,Y",store,"$0004,Y",$68AC,L68AC,absolute_memory_or_table,8,,$5F29,$68A8,resolved_indexed,A,B5FB:BNE LB600 | B5FD:JMP LB680 | B612:BLS LB66E | B619:BCC LB66E | B622:BCS LB629 | B627:BRA LB620,,ram_state_or_intermediate,medium,requires downstream read/use analysis
B637,LB629,,STAA,"$0003,Y",store,"$0003,Y",$68AB,L68AB,absolute_memory_or_table,8,,$5F29,$68A8,resolved_indexed,A,B5FB:BNE LB600 | B5FD:JMP LB680 | B612:BLS LB66E | B619:BCC LB66E | B622:BCS LB629 | B627:BRA LB620,,ram_state_or_intermediate,medium,requires downstream read/use analysis
B63E,LB629,,STD,"$0001,Y",store,"$0001,Y",$68A9,L68A9,absolute_memory_or_table,16,,$5F29,$68A8,resolved_indexed,D,B5FB:BNE LB600 | B5FD:JMP LB680 | B612:BLS LB66E | B619:BCC LB66E | B622:BCS LB629 | B627:BRA LB620,,ram_state_or_intermediate,medium,requires downstream read/use analysis
B647,LB629,,STD,"$0004,Y",store,"$0004,Y",$68AC,L68AC,absolute_memory_or_table,16,,$5F29,$68A8,resolved_indexed,D,B5FB:BNE LB600 | B5FD:JMP LB680 | B612:BLS LB66E | B619:BCC LB66E | B622:BCS LB629 | B627:BRA LB620,,ram_state_or_intermediate,medium,requires downstream read/use analysis
B65A,LB629,,STAA,"$0004,Y",store,"$0004,Y",$68AC,L68AC,absolute_memory_or_table,8,,$5F29,$68A8,resolved_indexed,A,B5FB:BNE LB600 | B5FD:JMP LB680 | B612:BLS LB66E | B619:BCC LB66E | B622:BCS LB629 | B627:BRA LB620,,ram_state_or_intermediate,medium,requires downstream read/use analysis
B65E,LB629,,STAA,"$0002,Y",store,"$0002,Y",$68AA,L68AA,absolute_memory_or_table,8,,$5F29,$68A8,resolved_indexed,A,B5FB:BNE LB600 | B5FD:JMP LB680 | B612:BLS LB66E | B619:BCC LB66E | B622:BCS LB629 | B627:BRA LB620,,ram_state_or_intermediate,medium,requires downstream read/use analysis
B668,LB629,,STX,"0,Y",store,"0,Y",,"0,Y",unknown,16,,$5F29,$68A8,unresolved_indexed,X,B5FB:BNE LB600 | B5FD:JMP LB680 | B612:BLS LB66E | B619:BCC LB66E | B622:BCS LB629 | B627:BRA LB620,,ram_state_or_intermediate,medium,requires downstream read/use analysis
B6E8,LB6E8,,STAA,L0142,store,L0142,$0142,L0142,internal_ram,8,,,,direct,A,B6C6:BMI LB6D6 | B6CF:BEQ LB6D6 | B6D3:JSR LF4C1 | B6D8:JSR LD969 | B6E2:BVS LB6E6 | B6E4:BPL LB6E8,,ram_state_or_intermediate,medium,requires downstream read/use analysis
B6EB,LB6E8,,BCLR,"L008E,#$04",bit_mutation,L008E,$008E,L008E,internal_ram,bit,#$04,,,direct,bit_clear_mask,B6C6:BMI LB6D6 | B6CF:BEQ LB6D6 | B6D3:JSR LF4C1 | B6D8:JSR LD969 | B6E2:BVS LB6E6 | B6E4:BPL LB6E8,,mode_flag_or_safety_gate,medium,bit-level state mutation
B6F2,LB6E8,,CLR,L00E8,clear,L00E8,$00E8,L00E8,internal_ram,8,,,,direct,zero,"B6CF:BEQ LB6D6 | B6D3:JSR LF4C1 | B6D8:JSR LD969 | B6E2:BVS LB6E6 | B6E4:BPL LB6E8 | B6EE:BRCLR L0083,#$09,LB701",,ram_state_or_intermediate,medium,requires downstream read/use analysis
B6FF,LB6E8,,STAB,L00E8,store,L00E8,$00E8,L00E8,internal_ram,8,,,,direct,B,"B6D3:JSR LF4C1 | B6D8:JSR LD969 | B6E2:BVS LB6E6 | B6E4:BPL LB6E8 | B6EE:BRCLR L0083,#$09,LB701 | B6FA:BLT LB70A",,ram_state_or_intermediate,medium,requires downstream read/use analysis
B706,LB701,,STAB,L00E8,store,L00E8,$00E8,L00E8,internal_ram,8,,,,direct,B,"B6D8:JSR LD969 | B6E2:BVS LB6E6 | B6E4:BPL LB6E8 | B6EE:BRCLR L0083,#$09,LB701 | B6FA:BLT LB70A | B703:BEQ LB70A",,ram_state_or_intermediate,medium,requires downstream read/use analysis
B73B,LB735,,STAA,L0143,store,L0143,$0143,L0143,internal_ram,8,,,,direct,A,"B719:BRCLR L00A2,#$07,LB747 | B722:BEQ LB735 | B724:BRCLR L00A2,#$03,LB747 | B72C:BNE LB735 | B72E:BRCLR L00A2,#$01,LB747 | B738:JSR LF4C1",,ram_state_or_intermediate,medium,requires downstream read/use analysis
B741,LB735,,BSET,"L008E,#$04",bit_mutation,L008E,$008E,L008E,internal_ram,bit,#$04,,,direct,bit_set_mask,"B722:BEQ LB735 | B724:BRCLR L00A2,#$03,LB747 | B72C:BNE LB735 | B72E:BRCLR L00A2,#$01,LB747 | B738:JSR LF4C1 | B73F:BCS LB746",,mode_flag_or_safety_gate,medium,bit-level state mutation
B749,LB747,,STX,L00EF,store,L00EF,$00EF,L00EF,internal_ram,16,,,,direct,X,"B724:BRCLR L00A2,#$03,LB747 | B72C:BNE LB735 | B72E:BRCLR L00A2,#$01,LB747 | B738:JSR LF4C1 | B73F:BCS LB746 | B744:BRA LB747",,ram_state_or_intermediate,medium,requires downstream read/use analysis
B74B,LB747,,STAA,L0145,store,L0145,$0145,L0145,internal_ram,8,,,,direct,A,"B724:BRCLR L00A2,#$03,LB747 | B72C:BNE LB735 | B72E:BRCLR L00A2,#$01,LB747 | B738:JSR LF4C1 | B73F:BCS LB746 | B744:BRA LB747",,ram_state_or_intermediate,medium,requires downstream read/use analysis
B754,LB747,,BCLR,"L008E,#$30",bit_mutation,L008E,$008E,L008E,internal_ram,bit,#$30,,,direct,bit_clear_mask,"B72C:BNE LB735 | B72E:BRCLR L00A2,#$01,LB747 | B738:JSR LF4C1 | B73F:BCS LB746 | B744:BRA LB747 | B750:BRCLR L00A2,#$50,LB76A",,mode_flag_or_safety_gate,medium,bit-level state mutation
B75F,LB75F,,BCLR,"L008E,#$02",bit_mutation,L008E,$008E,L008E,internal_ram,bit,#$02,,,direct,bit_clear_mask,"B738:JSR LF4C1 | B73F:BCS LB746 | B744:BRA LB747 | B750:BRCLR L00A2,#$50,LB76A | B75A:BCS LB75F | B75C:JMP LB835",,mode_flag_or_safety_gate,medium,bit-level state mutation
B779,LB779,,BCLR,"L008E,#$30",bit_mutation,L008E,$008E,L008E,internal_ram,bit,#$30,,,direct,bit_clear_mask,"B75C:JMP LB835 | B768:BRA LB7B6 | B76D:BCC LB779 | B76F:BRCLR L00A2,#$0F,LB77E | B773:BRCLR L00A3,#$0F,LB789 | B777:BRA LB782",,mode_flag_or_safety_gate,medium,bit-level state mutation
B789,LB789,,BSET,"L008E,#$02",bit_mutation,L008E,$008E,L008E,internal_ram,bit,#$02,,,direct,bit_set_mask,"B773:BRCLR L00A3,#$0F,LB789 | B777:BRA LB782 | B77C:BRA LB75C | B77E:BRCLR L00A3,#$20,LB789 | B782:BRSET L008E,#$02,LB7E0 | B786:JMP LB83B",,mode_flag_or_safety_gate,medium,bit-level state mutation
B790,LB789,,BCLR,"L008E,#$10",bit_mutation,L008E,$008E,L008E,internal_ram,bit,#$10,,,direct,bit_clear_mask,"B777:BRA LB782 | B77C:BRA LB75C | B77E:BRCLR L00A3,#$20,LB789 | B782:BRSET L008E,#$02,LB7E0 | B786:JMP LB83B | B78C:BRSET L00A2,#$20,LB7A4",,mode_flag_or_safety_gate,medium,bit-level state mutation
B793,LB789,,BSET,"L008E,#$20",bit_mutation,L008E,$008E,L008E,internal_ram,bit,#$20,,,direct,bit_set_mask,"B777:BRA LB782 | B77C:BRA LB75C | B77E:BRCLR L00A3,#$20,LB789 | B782:BRSET L008E,#$02,LB7E0 | B786:JMP LB83B | B78C:BRSET L00A2,#$20,LB7A4",,mode_flag_or_safety_gate,medium,bit-level state mutation
B799,LB789,,STAA,L0141,store,L0141,$0141,L0141,internal_ram,8,,,,direct,A,"B777:BRA LB782 | B77C:BRA LB75C | B77E:BRCLR L00A3,#$20,LB789 | B782:BRSET L008E,#$02,LB7E0 | B786:JMP LB83B | B78C:BRSET L00A2,#$20,LB7A4",,ram_state_or_intermediate,medium,requires downstream read/use analysis
B7A4,LB7A4,,BSET,"L008E,#$10",bit_mutation,L008E,$008E,L008E,internal_ram,bit,#$10,,,direct,bit_set_mask,"B77C:BRA LB75C | B77E:BRCLR L00A3,#$20,LB789 | B782:BRSET L008E,#$02,LB7E0 | B786:JMP LB83B | B78C:BRSET L00A2,#$20,LB7A4 | B7A2:BRA LB7B6",,mode_flag_or_safety_gate,medium,bit-level state mutation
B7A7,LB7A4,,BCLR,"L008E,#$20",bit_mutation,L008E,$008E,L008E,internal_ram,bit,#$20,,,direct,bit_clear_mask,"B77C:BRA LB75C | B77E:BRCLR L00A3,#$20,LB789 | B782:BRSET L008E,#$02,LB7E0 | B786:JMP LB83B | B78C:BRSET L00A2,#$20,LB7A4 | B7A2:BRA LB7B6",,mode_flag_or_safety_gate,medium,bit-level state mutation
B7AD,LB7A4,,STAA,L0141,store,L0141,$0141,L0141,internal_ram,8,,,,direct,A,"B77C:BRA LB75C | B77E:BRCLR L00A3,#$20,LB789 | B782:BRSET L008E,#$02,LB7E0 | B786:JMP LB83B | B78C:BRSET L00A2,#$20,LB7A4 | B7A2:BRA LB7B6",,ram_state_or_intermediate,medium,requires downstream read/use analysis
B7B6,LB7B6,,STAB,L0140,store,L0140,$0140,L0140,internal_ram,8,,,,direct,B,"B77C:BRA LB75C | B77E:BRCLR L00A3,#$20,LB789 | B782:BRSET L008E,#$02,LB7E0 | B786:JMP LB83B | B78C:BRSET L00A2,#$20,LB7A4 | B7A2:BRA LB7B6",,ram_state_or_intermediate,medium,requires downstream read/use analysis
B7DD,LB7D7,,STAA,L0146,store,L0146,$0146,L0146,internal_ram,8,,,,direct,A,"B78C:BRSET L00A2,#$20,LB7A4 | B7A2:BRA LB7B6 | B7BD:BCS LB7C2 | B7C0:BCC LB7C4 | B7D3:BLS LB7D7 | B7D8:JSR LF4DE",,ram_state_or_intermediate,medium,requires downstream read/use analysis
B814,LB813,,STAB,L0141,store,L0141,$0141,L0141,internal_ram,8,,,,direct,B,"B7EE:JSR LF4DE | B7F6:BVC LB7FC | B801:BEQ LB81C | B803:BRCLR L008E,#$20,LB80C | B80A:BRA LB813 | B80C:BRCLR L008E,#$10,LB813",,ram_state_or_intermediate,medium,requires downstream read/use analysis
B817,LB813,,STAA,L0144,store,L0144,$0144,L0144,internal_ram,8,,,,direct,A,"B7EE:JSR LF4DE | B7F6:BVC LB7FC | B801:BEQ LB81C | B803:BRCLR L008E,#$20,LB80C | B80A:BRA LB813 | B80C:BRCLR L008E,#$10,LB813",,ram_state_or_intermediate,medium,requires downstream read/use analysis
B81C,LB81C,,STAA,L0144,store,L0144,$0144,L0144,internal_ram,8,,,,direct,A,"B7F6:BVC LB7FC | B801:BEQ LB81C | B803:BRCLR L008E,#$20,LB80C | B80A:BRA LB813 | B80C:BRCLR L008E,#$10,LB813 | B81A:BRA LB822",,ram_state_or_intermediate,medium,requires downstream read/use analysis
B81F,LB81C,,BCLR,"L008E,#$30",bit_mutation,L008E,$008E,L008E,internal_ram,bit,#$30,,,direct,bit_clear_mask,"B7F6:BVC LB7FC | B801:BEQ LB81C | B803:BRCLR L008E,#$20,LB80C | B80A:BRA LB813 | B80C:BRCLR L008E,#$10,LB813 | B81A:BRA LB822",,mode_flag_or_safety_gate,medium,bit-level state mutation
B835,LB835,,BCLR,"L008E,#$02",bit_mutation,L008E,$008E,L008E,internal_ram,bit,#$02,,,direct,bit_clear_mask,"B80A:BRA LB813 | B80C:BRCLR L008E,#$10,LB813 | B81A:BRA LB822 | B82B:BCS LB830 | B82E:BGE LB835 | B833:BRA LB83B",,mode_flag_or_safety_gate,medium,bit-level state mutation
B838,LB835,,CLR,L0141,clear,L0141,$0141,L0141,internal_ram,8,,,,direct,zero,"B80A:BRA LB813 | B80C:BRCLR L008E,#$10,LB813 | B81A:BRA LB822 | B82B:BCS LB830 | B82E:BGE LB835 | B833:BRA LB83B",,ram_state_or_intermediate,medium,requires downstream read/use analysis
B862,LB85E,,STAA,L00E0,store,L00E0,$00E0,L00E0,internal_ram,8,,,,direct,A,"B833:BRA LB83B | B83B:BRCLR L009C,#$02,LB850 | B847:BVC LB84D | B84D:BPL LB850 | B858:BVC LB85E | B860:BGE LB864",,ram_state_or_intermediate,medium,requires downstream read/use analysis
B869,LB864,,STAB,L00DF,store,L00DF,$00DF,L00DF,internal_ram,8,,,,direct,B,"B83B:BRCLR L009C,#$02,LB850 | B847:BVC LB84D | B84D:BPL LB850 | B858:BVC LB85E | B860:BGE LB864 | B867:BGE LB86B",,ram_state_or_intermediate,medium,requires downstream read/use analysis
B88A,LB88A,,STAA,L00E2,store,L00E2,$00E2,L00E2,internal_ram,8,,,,direct,A,"B86B:BRSET L0098,#$08,LB87E | B871:JSR LE664 | B876:BRSET L0098,#$20,LB87E | B87B:BLS LB87E | B881:BVC LB887 | B887:BPL LB88A",,ram_state_or_intermediate,medium,requires downstream read/use analysis
B895,LB88D,,BSET,"L0085,#$40",bit_mutation,L0085,$0085,L0085,internal_ram,bit,#$40,,,direct,bit_set_mask,"B876:BRSET L0098,#$20,LB87E | B87B:BLS LB87E | B881:BVC LB887 | B887:BPL LB88A | B88D:BRCLR L0083,#$02,LB89A | B891:BRCLR L0084,#$02,LB89A",,mode_flag_or_safety_gate,medium,bit-level state mutation
B89E,LB89A,,BCLR,"L0085,#$40",bit_mutation,L0085,$0085,L0085,internal_ram,bit,#$40,,,direct,bit_clear_mask,"B881:BVC LB887 | B887:BPL LB88A | B88D:BRCLR L0083,#$02,LB89A | B891:BRCLR L0084,#$02,LB89A | B898:BRA LB8A1 | B89A:BRSET L0083,#$02,LB8A1",,mode_flag_or_safety_gate,medium,bit-level state mutation
B943,LB943,,STAA,L0149,store,L0149,$0149,L0149,internal_ram,8,,,,direct,A,"B923:BRCLR L0083,#$10,LB936 | B928:BRA LB936 | B92A:BRSET L0083,#$01,LB936 | B934:BEQ LB95D | B938:BMI LB943 | B941:BNE LB948",,ram_state_or_intermediate,medium,requires downstream read/use analysis
B950,LB948,,STAA,L0149,store,L0149,$0149,L0149,internal_ram,8,,,,direct,A,"B928:BRA LB936 | B92A:BRSET L0083,#$01,LB936 | B934:BEQ LB95D | B938:BMI LB943 | B941:BNE LB948 | B946:BRA LB95A",,ram_state_or_intermediate,medium,requires downstream read/use analysis
B95A,LB95A,,STAA,L0148,store,L0148,$0148,L0148,internal_ram,8,,,,direct,A,"B92A:BRSET L0083,#$01,LB936 | B934:BEQ LB95D | B938:BMI LB943 | B941:BNE LB948 | B946:BRA LB95A | B955:JSR LF4C1",,ram_state_or_intermediate,medium,requires downstream read/use analysis
B965,LB95D,,COM,"$00FB,X",read_modify_write,"$00FB,X",$BD60,LBD60,absolute_memory_or_table,8,,$BC65,$68A8,resolved_indexed,ones_complement_target,"B92A:BRSET L0083,#$01,LB936 | B934:BEQ LB95D | B938:BMI LB943 | B941:BNE LB948 | B946:BRA LB95A | B955:JSR LF4C1",,ram_state_or_intermediate,medium,requires downstream read/use analysis
B968,LB95D,,STAB,L0062,store,L0062,$0062,L0062,internal_ram,8,,,,direct,B,"B92A:BRSET L0083,#$01,LB936 | B934:BEQ LB95D | B938:BMI LB943 | B941:BNE LB948 | B946:BRA LB95A | B955:JSR LF4C1",,ram_state_or_intermediate,medium,requires downstream read/use analysis
B96A,LB95D,,STAB,L0065,store,L0065,$0065,L0065,internal_ram,8,,,,direct,B,"B92A:BRSET L0083,#$01,LB936 | B934:BEQ LB95D | B938:BMI LB943 | B941:BNE LB948 | B946:BRA LB95A | B955:JSR LF4C1",,ram_state_or_intermediate,medium,requires downstream read/use analysis
B971,LB95D,,ROR,"$0065,X",read_modify_write,"$0065,X",$BCCA,LBCCA,absolute_memory_or_table,8,,$BC65,$68A8,resolved_indexed,target_rotate_right,"B934:BEQ LB95D | B938:BMI LB943 | B941:BNE LB948 | B946:BRA LB95A | B955:JSR LF4C1 | B96C:BRCLR $66,X,#$43,LB9D6",,ram_state_or_intermediate,medium,requires downstream read/use analysis
B973,LB95D,,ROR,"$0076,X",read_modify_write,"$0076,X",$BCDB,LBCDB,absolute_memory_or_table,8,,$BC65,$68A8,resolved_indexed,target_rotate_right,"B934:BEQ LB95D | B938:BMI LB943 | B941:BNE LB948 | B946:BRA LB95A | B955:JSR LF4C1 | B96C:BRCLR $66,X,#$43,LB9D6",,ram_state_or_intermediate,medium,requires downstream read/use analysis
B975,LB95D,,ROR,"$0087,X",read_modify_write,"$0087,X",$BCEC,LBCEC,absolute_memory_or_table,8,,$BC65,$68A8,resolved_indexed,target_rotate_right,"B934:BEQ LB95D | B938:BMI LB943 | B941:BNE LB948 | B946:BRA LB95A | B955:JSR LF4C1 | B96C:BRCLR $66,X,#$43,LB9D6",,ram_state_or_intermediate,medium,requires downstream read/use analysis
B977,LB95D,,ROR,"$0098,X",read_modify_write,"$0098,X",$BCFD,LBCFD,absolute_memory_or_table,8,,$BC65,$68A8,resolved_indexed,target_rotate_right,"B934:BEQ LB95D | B938:BMI LB943 | B941:BNE LB948 | B946:BRA LB95A | B955:JSR LF4C1 | B96C:BRCLR $66,X,#$43,LB9D6",,ram_state_or_intermediate,medium,requires downstream read/use analysis
B979,LB95D,,ROR,"$00A9,X",read_modify_write,"$00A9,X",$BD0E,LBD0E,absolute_memory_or_table,8,,$BC65,$68A8,resolved_indexed,target_rotate_right,"B934:BEQ LB95D | B938:BMI LB943 | B941:BNE LB948 | B946:BRA LB95A | B955:JSR LF4C1 | B96C:BRCLR $66,X,#$43,LB9D6",,ram_state_or_intermediate,medium,requires downstream read/use analysis
B97B,LB95D,,ROR,"$00BA,X",read_modify_write,"$00BA,X",$BD1F,LBD1F,absolute_memory_or_table,8,,$BC65,$68A8,resolved_indexed,target_rotate_right,"B934:BEQ LB95D | B938:BMI LB943 | B941:BNE LB948 | B946:BRA LB95A | B955:JSR LF4C1 | B96C:BRCLR $66,X,#$43,LB9D6",,ram_state_or_intermediate,medium,requires downstream read/use analysis
B97D,LB95D,,ROR,"$CB,X",read_modify_write,"$CB,X",$BD30,LBD30,absolute_memory_or_table,8,,$BC65,$68A8,resolved_indexed,target_rotate_right,"B934:BEQ LB95D | B938:BMI LB943 | B941:BNE LB948 | B946:BRA LB95A | B955:JSR LF4C1 | B96C:BRCLR $66,X,#$43,LB9D6",,ram_state_or_intermediate,medium,requires downstream read/use analysis
B97F,LB95D,,ROR,"$DC,X",read_modify_write,"$DC,X",$BD41,LBD41,absolute_memory_or_table,8,,$BC65,$68A8,resolved_indexed,target_rotate_right,"B934:BEQ LB95D | B938:BMI LB943 | B941:BNE LB948 | B946:BRA LB95A | B955:JSR LF4C1 | B96C:BRCLR $66,X,#$43,LB9D6",,ram_state_or_intermediate,medium,requires downstream read/use analysis
B981,LB95D,,ROR,"$F0,X",read_modify_write,"$F0,X",$BD55,LBD55,absolute_memory_or_table,8,,$BC65,$68A8,resolved_indexed,target_rotate_right,"B934:BEQ LB95D | B938:BMI LB943 | B941:BNE LB948 | B946:BRA LB95A | B955:JSR LF4C1 | B96C:BRCLR $66,X,#$43,LB9D6",,ram_state_or_intermediate,medium,requires downstream read/use analysis
B98B,LB95D,,ROR,"$DC,X",read_modify_write,"$DC,X",$BD41,LBD41,absolute_memory_or_table,8,,$BC65,$68A8,resolved_indexed,target_rotate_right,"B934:BEQ LB95D | B938:BMI LB943 | B941:BNE LB948 | B946:BRA LB95A | B955:JSR LF4C1 | B96C:BRCLR $66,X,#$43,LB9D6",,ram_state_or_intermediate,medium,requires downstream read/use analysis
B98D,LB95D,,ROR,"$F0,X",read_modify_write,"$F0,X",$BD55,LBD55,absolute_memory_or_table,8,,$BC65,$68A8,resolved_indexed,target_rotate_right,"B934:BEQ LB95D | B938:BMI LB943 | B941:BNE LB948 | B946:BRA LB95A | B955:JSR LF4C1 | B96C:BRCLR $66,X,#$43,LB9D6",,ram_state_or_intermediate,medium,requires downstream read/use analysis
B99C,LB95D,,COM,"$005F,X",read_modify_write,"$005F,X",$BCC4,LBCC4,absolute_memory_or_table,8,,$BC65,$68A8,resolved_indexed,ones_complement_target,"B938:BMI LB943 | B941:BNE LB948 | B946:BRA LB95A | B955:JSR LF4C1 | B96C:BRCLR $66,X,#$43,LB9D6 | B994:BNE LB9F7",,ram_state_or_intermediate,medium,requires downstream read/use analysis
B99E,LB95D,,LSR,LF601,read_modify_write,LF601,$F601,LF601,absolute_memory_or_table,8,,,,direct,target_shift_right,"B938:BMI LB943 | B941:BNE LB948 | B946:BRA LB95A | B955:JSR LF4C1 | B96C:BRCLR $66,X,#$43,LB9D6 | B994:BNE LB9F7",,ram_state_or_intermediate,medium,requires downstream read/use analysis
B9A8,LB95D,,STAB,L011A,store,L011A,$011A,L011A,internal_ram,8,,,,direct,B,"B941:BNE LB948 | B946:BRA LB95A | B955:JSR LF4C1 | B96C:BRCLR $66,X,#$43,LB9D6 | B994:BNE LB9F7 | B9A4:BEQ LB9ED",,ram_state_or_intermediate,medium,requires downstream read/use analysis
B9AC,LB95D,,STAB,L014A,store,L014A,$014A,L014A,internal_ram,8,,,,direct,B,"B941:BNE LB948 | B946:BRA LB95A | B955:JSR LF4C1 | B96C:BRCLR $66,X,#$43,LB9D6 | B994:BNE LB9F7 | B9A4:BEQ LB9ED",,ram_state_or_intermediate,medium,requires downstream read/use analysis
B9C6,LB9AF,,CLR,L014B,clear,L014B,$014B,L014B,internal_ram,8,,,,direct,zero,"B946:BRA LB95A | B955:JSR LF4C1 | B96C:BRCLR $66,X,#$43,LB9D6 | B994:BNE LB9F7 | B9A4:BEQ LB9ED | B9B4:BEQ LB9ED",,ram_state_or_intermediate,medium,requires downstream read/use analysis
B9D9,LB9C9,,STAB,"0,X",store,"0,X",,"0,X",unknown,8,,$BC65,$BA32,unresolved_indexed,B,"B955:JSR LF4C1 | B96C:BRCLR $66,X,#$43,LB9D6 | B994:BNE LB9F7 | B9A4:BEQ LB9ED | B9B4:BEQ LB9ED | B9CE:BCC LB9E8",,ram_state_or_intermediate,medium,requires downstream read/use analysis
B9DC,LB9C9,,STAA,L032B,store,L032B,$032B,L032B,internal_ram,8,,,,direct,A,"B955:JSR LF4C1 | B96C:BRCLR $66,X,#$43,LB9D6 | B994:BNE LB9F7 | B9A4:BEQ LB9ED | B9B4:BEQ LB9ED | B9CE:BCC LB9E8",,ram_state_or_intermediate,medium,requires downstream read/use analysis
B9E0,LB9C9,,INC,L014B,read_modify_write,L014B,$014B,L014B,internal_ram,8,,,,direct,target_plus_1,"B955:JSR LF4C1 | B96C:BRCLR $66,X,#$43,LB9D6 | B994:BNE LB9F7 | B9A4:BEQ LB9ED | B9B4:BEQ LB9ED | B9CE:BCC LB9E8",,ram_state_or_intermediate,medium,requires downstream read/use analysis
B9E8,LB9E8,,INC,L014A,read_modify_write,L014A,$014A,L014A,internal_ram,8,,,,direct,target_plus_1,"B96C:BRCLR $66,X,#$43,LB9D6 | B994:BNE LB9F7 | B9A4:BEQ LB9ED | B9B4:BEQ LB9ED | B9CE:BCC LB9E8 | B9E6:BRA LB9C9",,ram_state_or_intermediate,medium,requires downstream read/use analysis
B9F7,LB9F7,,STAB,L011A,store,L011A,$011A,L011A,internal_ram,8,,,,direct,B,B9A4:BEQ LB9ED | B9B4:BEQ LB9ED | B9CE:BCC LB9E8 | B9E6:BRA LB9C9 | B9EB:BRA LB9AF | B9F3:BEQ LBA31,,ram_state_or_intermediate,medium,requires downstream read/use analysis
B9FB,LB9F7,,STAB,L014A,store,L014A,$014A,L014A,internal_ram,8,,,,direct,B,B9A4:BEQ LB9ED | B9B4:BEQ LB9ED | B9CE:BCC LB9E8 | B9E6:BRA LB9C9 | B9EB:BRA LB9AF | B9F3:BEQ LBA31,,ram_state_or_intermediate,medium,requires downstream read/use analysis
BA0C,LB9FE,,CLR,L014B,clear,L014B,$014B,L014B,internal_ram,8,,,,direct,zero,B9B4:BEQ LB9ED | B9CE:BCC LB9E8 | B9E6:BRA LB9C9 | B9EB:BRA LB9AF | B9F3:BEQ LBA31 | BA03:BEQ LBA31,,ram_state_or_intermediate,medium,requires downstream read/use analysis
BA20,LBA11,,STAA,"0,X",store,"0,X",,"0,X",unknown,8,,$BC65,$BA32,unresolved_indexed,A,B9CE:BCC LB9E8 | B9E6:BRA LB9C9 | B9EB:BRA LB9AF | B9F3:BEQ LBA31 | BA03:BEQ LBA31 | BA16:BCC LBA2C,,ram_state_or_intermediate,medium,requires downstream read/use analysis
BA22,LBA11,,STAB,L032B,store,L032B,$032B,L032B,internal_ram,8,,,,direct,B,B9CE:BCC LB9E8 | B9E6:BRA LB9C9 | B9EB:BRA LB9AF | B9F3:BEQ LBA31 | BA03:BEQ LBA31 | BA16:BCC LBA2C,,ram_state_or_intermediate,medium,requires downstream read/use analysis
BA26,LBA11,,INC,L014B,read_modify_write,L014B,$014B,L014B,internal_ram,8,,,,direct,target_plus_1,B9CE:BCC LB9E8 | B9E6:BRA LB9C9 | B9EB:BRA LB9AF | B9F3:BEQ LBA31 | BA03:BEQ LBA31 | BA16:BCC LBA2C,,ram_state_or_intermediate,medium,requires downstream read/use analysis
BA2C,LBA2C,,INC,L014A,read_modify_write,L014A,$014A,L014A,internal_ram,8,,,,direct,target_plus_1,B9E6:BRA LB9C9 | B9EB:BRA LB9AF | B9F3:BEQ LBA31 | BA03:BEQ LBA31 | BA16:BCC LBA2C | BA2A:BRA LBA11,,ram_state_or_intermediate,medium,requires downstream read/use analysis
BA32,LBA31,,DEC,"$81,X",read_modify_write,"$81,X",$BCE6,LBCE6,absolute_memory_or_table,8,,$BC65,$BA32,resolved_indexed,target_minus_1,B9EB:BRA LB9AF | B9F3:BEQ LBA31 | BA03:BEQ LBA31 | BA16:BCC LBA2C | BA2A:BRA LBA11 | BA2F:BRA LB9FE,,ram_state_or_intermediate,medium,requires downstream read/use analysis
BA34,LBA31,,DEC,"$92,X",read_modify_write,"$92,X",$BCF7,LBCF7,absolute_memory_or_table,8,,$BC65,$BA32,resolved_indexed,target_minus_1,B9EB:BRA LB9AF | B9F3:BEQ LBA31 | BA03:BEQ LBA31 | BA16:BCC LBA2C | BA2A:BRA LBA11 | BA2F:BRA LB9FE,,ram_state_or_intermediate,medium,requires downstream read/use analysis
BA36,LBA31,,DEC,"$A3,X",read_modify_write,"$A3,X",$BD08,LBD08,absolute_memory_or_table,8,,$BC65,$BA32,resolved_indexed,target_minus_1,B9EB:BRA LB9AF | B9F3:BEQ LBA31 | BA03:BEQ LBA31 | BA16:BCC LBA2C | BA2A:BRA LBA11 | BA2F:BRA LB9FE,,ram_state_or_intermediate,medium,requires downstream read/use analysis
BA50,LBA38,,INC,"0,X",read_modify_write,"0,X",,"0,X",unknown,8,,$BA5F,$BA32,unresolved_indexed,target_plus_1,BA03:BEQ LBA31 | BA16:BCC LBA2C | BA2A:BRA LBA11 | BA2F:BRA LB9FE | BA3E:BNE LBA52 | BA4A:BEQ LBA52,,ram_state_or_intermediate,medium,requires downstream read/use analysis
BA56,LBA52,,BSET,"L0093,#$40",bit_mutation,L0093,$0093,L0093,internal_ram,bit,#$40,,,direct,bit_set_mask,BA16:BCC LBA2C | BA2A:BRA LBA11 | BA2F:BRA LB9FE | BA3E:BNE LBA52 | BA4A:BEQ LBA52 | BA54:BEQ LBA5B,,mode_flag_or_safety_gate,medium,bit-level state mutation
BA5B,LBA5B,,BCLR,"L0093,#$40",bit_mutation,L0093,$0093,L0093,internal_ram,bit,#$40,,,direct,bit_clear_mask,BA2A:BRA LBA11 | BA2F:BRA LB9FE | BA3E:BNE LBA52 | BA4A:BEQ LBA52 | BA54:BEQ LBA5B | BA59:BRA LBA5E,,mode_flag_or_safety_gate,medium,bit-level state mutation
BA65,LBA65,,BCLR,"L0093,#$7D",bit_mutation,L0093,$0093,L0093,internal_ram,bit,#$7D,,,direct,bit_clear_mask,BA2F:BRA LB9FE | BA3E:BNE LBA52 | BA4A:BEQ LBA52 | BA54:BEQ LBA5B | BA59:BRA LBA5E | BA60:BGE LBA65,,mode_flag_or_safety_gate,medium,bit-level state mutation
BA6F,LBA65,,BSET,"L0093,#$02",bit_mutation,L0093,$0093,L0093,internal_ram,bit,#$02,,,direct,bit_set_mask,BA3E:BNE LBA52 | BA4A:BEQ LBA52 | BA54:BEQ LBA5B | BA59:BRA LBA5E | BA60:BGE LBA65 | BA6D:BCC LBA74,,mode_flag_or_safety_gate,medium,bit-level state mutation
BA79,LBA74,,BCLR,"L0093,#$02",bit_mutation,L0093,$0093,L0093,internal_ram,bit,#$02,,,direct,bit_clear_mask,BA54:BEQ LBA5B | BA59:BRA LBA5E | BA60:BGE LBA65 | BA6D:BCC LBA74 | BA72:BRA LBA7C | BA77:BLS LBA7C,,mode_flag_or_safety_gate,medium,bit-level state mutation
BAB2,LBAA7,,STAB,L00DC,store,L00DC,$00DC,L00DC,internal_ram,8,,,,direct,B,"BA7C:BRSET L0093,#$02,LBA8C | BA83:BRCLR L009F,#$02,LBA96 | BA8A:BRA LBA96 | BA8F:BRCLR L009F,#$02,LBA96 | BA99:BNE LBAA7 | BAA4:JSR LF4C1",,ram_state_or_intermediate,medium,requires downstream read/use analysis
BAB4,LBAA7,,STAB,"0,X",store,"0,X",,"0,X",unknown,8,,$0136,$BA32,unresolved_indexed,B,"BA7C:BRSET L0093,#$02,LBA8C | BA83:BRCLR L009F,#$02,LBA96 | BA8A:BRA LBA96 | BA8F:BRCLR L009F,#$02,LBA96 | BA99:BNE LBAA7 | BAA4:JSR LF4C1",,ram_state_or_intermediate,medium,requires downstream read/use analysis
BABF,LBABF,,STAA,L00DD,store,L00DD,$00DD,L00DD,internal_ram,8,,,,direct,A,"BA83:BRCLR L009F,#$02,LBA96 | BA8A:BRA LBA96 | BA8F:BRCLR L009F,#$02,LBA96 | BA99:BNE LBAA7 | BAA4:JSR LF4C1 | BAB9:BVC LBABF",,ram_state_or_intermediate,medium,requires downstream read/use analysis
BAC1,LBABF,,STAA,"$0003,X",store,"$0003,X",$0139,L0139,internal_ram,8,,$0136,$BA32,resolved_indexed,A,"BA83:BRCLR L009F,#$02,LBA96 | BA8A:BRA LBA96 | BA8F:BRCLR L009F,#$02,LBA96 | BA99:BNE LBAA7 | BAA4:JSR LF4C1 | BAB9:BVC LBABF",,ram_state_or_intermediate,medium,requires downstream read/use analysis
BAEB,LBABF,,BSET,"L0093,#$10",bit_mutation,L0093,$0093,L0093,internal_ram,bit,#$10,,,direct,bit_set_mask,"BAA4:JSR LF4C1 | BAB9:BVC LBABF | BAC7:BRCLR 0,Y,#$02,LBAF9 | BAD8:JSR LF4C1 | BAE6:BEQ LBAF9 | BAE9:BCC LBAF9",,mode_flag_or_safety_gate,medium,bit-level state mutation
BB1B,LBAF9,,BSET,"L0093,#$04",bit_mutation,L0093,$0093,L0093,internal_ram,bit,#$04,,,direct,bit_set_mask,BAE9:BCC LBAF9 | BAF7:BRA LBB4D | BB05:BNE LBB22 | BB0B:BCS LBB22 | BB12:BLS LBB22 | BB19:BLS LBB22,,mode_flag_or_safety_gate,medium,bit-level state mutation
BB28,LBB22,,BSET,"L0093,#$08",bit_mutation,L0093,$0093,L0093,internal_ram,bit,#$08,,,direct,bit_set_mask,BB05:BNE LBB22 | BB0B:BCS LBB22 | BB12:BLS LBB22 | BB19:BLS LBB22 | BB20:BRA LBB4D | BB26:BGE LBB2F,,mode_flag_or_safety_gate,medium,bit-level state mutation
BB2F,LBB2F,,BSET,"L0093,#$20",bit_mutation,L0093,$0093,L0093,internal_ram,bit,#$20,,,direct,bit_set_mask,BB0B:BCS LBB22 | BB12:BLS LBB22 | BB19:BLS LBB22 | BB20:BRA LBB4D | BB26:BGE LBB2F | BB2D:BRA LBB4D,,mode_flag_or_safety_gate,medium,bit-level state mutation
BB4D,LBB4D,,STAA,L00E1,store,L00E1,$00E1,L00E1,internal_ram,8,,,,direct,A,BB19:BLS LBB22 | BB20:BRA LBB4D | BB26:BGE LBB2F | BB2D:BRA LBB4D | BB40:BGE LBB43 | BB45:BLS LBB49,,ram_state_or_intermediate,medium,requires downstream read/use analysis
BB62,LBB62,,BSET,"L0093,#$01",bit_mutation,L0093,$0093,L0093,internal_ram,bit,#$01,,,direct,bit_set_mask,"BB40:BGE LBB43 | BB45:BLS LBB49 | BB4F:BRSET L0093,#$04,LBB62 | BB53:BRCLR L0093,#$38,LBB5F | BB5D:BEQ LBB62 | BB5F:JMP LBC3A",,mode_flag_or_safety_gate,medium,bit-level state mutation
BB73,LBB62,,STAB,L014B,store,L014B,$014B,L014B,internal_ram,8,,,,direct,B,"BB40:BGE LBB43 | BB45:BLS LBB49 | BB4F:BRSET L0093,#$04,LBB62 | BB53:BRCLR L0093,#$38,LBB5F | BB5D:BEQ LBB62 | BB5F:JMP LBC3A",,ram_state_or_intermediate,medium,requires downstream read/use analysis
BB84,LBB76,,INC,L014B,read_modify_write,L014B,$014B,L014B,internal_ram,8,,,,direct,target_plus_1,"BB4F:BRSET L0093,#$04,LBB62 | BB53:BRCLR L0093,#$38,LBB5F | BB5D:BEQ LBB62 | BB5F:JMP LBC3A | BB7B:BHI LBB8D | BB82:BCC LBB89",,ram_state_or_intermediate,medium,requires downstream read/use analysis
BB9B,LBB90,,STAA,L00DE,store,L00DE,$00DE,L00DE,internal_ram,8,,,,direct,A,BB5F:JMP LBC3A | BB7B:BHI LBB8D | BB82:BCC LBB89 | BB87:BRA LBB76 | BB8B:BLS LBB90 | BB8D:JMP LBC3A,,ram_state_or_intermediate,medium,requires downstream read/use analysis
BC2B,LBC15,,STAA,"0,X",store,"0,X",,"0,X",unknown,8,,$6A16,$BC65,unresolved_indexed,A,"BBFD:JSR LF4C1 | BC04:BLT LBC07 | BC0C:JSR LF4C1 | BC12:BGT LBC15 | BC19:BNE LBC3A | BC1B:BRCLR L0086,#$08,LBC3A",,ram_state_or_intermediate,medium,requires downstream read/use analysis
BC2D,LBC15,,STAB,L032B,store,L032B,$032B,L032B,internal_ram,8,,,,direct,B,"BBFD:JSR LF4C1 | BC04:BLT LBC07 | BC0C:JSR LF4C1 | BC12:BGT LBC15 | BC19:BNE LBC3A | BC1B:BRCLR L0086,#$08,LBC3A",,ram_state_or_intermediate,medium,requires downstream read/use analysis
BC31,LBC15,,INC,L014B,read_modify_write,L014B,$014B,L014B,internal_ram,8,,,,direct,target_plus_1,"BBFD:JSR LF4C1 | BC04:BLT LBC07 | BC0C:JSR LF4C1 | BC12:BGT LBC15 | BC19:BNE LBC3A | BC1B:BRCLR L0086,#$08,LBC3A",,ram_state_or_intermediate,medium,requires downstream read/use analysis
BC3B,LBC3A,,ROL,"$E3,X",read_modify_write,"$E3,X",$6AF9,L6AF9,absolute_memory_or_table,8,,$6A16,$BC65,resolved_indexed,target_rotate_left,"BC04:BLT LBC07 | BC0C:JSR LF4C1 | BC12:BGT LBC15 | BC19:BNE LBC3A | BC1B:BRCLR L0086,#$08,LBC3A | BC37:JMP LBB76",,ram_state_or_intermediate,medium,requires downstream read/use analysis
BC3D,LBC3A,,ROL,"$F4,X",read_modify_write,"$F4,X",$6B0A,L6B0A,absolute_memory_or_table,8,,$6A16,$BC65,resolved_indexed,target_rotate_left,"BC04:BLT LBC07 | BC0C:JSR LF4C1 | BC12:BGT LBC15 | BC19:BNE LBC3A | BC1B:BRCLR L0086,#$08,LBC3A | BC37:JMP LBB76",,ram_state_or_intermediate,medium,requires downstream read/use analysis
BC3F,LBC3A,,DEC,"$05,X",read_modify_write,"$05,X",$6A1B,L6A1B,absolute_memory_or_table,8,,$6A16,$BC65,resolved_indexed,target_minus_1,"BC04:BLT LBC07 | BC0C:JSR LF4C1 | BC12:BGT LBC15 | BC19:BNE LBC3A | BC1B:BRCLR L0086,#$08,LBC3A | BC37:JMP LBB76",,ram_state_or_intermediate,medium,requires downstream read/use analysis
BC41,LBC3A,,ASL,"$D3,X",read_modify_write,"$D3,X",$6AE9,L6AE9,absolute_memory_or_table,8,,$6A16,$BC65,resolved_indexed,target_shift_left,"BC04:BLT LBC07 | BC0C:JSR LF4C1 | BC12:BGT LBC15 | BC19:BNE LBC3A | BC1B:BRCLR L0086,#$08,LBC3A | BC37:JMP LBB76",,ram_state_or_intermediate,medium,requires downstream read/use analysis
BC43,LBC3A,,ASL,"$E4,X",read_modify_write,"$E4,X",$6AFA,L6AFA,absolute_memory_or_table,8,,$6A16,$BC65,resolved_indexed,target_shift_left,"BC04:BLT LBC07 | BC0C:JSR LF4C1 | BC12:BGT LBC15 | BC19:BNE LBC3A | BC1B:BRCLR L0086,#$08,LBC3A | BC37:JMP LBB76",,ram_state_or_intermediate,medium,requires downstream read/use analysis
BC45,LBC3A,,ASL,"$F5,X",read_modify_write,"$F5,X",$6B0B,L6B0B,absolute_memory_or_table,8,,$6A16,$BC65,resolved_indexed,target_shift_left,"BC04:BLT LBC07 | BC0C:JSR LF4C1 | BC12:BGT LBC15 | BC19:BNE LBC3A | BC1B:BRCLR L0086,#$08,LBC3A | BC37:JMP LBB76",,ram_state_or_intermediate,medium,requires downstream read/use analysis
BC47,LBC3A,,ROL,"6,X",read_modify_write,"6,X",,"6,X",unknown,8,,$6A16,$BC65,unresolved_indexed,target_rotate_left,"BC04:BLT LBC07 | BC0C:JSR LF4C1 | BC12:BGT LBC15 | BC19:BNE LBC3A | BC1B:BRCLR L0086,#$08,LBC3A | BC37:JMP LBB76",,ram_state_or_intermediate,medium,requires downstream read/use analysis
BC49,LBC3A,,ROL,"$17,X",read_modify_write,"$17,X",$6A2D,L6A2D,absolute_memory_or_table,8,,$6A16,$BC65,resolved_indexed,target_rotate_left,"BC04:BLT LBC07 | BC0C:JSR LF4C1 | BC12:BGT LBC15 | BC19:BNE LBC3A | BC1B:BRCLR L0086,#$08,LBC3A | BC37:JMP LBB76",,ram_state_or_intermediate,medium,requires downstream read/use analysis
BC4B,LBC3A,,ROL,"$28,X",read_modify_write,"$28,X",$6A3E,L6A3E,absolute_memory_or_table,8,,$6A16,$BC65,resolved_indexed,target_rotate_left,"BC04:BLT LBC07 | BC0C:JSR LF4C1 | BC12:BGT LBC15 | BC19:BNE LBC3A | BC1B:BRCLR L0086,#$08,LBC3A | BC37:JMP LBB76",,ram_state_or_intermediate,medium,requires downstream read/use analysis
BC4D,LBC3A,,ROL,"$39,X",read_modify_write,"$39,X",$6A4F,L6A4F,absolute_memory_or_table,8,,$6A16,$BC65,resolved_indexed,target_rotate_left,"BC04:BLT LBC07 | BC0C:JSR LF4C1 | BC12:BGT LBC15 | BC19:BNE LBC3A | BC1B:BRCLR L0086,#$08,LBC3A | BC37:JMP LBB76",,ram_state_or_intermediate,medium,requires downstream read/use analysis
BC4F,LBC3A,,ROL,"$4A,X",read_modify_write,"$4A,X",$6A60,L6A60,absolute_memory_or_table,8,,$6A16,$BC65,resolved_indexed,target_rotate_left,"BC04:BLT LBC07 | BC0C:JSR LF4C1 | BC12:BGT LBC15 | BC19:BNE LBC3A | BC1B:BRCLR L0086,#$08,LBC3A | BC37:JMP LBB76",,ram_state_or_intermediate,medium,requires downstream read/use analysis
BC51,LBC3A,,ROL,"$5B,X",read_modify_write,"$5B,X",$6A71,L6A71,absolute_memory_or_table,8,,$6A16,$BC65,resolved_indexed,target_rotate_left,"BC04:BLT LBC07 | BC0C:JSR LF4C1 | BC12:BGT LBC15 | BC19:BNE LBC3A | BC1B:BRCLR L0086,#$08,LBC3A | BC37:JMP LBB76",,ram_state_or_intermediate,medium,requires downstream read/use analysis
BC53,LBC3A,,ROL,"$6C,X",read_modify_write,"$6C,X",$6A82,L6A82,absolute_memory_or_table,8,,$6A16,$BC65,resolved_indexed,target_rotate_left,"BC04:BLT LBC07 | BC0C:JSR LF4C1 | BC12:BGT LBC15 | BC19:BNE LBC3A | BC1B:BRCLR L0086,#$08,LBC3A | BC37:JMP LBB76",,ram_state_or_intermediate,medium,requires downstream read/use analysis
BC55,LBC3A,,ROL,"$7D,X",read_modify_write,"$7D,X",$6A93,L6A93,absolute_memory_or_table,8,,$6A16,$BC65,resolved_indexed,target_rotate_left,"BC04:BLT LBC07 | BC0C:JSR LF4C1 | BC12:BGT LBC15 | BC19:BNE LBC3A | BC1B:BRCLR L0086,#$08,LBC3A | BC37:JMP LBB76",,ram_state_or_intermediate,medium,requires downstream read/use analysis
BC57,LBC3A,,ROL,"$8E,X",read_modify_write,"$8E,X",$6AA4,L6AA4,absolute_memory_or_table,8,,$6A16,$BC65,resolved_indexed,target_rotate_left,"BC04:BLT LBC07 | BC0C:JSR LF4C1 | BC12:BGT LBC15 | BC19:BNE LBC3A | BC1B:BRCLR L0086,#$08,LBC3A | BC37:JMP LBB76",,ram_state_or_intermediate,medium,requires downstream read/use analysis
BC59,LBC3A,,ROL,"$B0,X",read_modify_write,"$B0,X",$6AC6,L6AC6,absolute_memory_or_table,8,,$6A16,$BC65,resolved_indexed,target_rotate_left,"BC04:BLT LBC07 | BC0C:JSR LF4C1 | BC12:BGT LBC15 | BC19:BNE LBC3A | BC1B:BRCLR L0086,#$08,LBC3A | BC37:JMP LBB76",,ram_state_or_intermediate,medium,requires downstream read/use analysis
BC5B,LBC3A,,ROL,"$C1,X",read_modify_write,"$C1,X",$6AD7,L6AD7,absolute_memory_or_table,8,,$6A16,$BC65,resolved_indexed,target_rotate_left,"BC04:BLT LBC07 | BC0C:JSR LF4C1 | BC12:BGT LBC15 | BC19:BNE LBC3A | BC1B:BRCLR L0086,#$08,LBC3A | BC37:JMP LBB76",,ram_state_or_intermediate,medium,requires downstream read/use analysis
BC5D,LBC3A,,ROL,"$D2,X",read_modify_write,"$D2,X",$6AE8,L6AE8,absolute_memory_or_table,8,,$6A16,$BC65,resolved_indexed,target_rotate_left,"BC04:BLT LBC07 | BC0C:JSR LF4C1 | BC12:BGT LBC15 | BC19:BNE LBC3A | BC1B:BRCLR L0086,#$08,LBC3A | BC37:JMP LBB76",,ram_state_or_intermediate,medium,requires downstream read/use analysis
BC5F,LBC3A,,ROL,"$E3,X",read_modify_write,"$E3,X",$6AF9,L6AF9,absolute_memory_or_table,8,,$6A16,$BC65,resolved_indexed,target_rotate_left,"BC04:BLT LBC07 | BC0C:JSR LF4C1 | BC12:BGT LBC15 | BC19:BNE LBC3A | BC1B:BRCLR L0086,#$08,LBC3A | BC37:JMP LBB76",,ram_state_or_intermediate,medium,requires downstream read/use analysis
BC61,LBC3A,,ROL,"$F4,X",read_modify_write,"$F4,X",$6B0A,L6B0A,absolute_memory_or_table,8,,$6A16,$BC65,resolved_indexed,target_rotate_left,"BC04:BLT LBC07 | BC0C:JSR LF4C1 | BC12:BGT LBC15 | BC19:BNE LBC3A | BC1B:BRCLR L0086,#$08,LBC3A | BC37:JMP LBB76",,ram_state_or_intermediate,medium,requires downstream read/use analysis
BC63,LBC3A,,DEC,"$05,X",read_modify_write,"$05,X",$6A1B,L6A1B,absolute_memory_or_table,8,,$6A16,$BC65,resolved_indexed,target_minus_1,"BC04:BLT LBC07 | BC0C:JSR LF4C1 | BC12:BGT LBC15 | BC19:BNE LBC3A | BC1B:BRCLR L0086,#$08,LBC3A | BC37:JMP LBB76",,ram_state_or_intermediate,medium,requires downstream read/use analysis
BC6B,LBC3A,,DEC,"$004E,X",read_modify_write,"$004E,X",$6A64,L6A64,absolute_memory_or_table,8,,$6A16,$BC65,resolved_indexed,target_minus_1,"BC04:BLT LBC07 | BC0C:JSR LF4C1 | BC12:BGT LBC15 | BC19:BNE LBC3A | BC1B:BRCLR L0086,#$08,LBC3A | BC37:JMP LBB76",,ram_state_or_intermediate,medium,requires downstream read/use analysis
BC6D,LBC3A,,DEC,"$005F,X",read_modify_write,"$005F,X",$6A75,L6A75,absolute_memory_or_table,8,,$6A16,$BC65,resolved_indexed,target_minus_1,"BC04:BLT LBC07 | BC0C:JSR LF4C1 | BC12:BGT LBC15 | BC19:BNE LBC3A | BC1B:BRCLR L0086,#$08,LBC3A | BC37:JMP LBB76",,ram_state_or_intermediate,medium,requires downstream read/use analysis
BC6F,LBC3A,,DEC,"$0070,X",read_modify_write,"$0070,X",$6A86,L6A86,absolute_memory_or_table,8,,$6A16,$BC65,resolved_indexed,target_minus_1,"BC04:BLT LBC07 | BC0C:JSR LF4C1 | BC12:BGT LBC15 | BC19:BNE LBC3A | BC1B:BRCLR L0086,#$08,LBC3A | BC37:JMP LBB76",,ram_state_or_intermediate,medium,requires downstream read/use analysis
BC71,LBC3A,,DEC,"$001B,X",read_modify_write,"$001B,X",$6A31,L6A31,absolute_memory_or_table,8,,$6A16,$BC65,resolved_indexed,target_minus_1,"BC04:BLT LBC07 | BC0C:JSR LF4C1 | BC12:BGT LBC15 | BC19:BNE LBC3A | BC1B:BRCLR L0086,#$08,LBC3A | BC37:JMP LBB76",,ram_state_or_intermediate,medium,requires downstream read/use analysis
BC73,LBC3A,,DEC,"$2C,X",read_modify_write,"$2C,X",$6A42,L6A42,absolute_memory_or_table,8,,$6A16,$BC65,resolved_indexed,target_minus_1,"BC04:BLT LBC07 | BC0C:JSR LF4C1 | BC12:BGT LBC15 | BC19:BNE LBC3A | BC1B:BRCLR L0086,#$08,LBC3A | BC37:JMP LBB76",,ram_state_or_intermediate,medium,requires downstream read/use analysis
BC75,LBC3A,,DEC,"$3D,X",read_modify_write,"$3D,X",$6A53,L6A53,absolute_memory_or_table,8,,$6A16,$BC65,resolved_indexed,target_minus_1,"BC04:BLT LBC07 | BC0C:JSR LF4C1 | BC12:BGT LBC15 | BC19:BNE LBC3A | BC1B:BRCLR L0086,#$08,LBC3A | BC37:JMP LBB76",,ram_state_or_intermediate,medium,requires downstream read/use analysis
BCB3,LBCB3,,STAB,L0199,store,L0199,$0199,L0199,internal_ram,8,,,,direct,B,BC8D:BLS LBCB6 | BC95:BRA LBCB3 | BC99:BNE LBCB6 | BC9E:BLS LBCA8 | BCA6:BRA LBCB3 | BCAB:BLS LBCB6,,ram_state_or_intermediate,medium,requires downstream read/use analysis
BCB6,LBCB6,,STAA,L0198,store,L0198,$0198,L0198,internal_ram,8,,,,direct,A,BC8D:BLS LBCB6 | BC95:BRA LBCB3 | BC99:BNE LBCB6 | BC9E:BLS LBCA8 | BCA6:BRA LBCB3 | BCAB:BLS LBCB6,,ram_state_or_intermediate,medium,requires downstream read/use analysis
BCCE,LBCCE,,BCLR,"L008E,#$01",bit_mutation,L008E,$008E,L008E,internal_ram,bit,#$01,,,direct,bit_clear_mask,"BCA6:BRA LBCB3 | BCAB:BLS LBCB6 | BCBA:BEQ LBCC5 | BCBF:BVC LBCC5 | BCC6:BRSET L0098,#$04,LBCCE | BCCA:BRCLR L00A2,#$70,LBCD6",,mode_flag_or_safety_gate,medium,bit-level state mutation
BCE1,LBCE1,,BSET,"L008E,#$01",bit_mutation,L008E,$008E,L008E,internal_ram,bit,#$01,,,direct,bit_set_mask,"BCC6:BRSET L0098,#$04,LBCCE | BCCA:BRCLR L00A2,#$70,LBCD6 | BCD3:JMP LBE33 | BCD6:BRSET L0083,#$01,LBCE1 | BCDA:BRCLR L0083,#$08,LBCF3 | BCDE:JMP LBE19",,mode_flag_or_safety_gate,medium,bit-level state mutation
BCE4,LBCE1,,BCLR,"L008F,#$01",bit_mutation,L008F,$008F,L008F,internal_ram,bit,#$01,,,direct,bit_clear_mask,"BCC6:BRSET L0098,#$04,LBCCE | BCCA:BRCLR L00A2,#$70,LBCD6 | BCD3:JMP LBE33 | BCD6:BRSET L0083,#$01,LBCE1 | BCDA:BRCLR L0083,#$08,LBCF3 | BCDE:JMP LBE19",,mode_flag_or_safety_gate,medium,bit-level state mutation
BCEA,LBCE1,,STAA,L013D,store,L013D,$013D,L013D,internal_ram,8,,,,direct,A,"BCC6:BRSET L0098,#$04,LBCCE | BCCA:BRCLR L00A2,#$70,LBCD6 | BCD3:JMP LBE33 | BCD6:BRSET L0083,#$01,LBCE1 | BCDA:BRCLR L0083,#$08,LBCF3 | BCDE:JMP LBE19",,ram_state_or_intermediate,medium,requires downstream read/use analysis
BCED,LBCE1,,STAA,L013C,store,L013C,$013C,L013C,internal_ram,8,,,,direct,A,"BCC6:BRSET L0098,#$04,LBCCE | BCCA:BRCLR L00A2,#$70,LBCD6 | BCD3:JMP LBE33 | BCD6:BRSET L0083,#$01,LBCE1 | BCDA:BRCLR L0083,#$08,LBCF3 | BCDE:JMP LBE19",,ram_state_or_intermediate,medium,requires downstream read/use analysis
BD35,LBD1E,,STD,L013E,store,L013E,$013E,L013E,internal_ram,16,,,,direct,D,"BD0B:BCC LBD7A | BD16:BHI LBD1E | BD1B:JMP LBE33 | BD1E:BRSET L0091,#$10,LBD71 | BD22:BRSET L008F,#$01,LBD3B | BD2F:JSR LF4C1",,ram_state_or_intermediate,medium,requires downstream read/use analysis
BD38,LBD1E,,BSET,"L008F,#$01",bit_mutation,L008F,$008F,L008F,internal_ram,bit,#$01,,,direct,bit_set_mask,"BD0B:BCC LBD7A | BD16:BHI LBD1E | BD1B:JMP LBE33 | BD1E:BRSET L0091,#$10,LBD71 | BD22:BRSET L008F,#$01,LBD3B | BD2F:JSR LF4C1",,mode_flag_or_safety_gate,medium,bit-level state mutation
BD5E,LBD54,,INC,L013D,read_modify_write,L013D,$013D,L013D,internal_ram,8,,,,direct,target_plus_1,"BD22:BRSET L008F,#$01,LBD3B | BD2F:JSR LF4C1 | BD47:JSR LF4C1 | BD4C:BCC LBD54 | BD51:JMP LBDFA | BD5C:BCS LBD74",,ram_state_or_intermediate,medium,requires downstream read/use analysis
BD89,LBD7A,,STAA,L013C,store,L013C,$013C,L013C,internal_ram,8,,,,direct,A,BD69:JSR LF4C1 | BD6F:BCC LBD74 | BD71:JMP LBE19 | BD77:JMP LBDFA | BD7F:JSR LF4C1 | BD85:BCS LBD91,,ram_state_or_intermediate,medium,requires downstream read/use analysis
BDB8,LBDA0,,STD,L013E,store,L013E,$013E,L013E,internal_ram,16,,,,direct,D,"BD8E:JMP LBE33 | BD96:JSR LF4C1 | BD9C:BCC LBDA0 | BDA2:BCS LBDE2 | BDA4:BRSET L008F,#$01,LBDBE | BDB2:JSR LF4C1",,ram_state_or_intermediate,medium,requires downstream read/use analysis
BDBB,LBDA0,,BSET,"L008F,#$01",bit_mutation,L008F,$008F,L008F,internal_ram,bit,#$01,,,direct,bit_set_mask,"BD8E:JMP LBE33 | BD96:JSR LF4C1 | BD9C:BCC LBDA0 | BDA2:BCS LBDE2 | BDA4:BRSET L008F,#$01,LBDBE | BDB2:JSR LF4C1",,mode_flag_or_safety_gate,medium,bit-level state mutation
BDF4,LBDE2,,INC,L013D,read_modify_write,L013D,$013D,L013D,internal_ram,8,,,,direct,target_plus_1,BDB2:JSR LF4C1 | BDC8:JSR LF4C1 | BDD7:BVC LBDE0 | BDE0:BRA LBE33 | BDEC:JSR LF4C1 | BDF2:BCS LBE19,,ram_state_or_intermediate,medium,requires downstream read/use analysis
BE19,LBE19,,BCLR,"L008E,#$01",bit_mutation,L008E,$008E,L008E,internal_ram,bit,#$01,,,direct,bit_clear_mask,BDE0:BRA LBE33 | BDEC:JSR LF4C1 | BDF2:BCS LBE19 | BDFF:JSR LF4C1 | BE0E:BVC LBE17 | BE17:BRA LBE33,,mode_flag_or_safety_gate,medium,bit-level state mutation
BE33,LBE33,,STD,L013E,store,L013E,$013E,L013E,internal_ram,16,,,,direct,D,BDFF:JSR LF4C1 | BE0E:BVC LBE17 | BE17:BRA LBE33 | BE1E:BNE LBE23 | BE21:BRA LBE33 | BE2D:JSR LF4C1,,ram_state_or_intermediate,medium,requires downstream read/use analysis
BE45,LBE33,,ASL,"$000F,X",read_modify_write,"$000F,X",$6763,L6763,absolute_memory_or_table,8,,$6754,$BC65,resolved_indexed,target_shift_left,BDFF:JSR LF4C1 | BE0E:BVC LBE17 | BE17:BRA LBE33 | BE1E:BNE LBE23 | BE21:BRA LBE33 | BE2D:JSR LF4C1,,ram_state_or_intermediate,medium,requires downstream read/use analysis
BE47,LBE33,,ASL,"$0020,X",read_modify_write,"$0020,X",$6774,L6774,absolute_memory_or_table,8,,$6754,$BC65,resolved_indexed,target_shift_left,BDFF:JSR LF4C1 | BE0E:BVC LBE17 | BE17:BRA LBE33 | BE1E:BNE LBE23 | BE21:BRA LBE33 | BE2D:JSR LF4C1,,ram_state_or_intermediate,medium,requires downstream read/use analysis
BE49,LBE33,,ASL,"$0031,X",read_modify_write,"$0031,X",$6785,L6785,absolute_memory_or_table,8,,$6754,$BC65,resolved_indexed,target_shift_left,BDFF:JSR LF4C1 | BE0E:BVC LBE17 | BE17:BRA LBE33 | BE1E:BNE LBE23 | BE21:BRA LBE33 | BE2D:JSR LF4C1,,ram_state_or_intermediate,medium,requires downstream read/use analysis
BE4B,LBE33,,ASL,"$0042,X",read_modify_write,"$0042,X",$6796,L6796,absolute_memory_or_table,8,,$6754,$BC65,resolved_indexed,target_shift_left,BDFF:JSR LF4C1 | BE0E:BVC LBE17 | BE17:BRA LBE33 | BE1E:BNE LBE23 | BE21:BRA LBE33 | BE2D:JSR LF4C1,,ram_state_or_intermediate,medium,requires downstream read/use analysis
BE4D,LBE33,,ASL,"$0053,X",read_modify_write,"$0053,X",$67A7,L67A7,absolute_memory_or_table,8,,$6754,$BC65,resolved_indexed,target_shift_left,BDFF:JSR LF4C1 | BE0E:BVC LBE17 | BE17:BRA LBE33 | BE1E:BNE LBE23 | BE21:BRA LBE33 | BE2D:JSR LF4C1,,ram_state_or_intermediate,medium,requires downstream read/use analysis
BE55,LBE33,,ASL,"$0075,X",read_modify_write,"$0075,X",$67C9,L67C9,absolute_memory_or_table,8,,$6754,$BC65,resolved_indexed,target_shift_left,BDFF:JSR LF4C1 | BE0E:BVC LBE17 | BE17:BRA LBE33 | BE1E:BNE LBE23 | BE21:BRA LBE33 | BE2D:JSR LF4C1,,ram_state_or_intermediate,medium,requires downstream read/use analysis
BE57,LBE33,,ASL,"$0086,X",read_modify_write,"$0086,X",$67DA,L67DA,absolute_memory_or_table,8,,$6754,$BC65,resolved_indexed,target_shift_left,BDFF:JSR LF4C1 | BE0E:BVC LBE17 | BE17:BRA LBE33 | BE1E:BNE LBE23 | BE21:BRA LBE33 | BE2D:JSR LF4C1,,ram_state_or_intermediate,medium,requires downstream read/use analysis
BE59,LBE33,,ASL,"$0097,X",read_modify_write,"$0097,X",$67EB,L67EB,absolute_memory_or_table,8,,$6754,$BC65,resolved_indexed,target_shift_left,BDFF:JSR LF4C1 | BE0E:BVC LBE17 | BE17:BRA LBE33 | BE1E:BNE LBE23 | BE21:BRA LBE33 | BE2D:JSR LF4C1,,ram_state_or_intermediate,medium,requires downstream read/use analysis
BE90,LBE90,,BSET,"L008E,#$40",bit_mutation,L008E,$008E,L008E,internal_ram,bit,#$40,,,direct,bit_set_mask,"BE7A:BCS LBE80 | BE7E:BHI LBE98 | BE84:BCS LBE8A | BE88:BCS LBE90 | BE8A:BRSET L008E,#$40,LBE90 | BE8E:BRA LBE98",,mode_flag_or_safety_gate,medium,bit-level state mutation
BE98,LBE98,,BCLR,"L008E,#$40",bit_mutation,L008E,$008E,L008E,internal_ram,bit,#$40,,,direct,bit_clear_mask,"BE7E:BHI LBE98 | BE84:BCS LBE8A | BE88:BCS LBE90 | BE8A:BRSET L008E,#$40,LBE90 | BE8E:BRA LBE98 | BE96:BRA LBE9E",,mode_flag_or_safety_gate,medium,bit-level state mutation
BEB3,LBEB3,,STAA,L014D,store,L014D,$014D,L014D,internal_ram,8,,,,direct,A,"BE8A:BRSET L008E,#$40,LBE90 | BE8E:BRA LBE98 | BE96:BRA LBE9E | BEA6:BCS LBEAB | BEA9:BCC LBEAD | BEB0:JSR LF4DE",,ram_state_or_intermediate,medium,requires downstream read/use analysis
BEB8,LBEB3,,STAA,L0147,store,L0147,$0147,L0147,internal_ram,8,,,,direct,A,"BE8A:BRSET L008E,#$40,LBE90 | BE8E:BRA LBE98 | BE96:BRA LBE9E | BEA6:BCS LBEAB | BEA9:BCC LBEAD | BEB0:JSR LF4DE",,ram_state_or_intermediate,medium,requires downstream read/use analysis
BEC5,LBEBC,,STAB,L018E,store,L018E,$018E,L018E,internal_ram,8,,,,direct,B,BE8E:BRA LBE98 | BE96:BRA LBE9E | BEA6:BCS LBEAB | BEA9:BCC LBEAD | BEB0:JSR LF4DE | BEC2:BEQ LBEC8,,ram_state_or_intermediate,medium,requires downstream read/use analysis
BECA,LBEC8,,STAA,L00B3,store,L00B3,$00B3,L00B3,internal_ram,8,,,,direct,A,BE8E:BRA LBE98 | BE96:BRA LBE9E | BEA6:BCS LBEAB | BEA9:BCC LBEAD | BEB0:JSR LF4DE | BEC2:BEQ LBEC8,,ram_state_or_intermediate,medium,requires downstream read/use analysis
BEDD,LBED7,,STAB,L018E,store,L018E,$018E,L018E,internal_ram,8,,,,direct,B,BEB0:JSR LF4DE | BEC2:BEQ LBEC8 | BECD:BCC LBED7 | BED1:BHI LBEE0 | BED5:BRA LBEE6 | BED9:BCS LBEE0,,ram_state_or_intermediate,medium,requires downstream read/use analysis
BEE6,LBEE6,,STAA,L018D,store,L018D,$018D,L018D,internal_ram,8,,,,direct,A,BEC2:BEQ LBEC8 | BECD:BCC LBED7 | BED1:BHI LBEE0 | BED5:BRA LBEE6 | BED9:BCS LBEE0 | BEE3:BEQ LBEE9,,ram_state_or_intermediate,medium,requires downstream read/use analysis
BEF0,LBEE9,,BSET,"L0089,#$80",bit_mutation,L0089,$0089,L0089,internal_ram,bit,#$80,,,direct,bit_set_mask,BECD:BCC LBED7 | BED1:BHI LBEE0 | BED5:BRA LBEE6 | BED9:BCS LBEE0 | BEE3:BEQ LBEE9 | BEEE:BGE LBEF5,,mode_flag_or_safety_gate,medium,bit-level state mutation
BEF9,LBEF5,,BCLR,"L0089,#$80",bit_mutation,L0089,$0089,L0089,internal_ram,bit,#$80,,,direct,bit_clear_mask,BED5:BRA LBEE6 | BED9:BCS LBEE0 | BEE3:BEQ LBEE9 | BEEE:BGE LBEF5 | BEF3:BRA LBEFC | BEF7:BLE LBEFC,,mode_flag_or_safety_gate,medium,bit-level state mutation
BF10,LBF10,,BCLR,"L0089,#$08",bit_mutation,L0089,$0089,L0089,internal_ram,bit,#$08,,,direct,bit_clear_mask,"BEEE:BGE LBEF5 | BEF3:BRA LBEFC | BEF7:BLE LBEFC | BEFE:BRSET L0089,#$40,LBF08 | BF02:BRSET L0089,#$10,LBF08 | BF0A:BRCLR L0089,#$08,LBF10",,mode_flag_or_safety_gate,medium,bit-level state mutation
BF23,LBF23,,BSET,"L0089,#$08",bit_mutation,L0089,$0089,L0089,internal_ram,bit,#$08,,,direct,bit_set_mask,"BEFE:BRSET L0089,#$40,LBF08 | BF02:BRSET L0089,#$10,LBF08 | BF0A:BRCLR L0089,#$08,LBF10 | BF15:BHI LBF26 | BF19:BRSET L0089,#$40,LBF23 | BF1D:BRSET L0089,#$10,LBF23",,mode_flag_or_safety_gate,medium,bit-level state mutation
BF2E,LBF26,,BSET,"L008B,#$08",bit_mutation,L008B,$008B,L008B,internal_ram,bit,#$08,,,direct,bit_set_mask,"BF0A:BRCLR L0089,#$08,LBF10 | BF15:BHI LBF26 | BF19:BRSET L0089,#$40,LBF23 | BF1D:BRSET L0089,#$10,LBF23 | BF26:BRCLR 0,X,#$04,LBF61 | BF2C:BLS LBF61",,mode_flag_or_safety_gate,medium,bit-level state mutation
BF3F,LBF3B,,BSET,"L008B,#$80",bit_mutation,L008B,$008B,L008B,internal_ram,bit,#$80,,,direct,bit_set_mask,"BF26:BRCLR 0,X,#$04,LBF61 | BF2C:BLS LBF61 | BF31:BRSET L0089,#$40,LBF3B | BF35:BRSET L008B,#$20,LBF3B | BF39:BRA LBF61 | BF3B:BRCLR L008B,#$10,LBF61",,mode_flag_or_safety_gate,medium,bit-level state mutation
BF42,LBF3B,,BCLR,"L008B,#$10",bit_mutation,L008B,$008B,L008B,internal_ram,bit,#$10,,,direct,bit_clear_mask,"BF26:BRCLR 0,X,#$04,LBF61 | BF2C:BLS LBF61 | BF31:BRSET L0089,#$40,LBF3B | BF35:BRSET L008B,#$20,LBF3B | BF39:BRA LBF61 | BF3B:BRCLR L008B,#$10,LBF61",,mode_flag_or_safety_gate,medium,bit-level state mutation
BF59,LBF59,,STD,L0121,store,L0121,$0121,L0121,internal_ram,16,,,,direct,D,"BF31:BRSET L0089,#$40,LBF3B | BF35:BRSET L008B,#$20,LBF3B | BF39:BRA LBF61 | BF3B:BRCLR L008B,#$10,LBF61 | BF4C:BHI LBF5C | BF54:BCC LBF59",,ram_state_or_intermediate,medium,requires downstream read/use analysis
BF5E,LBF5C,,STD,L011B,store,L011B,$011B,L011B,internal_ram,16,,,,direct,D,"BF31:BRSET L0089,#$40,LBF3B | BF35:BRSET L008B,#$20,LBF3B | BF39:BRA LBF61 | BF3B:BRCLR L008B,#$10,LBF61 | BF4C:BHI LBF5C | BF54:BCC LBF59",,ram_state_or_intermediate,medium,requires downstream read/use analysis
BF68,LBF62,,STX,L011B,store,L011B,$011B,L011B,internal_ram,16,,,,direct,X,"BF35:BRSET L008B,#$20,LBF3B | BF39:BRA LBF61 | BF3B:BRCLR L008B,#$10,LBF61 | BF4C:BHI LBF5C | BF54:BCC LBF59 | BF66:BEQ LBF6B",,ram_state_or_intermediate,medium,requires downstream read/use analysis
BF72,LBF72,,STX,L011D,store,L011D,$011D,L011D,internal_ram,16,,,,direct,X,"BF39:BRA LBF61 | BF3B:BRCLR L008B,#$10,LBF61 | BF4C:BHI LBF5C | BF54:BCC LBF59 | BF66:BEQ LBF6B | BF6F:BNE LBF72",,ram_state_or_intermediate,medium,requires downstream read/use analysis
BF7C,LBF72,,STD,L011D,store,L011D,$011D,L011D,internal_ram,16,,,,direct,D,"BF3B:BRCLR L008B,#$10,LBF61 | BF4C:BHI LBF5C | BF54:BCC LBF59 | BF66:BEQ LBF6B | BF6F:BNE LBF72 | BF78:BCS LBF8C",,ram_state_or_intermediate,medium,requires downstream read/use analysis
BF89,LBF89,,STD,L0121,store,L0121,$0121,L0121,internal_ram,16,,,,direct,D,BF4C:BHI LBF5C | BF54:BCC LBF59 | BF66:BEQ LBF6B | BF6F:BNE LBF72 | BF78:BCS LBF8C | BF85:BCC LBF89,,ram_state_or_intermediate,medium,requires downstream read/use analysis
BF98,LBF8C,,STD,L0121,store,L0121,$0121,L0121,internal_ram,16,,,,direct,D,BF54:BCC LBF59 | BF66:BEQ LBF6B | BF6F:BNE LBF72 | BF78:BCS LBF8C | BF85:BCC LBF89 | BF93:BCC LBF9B,,ram_state_or_intermediate,medium,requires downstream read/use analysis
BFAD,LBF9B,,STAA,L0123,store,L0123,$0123,L0123,internal_ram,8,,,,direct,A,"BF78:BCS LBF8C | BF85:BCC LBF89 | BF93:BCC LBF9B | BF9E:BRCLR L008B,#$20,LBFB5 | BFA8:BCC LBFB2 | BFAB:BEQ LBFB8",,ram_state_or_intermediate,medium,requires downstream read/use analysis
BFB2,LBFB2,,BCLR,"L008B,#$20",bit_mutation,L008B,$008B,L008B,internal_ram,bit,#$20,,,direct,bit_clear_mask,"BF85:BCC LBF89 | BF93:BCC LBF9B | BF9E:BRCLR L008B,#$20,LBFB5 | BFA8:BCC LBFB2 | BFAB:BEQ LBFB8 | BFB0:BRA LBFB8",,mode_flag_or_safety_gate,medium,bit-level state mutation
BFB5,LBFB5,,CLR,L0123,clear,L0123,$0123,L0123,internal_ram,8,,,,direct,zero,"BF85:BCC LBF89 | BF93:BCC LBF9B | BF9E:BRCLR L008B,#$20,LBFB5 | BFA8:BCC LBFB2 | BFAB:BEQ LBFB8 | BFB0:BRA LBFB8",,ram_state_or_intermediate,medium,requires downstream read/use analysis
BFBE,LBFB8,,STAB,L012D,store,L012D,$012D,L012D,internal_ram,8,,,,direct,B,"BF93:BCC LBF9B | BF9E:BRCLR L008B,#$20,LBFB5 | BFA8:BCC LBFB2 | BFAB:BEQ LBFB8 | BFB0:BRA LBFB8 | BFBC:BEQ LBFC1",,ram_state_or_intermediate,medium,requires downstream read/use analysis
BFC7,LBFC1,,STAB,L012E,store,L012E,$012E,L012E,internal_ram,8,,,,direct,B,"BF9E:BRCLR L008B,#$20,LBFB5 | BFA8:BCC LBFB2 | BFAB:BEQ LBFB8 | BFB0:BRA LBFB8 | BFBC:BEQ LBFC1 | BFC5:BEQ LBFCA",,ram_state_or_intermediate,medium,requires downstream read/use analysis
BFD8,LBFCA,,STAB,L0125,store,L0125,$0125,L0125,internal_ram,8,,,,direct,B,"BFB0:BRA LBFB8 | BFBC:BEQ LBFC1 | BFC5:BEQ LBFCA | BFCA:BRSET L0089,#$40,LBFDB | BFCE:BRSET L0089,#$10,LBFDB | BFD6:BEQ LBFDB",,ram_state_or_intermediate,medium,requires downstream read/use analysis
BFEF,LBFEF,,STAA,L018C,store,L018C,$018C,L018C,internal_ram,8,,,,direct,A,"BFCA:BRSET L0089,#$40,LBFDB | BFCE:BRSET L0089,#$10,LBFDB | BFD6:BEQ LBFDB | BFDE:BEQ LBFE3 | BFE1:BRA LBFEF | BFE3:BRCLR L0083,#$08,LBFF2",,ram_state_or_intermediate,medium,requires downstream read/use analysis
C007,LC007,,STAA,L0124,store,L0124,$0124,L0124,internal_ram,8,,,,direct,A,"BFDE:BEQ LBFE3 | BFE1:BRA LBFEF | BFE3:BRCLR L0083,#$08,LBFF2 | BFF5:BEQ LBFFA | BFF8:BRA LC007 | BFFA:BRCLR L0083,#$01,LC00A",,ram_state_or_intermediate,medium,requires downstream read/use analysis
C031,LC020,,BSET,"L008B,#$40",bit_mutation,L008B,$008B,L008B,internal_ram,bit,#$40,,,direct,bit_set_mask,"C017:JMP LC260 | C01A:JMP LC2D5 | C01D:JMP LC180 | C020:BRSET L0087,#$02,LC045 | C024:BRCLR L008B,#$80,LC045 | C02F:BCC LC042",,mode_flag_or_safety_gate,medium,bit-level state mutation
C03C,LC03C,,STD,L011F,store,L011F,$011F,L011F,internal_ram,16,,,,direct,D,"C01A:JMP LC2D5 | C01D:JMP LC180 | C020:BRSET L0087,#$02,LC045 | C024:BRCLR L008B,#$80,LC045 | C02F:BCC LC042 | C037:BCC LC03C",,ram_state_or_intermediate,medium,requires downstream read/use analysis
C042,LC042,,BCLR,"L008B,#$80",bit_mutation,L008B,$008B,L008B,internal_ram,bit,#$80,,,direct,bit_clear_mask,"C01D:JMP LC180 | C020:BRSET L0087,#$02,LC045 | C024:BRCLR L008B,#$80,LC045 | C02F:BCC LC042 | C037:BCC LC03C | C03F:JMP LC265",,mode_flag_or_safety_gate,medium,bit-level state mutation
C047,LC045,,STD,L011F,store,L011F,$011F,L011F,internal_ram,16,,,,direct,D,"C01D:JMP LC180 | C020:BRSET L0087,#$02,LC045 | C024:BRCLR L008B,#$80,LC045 | C02F:BCC LC042 | C037:BCC LC03C | C03F:JMP LC265",,ram_state_or_intermediate,medium,requires downstream read/use analysis
C04A,LC045,,BCLR,"L008B,#$40",bit_mutation,L008B,$008B,L008B,internal_ram,bit,#$40,,,direct,bit_clear_mask,"C01D:JMP LC180 | C020:BRSET L0087,#$02,LC045 | C024:BRCLR L008B,#$80,LC045 | C02F:BCC LC042 | C037:BCC LC03C | C03F:JMP LC265",,mode_flag_or_safety_gate,medium,bit-level state mutation
C051,LC045,,BSET,"L008B,#$10",bit_mutation,L008B,$008B,L008B,internal_ram,bit,#$10,,,direct,bit_set_mask,"C020:BRSET L0087,#$02,LC045 | C024:BRCLR L008B,#$80,LC045 | C02F:BCC LC042 | C037:BCC LC03C | C03F:JMP LC265 | C04D:BRSET L0089,#$40,LC069",,mode_flag_or_safety_gate,medium,bit-level state mutation
C054,LC045,,BSET,"L0089,#$40",bit_mutation,L0089,$0089,L0089,internal_ram,bit,#$40,,,direct,bit_set_mask,"C020:BRSET L0087,#$02,LC045 | C024:BRCLR L008B,#$80,LC045 | C02F:BCC LC042 | C037:BCC LC03C | C03F:JMP LC265 | C04D:BRSET L0089,#$40,LC069",,mode_flag_or_safety_gate,medium,bit-level state mutation
C057,LC045,,BCLR,"L0089,#$10",bit_mutation,L0089,$0089,L0089,internal_ram,bit,#$10,,,direct,bit_clear_mask,"C020:BRSET L0087,#$02,LC045 | C024:BRCLR L008B,#$80,LC045 | C02F:BCC LC042 | C037:BCC LC03C | C03F:JMP LC265 | C04D:BRSET L0089,#$40,LC069",,mode_flag_or_safety_gate,medium,bit-level state mutation
C05B,LC045,,STAA,L0125,store,L0125,$0125,L0125,internal_ram,8,,,,direct,A,"C020:BRSET L0087,#$02,LC045 | C024:BRCLR L008B,#$80,LC045 | C02F:BCC LC042 | C037:BCC LC03C | C03F:JMP LC265 | C04D:BRSET L0089,#$40,LC069",,ram_state_or_intermediate,medium,requires downstream read/use analysis
C05E,LC045,,STAA,L012D,store,L012D,$012D,L012D,internal_ram,8,,,,direct,A,"C020:BRSET L0087,#$02,LC045 | C024:BRCLR L008B,#$80,LC045 | C02F:BCC LC042 | C037:BCC LC03C | C03F:JMP LC265 | C04D:BRSET L0089,#$40,LC069",,ram_state_or_intermediate,medium,requires downstream read/use analysis
C061,LC045,,STAA,L012E,store,L012E,$012E,L012E,internal_ram,8,,,,direct,A,"C020:BRSET L0087,#$02,LC045 | C024:BRCLR L008B,#$80,LC045 | C02F:BCC LC042 | C037:BCC LC03C | C03F:JMP LC265 | C04D:BRSET L0089,#$40,LC069",,ram_state_or_intermediate,medium,requires downstream read/use analysis
C067,LC045,,STAA,L00E7,store,L00E7,$00E7,L00E7,internal_ram,8,,,,direct,A,"C020:BRSET L0087,#$02,LC045 | C024:BRCLR L008B,#$80,LC045 | C02F:BCC LC042 | C037:BCC LC03C | C03F:JMP LC265 | C04D:BRSET L0089,#$40,LC069",,ram_state_or_intermediate,medium,requires downstream read/use analysis
C09F,LC09C,,STAA,L018F,store,L018F,$018F,L018F,internal_ram,8,,,,direct,A,C077:BCC LC07C | C080:JSR LC271 | C086:BNE LC09C | C08F:JSR LD8FE | C092:BCC LC097 | C099:JSR LF4C1,,ram_state_or_intermediate,medium,requires downstream read/use analysis
C0BA,LC0BA,,STD,L00F3,store,L00F3,$00F3,L00F3,internal_ram,16,,,,direct,D,C08F:JSR LD8FE | C092:BCC LC097 | C099:JSR LF4C1 | C0A8:BCC LC0AB | C0AE:BCC LC0B3 | C0B6:BCC LC0BA,,ram_state_or_intermediate,medium,requires downstream read/use analysis
C0C5,LC0BA,,STAA,L00E7,store,L00E7,$00E7,L00E7,internal_ram,8,,,,direct,A,C092:BCC LC097 | C099:JSR LF4C1 | C0A8:BCC LC0AB | C0AE:BCC LC0B3 | C0B6:BCC LC0BA | C0C1:BLS LC0C9,,ram_state_or_intermediate,medium,requires downstream read/use analysis
C0CE,LC0C9,,DEC,L00E7,read_modify_write,L00E7,$00E7,L00E7,internal_ram,8,,,,direct,target_minus_1,C0A8:BCC LC0AB | C0AE:BCC LC0B3 | C0B6:BCC LC0BA | C0C1:BLS LC0C9 | C0C7:BRA LC0D3 | C0CC:BCC LC0D3,,ram_state_or_intermediate,medium,requires downstream read/use analysis
C0E3,LC0E0,,STAA,L00E6,store,L00E6,$00E6,L00E6,internal_ram,8,,,,direct,A,C0C7:BRA LC0D3 | C0CC:BCC LC0D3 | C0D1:BEQ LC0E0 | C0D9:BCC LC0E0 | C0DB:JMP LC23F | C0DE:BRA LC103,,ram_state_or_intermediate,medium,requires downstream read/use analysis
C0E5,LC0E0,,BSET,"L0089,#$20",bit_mutation,L0089,$0089,L0089,internal_ram,bit,#$20,,,direct,bit_set_mask,C0C7:BRA LC0D3 | C0CC:BCC LC0D3 | C0D1:BEQ LC0E0 | C0D9:BCC LC0E0 | C0DB:JMP LC23F | C0DE:BRA LC103,,mode_flag_or_safety_gate,medium,bit-level state mutation
C0F3,LC0E0,,STAA,L00F6,store,L00F6,$00F6,L00F6,internal_ram,8,,,,direct,A,C0CC:BCC LC0D3 | C0D1:BEQ LC0E0 | C0D9:BCC LC0E0 | C0DB:JMP LC23F | C0DE:BRA LC103 | C0EF:JSR LC271,,ram_state_or_intermediate,medium,requires downstream read/use analysis
C0F5,LC0E0,,STAA,L012D,store,L012D,$012D,L012D,internal_ram,8,,,,direct,A,C0CC:BCC LC0D3 | C0D1:BEQ LC0E0 | C0D9:BCC LC0E0 | C0DB:JMP LC23F | C0DE:BRA LC103 | C0EF:JSR LC271,,ram_state_or_intermediate,medium,requires downstream read/use analysis
C0FA,LC0E0,,STAA,L00EA,store,L00EA,$00EA,L00EA,internal_ram,8,,,,direct,A,C0CC:BCC LC0D3 | C0D1:BEQ LC0E0 | C0D9:BCC LC0E0 | C0DB:JMP LC23F | C0DE:BRA LC103 | C0EF:JSR LC271,,ram_state_or_intermediate,medium,requires downstream read/use analysis
C0FE,LC0E0,,STAA,L00F5,store,L00F5,$00F5,L00F5,internal_ram,8,,,,direct,A,C0CC:BCC LC0D3 | C0D1:BEQ LC0E0 | C0D9:BCC LC0E0 | C0DB:JMP LC23F | C0DE:BRA LC103 | C0EF:JSR LC271,,ram_state_or_intermediate,medium,requires downstream read/use analysis
C136,LC136,,STAA,L00E9,store,L00E9,$00E9,L00E9,internal_ram,8,,,,direct,A,C114:JMP LC26D | C11E:JSR LC271 | C123:BEQ LC128 | C126:BRA LC138 | C12A:BEQ LC138 | C130:BVC LC136,,ram_state_or_intermediate,medium,requires downstream read/use analysis
C138,LC138,,STAB,L00EA,store,L00EA,$00EA,L00EA,internal_ram,8,,,,direct,B,C114:JMP LC26D | C11E:JSR LC271 | C123:BEQ LC128 | C126:BRA LC138 | C12A:BEQ LC138 | C130:BVC LC136,,ram_state_or_intermediate,medium,requires downstream read/use analysis
C153,LC153,,STAA,L00E9,store,L00E9,$00E9,L00E9,internal_ram,8,,,,direct,A,C12A:BEQ LC138 | C130:BVC LC136 | C13F:BEQ LC144 | C142:BRA LC157 | C147:BLS LC159 | C14D:BVC LC153,,ram_state_or_intermediate,medium,requires downstream read/use analysis
C157,LC157,,STAB,L00F5,store,L00F5,$00F5,L00F5,internal_ram,8,,,,direct,B,C12A:BEQ LC138 | C130:BVC LC136 | C13F:BEQ LC144 | C142:BRA LC157 | C147:BLS LC159 | C14D:BVC LC153,,ram_state_or_intermediate,medium,requires downstream read/use analysis
C162,LC162,,STAB,L00F6,store,L00F6,$00F6,L00F6,internal_ram,8,,,,direct,B,C130:BVC LC136 | C13F:BEQ LC144 | C142:BRA LC157 | C147:BLS LC159 | C14D:BVC LC153 | C15F:BCC LC162,,ram_state_or_intermediate,medium,requires downstream read/use analysis
C17B,LC17B,,STD,L00F3,store,L00F3,$00F3,L00F3,internal_ram,16,,,,direct,D,C142:BRA LC157 | C147:BLS LC159 | C14D:BVC LC153 | C15F:BCC LC162 | C16B:BVC LC171 | C176:BCC LC17B,,ram_state_or_intermediate,medium,requires downstream read/use analysis
C18B,LC18B,,BSET,"L0089,#$10",bit_mutation,L0089,$0089,L0089,internal_ram,bit,#$10,,,direct,bit_set_mask,"C16B:BVC LC171 | C176:BCC LC17B | C17D:JMP LC23F | C180:BRSET L0089,#$40,LC18B | C184:BRSET L0089,#$10,LC19F | C188:JMP LC260",,mode_flag_or_safety_gate,medium,bit-level state mutation
C18E,LC18B,,BCLR,"L0089,#$60",bit_mutation,L0089,$0089,L0089,internal_ram,bit,#$60,,,direct,bit_clear_mask,"C16B:BVC LC171 | C176:BCC LC17B | C17D:JMP LC23F | C180:BRSET L0089,#$40,LC18B | C184:BRSET L0089,#$10,LC19F | C188:JMP LC260",,mode_flag_or_safety_gate,medium,bit-level state mutation
C191,LC18B,,BCLR,"L008A,#$40",bit_mutation,L008A,$008A,L008A,internal_ram,bit,#$40,,,direct,bit_clear_mask,"C16B:BVC LC171 | C176:BCC LC17B | C17D:JMP LC23F | C180:BRSET L0089,#$40,LC18B | C184:BRSET L0089,#$10,LC19F | C188:JMP LC260",,mode_flag_or_safety_gate,medium,bit-level state mutation
C196,LC18B,,STD,L011F,store,L011F,$011F,L011F,internal_ram,16,,,,direct,D,"C16B:BVC LC171 | C176:BCC LC17B | C17D:JMP LC23F | C180:BRSET L0089,#$40,LC18B | C184:BRSET L0089,#$10,LC19F | C188:JMP LC260",,ram_state_or_intermediate,medium,requires downstream read/use analysis
C199,LC18B,,STAA,L012D,store,L012D,$012D,L012D,internal_ram,8,,,,direct,A,"C16B:BVC LC171 | C176:BCC LC17B | C17D:JMP LC23F | C180:BRSET L0089,#$40,LC18B | C184:BRSET L0089,#$10,LC19F | C188:JMP LC260",,ram_state_or_intermediate,medium,requires downstream read/use analysis
C19C,LC18B,,STAA,L012E,store,L012E,$012E,L012E,internal_ram,8,,,,direct,A,"C16B:BVC LC171 | C176:BCC LC17B | C17D:JMP LC23F | C180:BRSET L0089,#$40,LC18B | C184:BRSET L0089,#$10,LC19F | C188:JMP LC260",,ram_state_or_intermediate,medium,requires downstream read/use analysis
C1DB,LC1D8,,STAA,L018F,store,L018F,$018F,L018F,internal_ram,8,,,,direct,A,C1B8:BNE LC1D8 | C1BD:BEQ LC1C4 | C1C2:BRA LC1D8 | C1CB:JSR LD8FE | C1CE:BCC LC1D3 | C1D5:JSR LF4C1,,ram_state_or_intermediate,medium,requires downstream read/use analysis
C1F7,LC1F7,,STD,L00F3,store,L00F3,$00F3,L00F3,internal_ram,16,,,,direct,D,C1CB:JSR LD8FE | C1CE:BCC LC1D3 | C1D5:JSR LF4C1 | C1E4:BCC LC1E7 | C1EA:BCC LC23C | C1F3:BLS LC1F7,,ram_state_or_intermediate,medium,requires downstream read/use analysis
C223,LC220,,STAA,L00E5,store,L00E5,$00E5,L00E5,internal_ram,8,,,,direct,A,"C201:BRSET L008A,#$40,LC228 | C20A:BHI LC220 | C20F:BNE LC219 | C216:JSR LF4C1 | C21C:BCC LC23A | C21E:BRA LC23C",,ram_state_or_intermediate,medium,requires downstream read/use analysis
C225,LC220,,BSET,"L008A,#$40",bit_mutation,L008A,$008A,L008A,internal_ram,bit,#$40,,,direct,bit_set_mask,"C201:BRSET L008A,#$40,LC228 | C20A:BHI LC220 | C20F:BNE LC219 | C216:JSR LF4C1 | C21C:BCC LC23A | C21E:BRA LC23C",,mode_flag_or_safety_gate,medium,bit-level state mutation
C251,LC251,,STD,L0126,store,L0126,$0126,L0126,internal_ram,16,,,,direct,D,C232:JSR LF4C1 | C238:BCS LC23C | C23A:BRA LC23F | C23C:JMP LC260 | C245:BCC LC251 | C24D:BLS LC251,,ram_state_or_intermediate,medium,requires downstream read/use analysis
C25C,LC25C,,STAA,L00E9,store,L00E9,$00E9,L00E9,internal_ram,8,,,,direct,A,C238:BCS LC23C | C23A:BRA LC23F | C23C:JMP LC260 | C245:BCC LC251 | C24D:BLS LC251 | C259:BVC LC25C,,ram_state_or_intermediate,medium,requires downstream read/use analysis
C262,LC260,,STD,L011F,store,L011F,$011F,L011F,internal_ram,16,,,,direct,D,C23A:BRA LC23F | C23C:JMP LC260 | C245:BCC LC251 | C24D:BLS LC251 | C259:BVC LC25C | C25E:BRA LC270,,ram_state_or_intermediate,medium,requires downstream read/use analysis
C265,LC265,,BCLR,"L0089,#$70",bit_mutation,L0089,$0089,L0089,internal_ram,bit,#$70,,,direct,bit_clear_mask,C23A:BRA LC23F | C23C:JMP LC260 | C245:BCC LC251 | C24D:BLS LC251 | C259:BVC LC25C | C25E:BRA LC270,,mode_flag_or_safety_gate,medium,bit-level state mutation
C268,LC265,,BCLR,"L008A,#$40",bit_mutation,L008A,$008A,L008A,internal_ram,bit,#$40,,,direct,bit_clear_mask,C23A:BRA LC23F | C23C:JMP LC260 | C245:BCC LC251 | C24D:BLS LC251 | C259:BVC LC25C | C25E:BRA LC270,,mode_flag_or_safety_gate,medium,bit-level state mutation
C26D,LC26D,,STD,L0126,store,L0126,$0126,L0126,internal_ram,16,,,,direct,D,C23A:BRA LC23F | C23C:JMP LC260 | C245:BCC LC251 | C24D:BLS LC251 | C259:BVC LC25C | C25E:BRA LC270,,ram_state_or_intermediate,medium,requires downstream read/use analysis
C278,LC271,,CLR,L0192,clear,L0192,$0192,L0192,internal_ram,8,,,,direct,zero,C23C:JMP LC260 | C245:BCC LC251 | C24D:BLS LC251 | C259:BVC LC25C | C25E:BRA LC270 | C275:BNE LC2C3,,ram_state_or_intermediate,medium,requires downstream read/use analysis
C28D,LC285,,STD,L0190,store,L0190,$0190,L0190,internal_ram,16,,,,direct,D,C24D:BLS LC251 | C259:BVC LC25C | C25E:BRA LC270 | C275:BNE LC2C3 | C281:BCC LC285 | C285:JSR LF4C1,,ram_state_or_intermediate,medium,requires downstream read/use analysis
C29A,LC285,,ROL,L0192,read_modify_write,L0192,$0192,L0192,internal_ram,8,,,,direct,target_rotate_left,C259:BVC LC25C | C25E:BRA LC270 | C275:BNE LC2C3 | C281:BCC LC285 | C285:JSR LF4C1 | C293:JSR LF4C1,,ram_state_or_intermediate,medium,requires downstream read/use analysis
C29D,LC285,,NEG,L0192,read_modify_write,L0192,$0192,L0192,internal_ram,8,,,,direct,twos_complement_target,C259:BVC LC25C | C25E:BRA LC270 | C275:BNE LC2C3 | C281:BCC LC285 | C285:JSR LF4C1 | C293:JSR LF4C1,,ram_state_or_intermediate,medium,requires downstream read/use analysis
C2A1,LC285,,ROL,L0192,read_modify_write,L0192,$0192,L0192,internal_ram,8,,,,direct,target_rotate_left,C259:BVC LC25C | C25E:BRA LC270 | C275:BNE LC2C3 | C281:BCC LC285 | C285:JSR LF4C1 | C293:JSR LF4C1,,ram_state_or_intermediate,medium,requires downstream read/use analysis
C2B3,LC2B1,,STAA,L018F,store,L018F,$018F,L018F,internal_ram,8,,,,direct,A,C275:BNE LC2C3 | C281:BCC LC285 | C285:JSR LF4C1 | C293:JSR LF4C1 | C2AD:BGE LC2B1 | C2B1:BNE LC2C0,,ram_state_or_intermediate,medium,requires downstream read/use analysis
C2D3,LC2D1,,STD,L00F1,store,L00F1,$00F1,L00F1,internal_ram,16,,,,direct,D,C293:JSR LF4C1 | C2AD:BGE LC2B1 | C2B1:BNE LC2C0 | C2B9:BCC LC2C3 | C2BE:BCC LC2C3 | C2C8:BVC LC2D1,,ram_state_or_intermediate,medium,requires downstream read/use analysis
C2DA,LC2D5,,INC,"$003D,X",read_modify_write,"$003D,X",$6E67,L6E67,absolute_memory_or_table,8,,$6E2A,$010C,resolved_indexed,target_plus_1,C293:JSR LF4C1 | C2AD:BGE LC2B1 | C2B1:BNE LC2C0 | C2B9:BCC LC2C3 | C2BE:BCC LC2C3 | C2C8:BVC LC2D1,,ram_state_or_intermediate,medium,requires downstream read/use analysis
C2DC,LC2D5,,INC,"$004E,X",read_modify_write,"$004E,X",$6E78,L6E78,absolute_memory_or_table,8,,$6E2A,$010C,resolved_indexed,target_plus_1,C293:JSR LF4C1 | C2AD:BGE LC2B1 | C2B1:BNE LC2C0 | C2B9:BCC LC2C3 | C2BE:BCC LC2C3 | C2C8:BVC LC2D1,,ram_state_or_intermediate,medium,requires downstream read/use analysis
C2DE,LC2D5,,INC,"$005F,X",read_modify_write,"$005F,X",$6E89,L6E89,absolute_memory_or_table,8,,$6E2A,$010C,resolved_indexed,target_plus_1,C293:JSR LF4C1 | C2AD:BGE LC2B1 | C2B1:BNE LC2C0 | C2B9:BCC LC2C3 | C2BE:BCC LC2C3 | C2C8:BVC LC2D1,,ram_state_or_intermediate,medium,requires downstream read/use analysis
C2E4,LC2D5,,INC,"$001B,X",read_modify_write,"$001B,X",$6E45,L6E45,absolute_memory_or_table,8,,$6E2A,$010C,resolved_indexed,target_plus_1,C293:JSR LF4C1 | C2AD:BGE LC2B1 | C2B1:BNE LC2C0 | C2B9:BCC LC2C3 | C2BE:BCC LC2C3 | C2C8:BVC LC2D1,,ram_state_or_intermediate,medium,requires downstream read/use analysis
C2E6,LC2D5,,INC,"$002C,X",read_modify_write,"$002C,X",$6E56,L6E56,absolute_memory_or_table,8,,$6E2A,$010C,resolved_indexed,target_plus_1,C293:JSR LF4C1 | C2AD:BGE LC2B1 | C2B1:BNE LC2C0 | C2B9:BCC LC2C3 | C2BE:BCC LC2C3 | C2C8:BVC LC2D1,,ram_state_or_intermediate,medium,requires downstream read/use analysis
C2F5,LC2D5,,STAB,L006B,store,L006B,$006B,L006B,internal_ram,8,,,,direct,B,C293:JSR LF4C1 | C2AD:BGE LC2B1 | C2B1:BNE LC2C0 | C2B9:BCC LC2C3 | C2BE:BCC LC2C3 | C2C8:BVC LC2D1,,ram_state_or_intermediate,medium,requires downstream read/use analysis
C2FC,LC2D5,,DEC,"$00F4,X",read_modify_write,"$00F4,X",$6F1E,L6F1E,absolute_memory_or_table,8,,$6E2A,$010C,resolved_indexed,target_minus_1,C293:JSR LF4C1 | C2AD:BGE LC2B1 | C2B1:BNE LC2C0 | C2B9:BCC LC2C3 | C2BE:BCC LC2C3 | C2C8:BVC LC2D1,,ram_state_or_intermediate,medium,requires downstream read/use analysis
C2FE,LC2D5,,DEC,"$00F5,X",read_modify_write,"$00F5,X",$6F1F,L6F1F,absolute_memory_or_table,8,,$6E2A,$010C,resolved_indexed,target_minus_1,C293:JSR LF4C1 | C2AD:BGE LC2B1 | C2B1:BNE LC2C0 | C2B9:BCC LC2C3 | C2BE:BCC LC2C3 | C2C8:BVC LC2D1,,ram_state_or_intermediate,medium,requires downstream read/use analysis
C300,LC2D5,,DEC,"$00F6,X",read_modify_write,"$00F6,X",$6F20,L6F20,absolute_memory_or_table,8,,$6E2A,$010C,resolved_indexed,target_minus_1,C293:JSR LF4C1 | C2AD:BGE LC2B1 | C2B1:BNE LC2C0 | C2B9:BCC LC2C3 | C2BE:BCC LC2C3 | C2C8:BVC LC2D1,,ram_state_or_intermediate,medium,requires downstream read/use analysis
C314,LC2D5,,DEC,"$00EE,X",read_modify_write,"$00EE,X",$6F18,L6F18,absolute_memory_or_table,8,,$6E2A,$010C,resolved_indexed,target_minus_1,C293:JSR LF4C1 | C2AD:BGE LC2B1 | C2B1:BNE LC2C0 | C2B9:BCC LC2C3 | C2BE:BCC LC2C3 | C2C8:BVC LC2D1,,ram_state_or_intermediate,medium,requires downstream read/use analysis
C316,LC2D5,,DEC,"$00EF,X",read_modify_write,"$00EF,X",$6F19,L6F19,absolute_memory_or_table,8,,$6E2A,$010C,resolved_indexed,target_minus_1,C293:JSR LF4C1 | C2AD:BGE LC2B1 | C2B1:BNE LC2C0 | C2B9:BCC LC2C3 | C2BE:BCC LC2C3 | C2C8:BVC LC2D1,,ram_state_or_intermediate,medium,requires downstream read/use analysis
C318,LC2D5,,DEC,"$00F0,X",read_modify_write,"$00F0,X",$6F1A,L6F1A,absolute_memory_or_table,8,,$6E2A,$010C,resolved_indexed,target_minus_1,C293:JSR LF4C1 | C2AD:BGE LC2B1 | C2B1:BNE LC2C0 | C2B9:BCC LC2C3 | C2BE:BCC LC2C3 | C2C8:BVC LC2D1,,ram_state_or_intermediate,medium,requires downstream read/use analysis
C336,LC2D5,,DEC,"$00FA,X",read_modify_write,"$00FA,X",$6F24,L6F24,absolute_memory_or_table,8,,$6E2A,$010C,resolved_indexed,target_minus_1,C2AD:BGE LC2B1 | C2B1:BNE LC2C0 | C2B9:BCC LC2C3 | C2BE:BCC LC2C3 | C2C8:BVC LC2D1 | C331:BLT LC39E,,ram_state_or_intermediate,medium,requires downstream read/use analysis
C33B,LC2D5,,BSET,"$0008,X,#$08",bit_mutation,"$0008,X",$6E32,L6E32,absolute_memory_or_table,bit,#$08,$6E2A,$010C,resolved_indexed,bit_set_mask,C2AD:BGE LC2B1 | C2B1:BNE LC2C0 | C2B9:BCC LC2C3 | C2BE:BCC LC2C3 | C2C8:BVC LC2D1 | C331:BLT LC39E,,mode_flag_or_safety_gate,medium,bit-level state mutation
C340,LC2D5,,DEC,"$00F7,X",read_modify_write,"$00F7,X",$6F21,L6F21,absolute_memory_or_table,8,,$6E2A,$010C,resolved_indexed,target_minus_1,C2AD:BGE LC2B1 | C2B1:BNE LC2C0 | C2B9:BCC LC2C3 | C2BE:BCC LC2C3 | C2C8:BVC LC2D1 | C331:BLT LC39E,,ram_state_or_intermediate,medium,requires downstream read/use analysis
C342,LC2D5,,DEC,"$00F8,X",read_modify_write,"$00F8,X",$6F22,L6F22,absolute_memory_or_table,8,,$6E2A,$010C,resolved_indexed,target_minus_1,C2AD:BGE LC2B1 | C2B1:BNE LC2C0 | C2B9:BCC LC2C3 | C2BE:BCC LC2C3 | C2C8:BVC LC2D1 | C331:BLT LC39E,,ram_state_or_intermediate,medium,requires downstream read/use analysis
C344,LC2D5,,DEC,"$00F9,X",read_modify_write,"$00F9,X",$6F23,L6F23,absolute_memory_or_table,8,,$6E2A,$010C,resolved_indexed,target_minus_1,C2AD:BGE LC2B1 | C2B1:BNE LC2C0 | C2B9:BCC LC2C3 | C2BE:BCC LC2C3 | C2C8:BVC LC2D1 | C331:BLT LC39E,,ram_state_or_intermediate,medium,requires downstream read/use analysis
C358,LC2D5,,DEC,"$00F1,X",read_modify_write,"$00F1,X",$6F1B,L6F1B,absolute_memory_or_table,8,,$6E2A,$010C,resolved_indexed,target_minus_1,C2AD:BGE LC2B1 | C2B1:BNE LC2C0 | C2B9:BCC LC2C3 | C2BE:BCC LC2C3 | C2C8:BVC LC2D1 | C331:BLT LC39E,,ram_state_or_intermediate,medium,requires downstream read/use analysis
C35A,LC2D5,,DEC,"$00F2,X",read_modify_write,"$00F2,X",$6F1C,L6F1C,absolute_memory_or_table,8,,$6E2A,$010C,resolved_indexed,target_minus_1,C2AD:BGE LC2B1 | C2B1:BNE LC2C0 | C2B9:BCC LC2C3 | C2BE:BCC LC2C3 | C2C8:BVC LC2D1 | C331:BLT LC39E,,ram_state_or_intermediate,medium,requires downstream read/use analysis
C35C,LC2D5,,DEC,"$00F3,X",read_modify_write,"$00F3,X",$6F1D,L6F1D,absolute_memory_or_table,8,,$6E2A,$010C,resolved_indexed,target_minus_1,C2AD:BGE LC2B1 | C2B1:BNE LC2C0 | C2B9:BCC LC2C3 | C2BE:BCC LC2C3 | C2C8:BVC LC2D1 | C331:BLT LC39E,,ram_state_or_intermediate,medium,requires downstream read/use analysis
C386,LC2D5,,INC,"$00C5,X",read_modify_write,"$00C5,X",$6EEF,L6EEF,absolute_memory_or_table,8,,$6E2A,$010C,resolved_indexed,target_plus_1,C2AD:BGE LC2B1 | C2B1:BNE LC2C0 | C2B9:BCC LC2C3 | C2BE:BCC LC2C3 | C2C8:BVC LC2D1 | C331:BLT LC39E,,ram_state_or_intermediate,medium,requires downstream read/use analysis
C388,LC2D5,,INC,"$00D6,X",read_modify_write,"$00D6,X",$6F00,L6F00,absolute_memory_or_table,8,,$6E2A,$010C,resolved_indexed,target_plus_1,C2AD:BGE LC2B1 | C2B1:BNE LC2C0 | C2B9:BCC LC2C3 | C2BE:BCC LC2C3 | C2C8:BVC LC2D1 | C331:BLT LC39E,,ram_state_or_intermediate,medium,requires downstream read/use analysis
C38E,LC2D5,,INC,"$00C5,X",read_modify_write,"$00C5,X",$6EEF,L6EEF,absolute_memory_or_table,8,,$6E2A,$010C,resolved_indexed,target_plus_1,C2AD:BGE LC2B1 | C2B1:BNE LC2C0 | C2B9:BCC LC2C3 | C2BE:BCC LC2C3 | C2C8:BVC LC2D1 | C331:BLT LC39E,,ram_state_or_intermediate,medium,requires downstream read/use analysis
C390,LC2D5,,INC,"$00D6,X",read_modify_write,"$00D6,X",$6F00,L6F00,absolute_memory_or_table,8,,$6E2A,$010C,resolved_indexed,target_plus_1,C2AD:BGE LC2B1 | C2B1:BNE LC2C0 | C2B9:BCC LC2C3 | C2BE:BCC LC2C3 | C2C8:BVC LC2D1 | C331:BLT LC39E,,ram_state_or_intermediate,medium,requires downstream read/use analysis
C396,LC2D5,,INC,"$00C5,X",read_modify_write,"$00C5,X",$6EEF,L6EEF,absolute_memory_or_table,8,,$6E2A,$010C,resolved_indexed,target_plus_1,C2AD:BGE LC2B1 | C2B1:BNE LC2C0 | C2B9:BCC LC2C3 | C2BE:BCC LC2C3 | C2C8:BVC LC2D1 | C331:BLT LC39E,,ram_state_or_intermediate,medium,requires downstream read/use analysis
C398,LC2D5,,INC,"$00D6,X",read_modify_write,"$00D6,X",$6F00,L6F00,absolute_memory_or_table,8,,$6E2A,$010C,resolved_indexed,target_plus_1,C2AD:BGE LC2B1 | C2B1:BNE LC2C0 | C2B9:BCC LC2C3 | C2BE:BCC LC2C3 | C2C8:BVC LC2D1 | C331:BLT LC39E,,ram_state_or_intermediate,medium,requires downstream read/use analysis
C39E,LC39E,,INC,"$00C5,X",read_modify_write,"$00C5,X",$6EEF,L6EEF,absolute_memory_or_table,8,,$6E2A,$010C,resolved_indexed,target_plus_1,C2AD:BGE LC2B1 | C2B1:BNE LC2C0 | C2B9:BCC LC2C3 | C2BE:BCC LC2C3 | C2C8:BVC LC2D1 | C331:BLT LC39E,,ram_state_or_intermediate,medium,requires downstream read/use analysis
C3A0,LC39E,,INC,"$00D6,X",read_modify_write,"$00D6,X",$6F00,L6F00,absolute_memory_or_table,8,,$6E2A,$010C,resolved_indexed,target_plus_1,C2AD:BGE LC2B1 | C2B1:BNE LC2C0 | C2B9:BCC LC2C3 | C2BE:BCC LC2C3 | C2C8:BVC LC2D1 | C331:BLT LC39E,,ram_state_or_intermediate,medium,requires downstream read/use analysis
C444,LC434,,STAA,L015A,store,L015A,$015A,L015A,internal_ram,8,,,,direct,A,"C3C2:JMP $0019,X | C40D:BNE LC47F | C40F:BRCLR L00A4,#$08,LC447 | C419:BCC LC425 | C423:BRA LC434 | C428:BLS LC447",,ram_state_or_intermediate,medium,requires downstream read/use analysis
C47F,LC47F,,STAA,L015A,store,L015A,$015A,L015A,internal_ram,8,,,,direct,A,"C423:BRA LC434 | C428:BLS LC447 | C447:BRCLR L00A4,#$17,LC482 | C451:BCC LC45D | C45B:BRA LC46F | C463:BLS LC482",,ram_state_or_intermediate,medium,requires downstream read/use analysis
C496,LC496,,STAA,L0080,store,L0080,$0080,L0080,internal_ram,8,,,,direct,A,"C45B:BRA LC46F | C463:BLS LC482 | C484:BRCLR L009F,#$04,LC48C | C48A:BRA LC496 | C48C:BRCLR L009F,#$02,LC494 | C492:BRA LC496",,ram_state_or_intermediate,medium,requires downstream read/use analysis
C4A0,LC4A0,,STAA,L0082,store,L0082,$0082,L0082,internal_ram,8,,,,direct,A,"C463:BLS LC482 | C484:BRCLR L009F,#$04,LC48C | C48A:BRA LC496 | C48C:BRCLR L009F,#$02,LC494 | C492:BRA LC496 | C49A:BRSET L009F,#$04,LC4A0",,ram_state_or_intermediate,medium,requires downstream read/use analysis
C4BD,LC4BD,,STAA,L007F,store,L007F,$007F,L007F,internal_ram,8,,,,direct,A,"C4A3:BRCLR L0087,#$02,LC4AB | C4A9:BRA LC4BD | C4AB:BRCLR L009F,#$04,LC4B3 | C4B1:BRA LC4BD | C4B3:BRCLR L009F,#$02,LC4BB | C4B9:BRA LC4BD",,ram_state_or_intermediate,medium,requires downstream read/use analysis
C4E2,LC4E2,,STAA,L0081,store,L0081,$0081,L0081,internal_ram,8,,,,direct,A,"C4C8:BRCLR L0087,#$02,LC4D0 | C4CE:BRA LC4E2 | C4D0:BRCLR L009F,#$04,LC4D8 | C4D6:BRA LC4E2 | C4D8:BRCLR L009F,#$02,LC4E0 | C4DE:BRA LC4E2",,ram_state_or_intermediate,medium,requires downstream read/use analysis
C522,LC514,,STAA,L004C,store,L004C,$004C,L004C,internal_ram,8,,,,direct,A,C501:JSR LEEBC | C504:JSR LEC2D | C507:JSR LECFF | C50A:JSR LEF88 | C50D:JSR LF02F | C510:JSR LF0AD,,ram_state_or_intermediate,medium,requires downstream read/use analysis
C546,LC546,,BSET,"L004C,#$20",bit_mutation,L004C,$004C,L004C,internal_ram,bit,#$20,,,direct,bit_set_mask,"C530:BRA LC54B | C532:BRSET L0099,#$08,LC54B | C536:BRSET L001C,#$02,LC54B | C53A:BRSET L001D,#$80,LC54B | C53E:BRSET L0086,#$01,LC54B | C542:BRSET L008E,#$80,LC54B",,mode_flag_or_safety_gate,medium,bit-level state mutation
C54B,LC54B,,BCLR,"L004C,#$20",bit_mutation,L004C,$004C,L004C,internal_ram,bit,#$20,,,direct,bit_clear_mask,"C532:BRSET L0099,#$08,LC54B | C536:BRSET L001C,#$02,LC54B | C53A:BRSET L001D,#$80,LC54B | C53E:BRSET L0086,#$01,LC54B | C542:BRSET L008E,#$80,LC54B | C549:BRA LC54E",,mode_flag_or_safety_gate,medium,bit-level state mutation
C555,LC54E,,BCLR,"L008B,#$01",bit_mutation,L008B,$008B,L008B,internal_ram,bit,#$01,,,direct,bit_clear_mask,"C536:BRSET L001C,#$02,LC54B | C53A:BRSET L001D,#$80,LC54B | C53E:BRSET L0086,#$01,LC54B | C542:BRSET L008E,#$80,LC54B | C549:BRA LC54E | C551:BRSET 0,X,#$40,LC56E",,mode_flag_or_safety_gate,medium,bit-level state mutation
C565,LC54E,,BSET,"L008B,#$01",bit_mutation,L008B,$008B,L008B,internal_ram,bit,#$01,,,direct,bit_set_mask,"C53E:BRSET L0086,#$01,LC54B | C542:BRSET L008E,#$80,LC54B | C549:BRA LC54E | C551:BRSET 0,X,#$40,LC56E | C55F:BLS LC568 | C561:BRCLR L008A,#$04,LC568",,mode_flag_or_safety_gate,medium,bit-level state mutation
C56B,LC568,,STD,L306A,store,L306A,$306A,L306A,hardware_register_region_30xx,16,,,,direct,D,"C53E:BRSET L0086,#$01,LC54B | C542:BRSET L008E,#$80,LC54B | C549:BRA LC54E | C551:BRSET 0,X,#$40,LC56E | C55F:BLS LC568 | C561:BRCLR L008A,#$04,LC568",,hardware_or_asic_state,medium,mapped hardware/ASIC region
C580,LC56F,,STAB,L0055,store,L0055,$0055,L0055,internal_ram,8,,,,direct,B,"C549:BRA LC54E | C551:BRSET 0,X,#$40,LC56E | C55F:BLS LC568 | C561:BRCLR L008A,#$04,LC568 | C574:JSR LF275 | C57A:JSR LF25F",,ram_state_or_intermediate,medium,requires downstream read/use analysis
C59B,LC583,,STAA,L02F3,store,L02F3,$02F3,L02F3,internal_ram,8,,,,direct,A,"C561:BRCLR L008A,#$04,LC568 | C574:JSR LF275 | C57A:JSR LF25F | C586:BRCLR 0,X,#$04,LC5A6 | C590:JSR LF275 | C595:JSR LF25F",,ram_state_or_intermediate,medium,requires downstream read/use analysis
C606,LC606,,STAA,L02F3,store,L02F3,$02F3,L02F3,internal_ram,8,,,,direct,A,C5DB:BLS LC614 | C5E0:BCC LC5E3 | C5E6:BHI LC614 | C5F1:BLS LC5F5 | C5FC:JSR LF4DE | C602:BCC LC606,,ram_state_or_intermediate,medium,requires downstream read/use analysis
C61D,LC619,,STAA,L02F3,store,L02F3,$02F3,L02F3,internal_ram,8,,,,direct,A,C5F1:BLS LC5F5 | C5FC:JSR LF4DE | C602:BCC LC606 | C60F:JSR LF459 | C612:BRA LC620 | C617:BNE LC623,,ram_state_or_intermediate,medium,requires downstream read/use analysis
C620,LC620,,STD,L02F4,store,L02F4,$02F4,L02F4,internal_ram,16,,,,direct,D,C5F1:BLS LC5F5 | C5FC:JSR LF4DE | C602:BCC LC606 | C60F:JSR LF459 | C612:BRA LC620 | C617:BNE LC623,,ram_state_or_intermediate,medium,requires downstream read/use analysis
C62F,LC62F,,STAA,L01CC,store,L01CC,$01CC,L01CC,internal_ram,8,,,,direct,A,C5FC:JSR LF4DE | C602:BCC LC606 | C60F:JSR LF459 | C612:BRA LC620 | C617:BNE LC623 | C628:BCS LC62F,,ram_state_or_intermediate,medium,requires downstream read/use analysis
C63A,LC62F,,STAA,L01E4,store,L01E4,$01E4,L01E4,internal_ram,8,,,,direct,A,C602:BCC LC606 | C60F:JSR LF459 | C612:BRA LC620 | C617:BNE LC623 | C628:BCS LC62F | C637:JSR LF4BD,,ram_state_or_intermediate,medium,requires downstream read/use analysis
C648,LC62F,,STAA,L01E3,store,L01E3,$01E3,L01E3,internal_ram,8,,,,direct,A,C60F:JSR LF459 | C612:BRA LC620 | C617:BNE LC623 | C628:BCS LC62F | C637:JSR LF4BD | C645:JSR LF4BD,,ram_state_or_intermediate,medium,requires downstream read/use analysis
C656,LC62F,,STAA,L01CD,store,L01CD,$01CD,L01CD,internal_ram,8,,,,direct,A,C612:BRA LC620 | C617:BNE LC623 | C628:BCS LC62F | C637:JSR LF4BD | C645:JSR LF4BD | C653:JSR LF4BD,,ram_state_or_intermediate,medium,requires downstream read/use analysis
C664,LC62F,,STAA,L01CE,store,L01CE,$01CE,L01CE,internal_ram,8,,,,direct,A,C617:BNE LC623 | C628:BCS LC62F | C637:JSR LF4BD | C645:JSR LF4BD | C653:JSR LF4BD | C661:JSR LF4BD,,ram_state_or_intermediate,medium,requires downstream read/use analysis
C6B8,LC6B8,,STD,L00AC,store,L00AC,$00AC,L00AC,internal_ram,16,,,,direct,D,"C692:BRA LC6A1 | C694:BRCLR $2D,X,#$10,LC6A5 | C698:BRCLR L0018,#$10,LC6A5 | C69C:BRSET 0,Y,#$04,LC6A5 | C6A3:BRA LC6B8 | C6B5:JSR LF436",,ram_state_or_intermediate,medium,requires downstream read/use analysis
C6C1,LC6BB,,STD,L008C,store,L008C,$008C,L008C,internal_ram,16,,,,direct,D,"C692:BRA LC6A1 | C694:BRCLR $2D,X,#$10,LC6A5 | C698:BRCLR L0018,#$10,LC6A5 | C69C:BRSET 0,Y,#$04,LC6A5 | C6A3:BRA LC6B8 | C6B5:JSR LF436",,ram_state_or_intermediate,medium,requires downstream read/use analysis
C6CF,LC6BB,,BSET,"L008C,#$01",bit_mutation,L008C,$008C,L008C,internal_ram,bit,#$01,,,direct,bit_set_mask,"C69C:BRSET 0,Y,#$04,LC6A5 | C6A3:BRA LC6B8 | C6B5:JSR LF436 | C6C3:BRCLR 0,X,#$08,LC6D2 | C6C7:BRCLR L00A2,#$03,LC6D2 | C6CB:BRSET L0087,#$02,LC6D2",,mode_flag_or_safety_gate,medium,bit-level state mutation
C6DA,LC6D2,,BSET,"L008D,#$10",bit_mutation,L008D,$008D,L008D,internal_ram,bit,#$10,,,direct,bit_set_mask,"C6B5:JSR LF436 | C6C3:BRCLR 0,X,#$08,LC6D2 | C6C7:BRCLR L00A2,#$03,LC6D2 | C6CB:BRSET L0087,#$02,LC6D2 | C6D2:BRCLR $0001,X,#$20,LC6DD | C6D6:BRCLR L00A2,#$04,LC6DD",,mode_flag_or_safety_gate,medium,bit-level state mutation
C6E5,LC6DD,,BSET,"L008D,#$20",bit_mutation,L008D,$008D,L008D,internal_ram,bit,#$20,,,direct,bit_set_mask,"C6C7:BRCLR L00A2,#$03,LC6D2 | C6CB:BRSET L0087,#$02,LC6D2 | C6D2:BRCLR $0001,X,#$20,LC6DD | C6D6:BRCLR L00A2,#$04,LC6DD | C6DD:BRCLR $0001,X,#$40,LC6E8 | C6E1:BRCLR L00A2,#$08,LC6E8",,mode_flag_or_safety_gate,medium,bit-level state mutation
C6F8,LC6F4,,BSET,"L008C,#$02",bit_mutation,L008C,$008C,L008C,internal_ram,bit,#$02,,,direct,bit_set_mask,"C6D6:BRCLR L00A2,#$04,LC6DD | C6DD:BRCLR $0001,X,#$40,LC6E8 | C6E1:BRCLR L00A2,#$08,LC6E8 | C6E8:BRCLR 0,X,#$20,LC6FB | C6EE:BRCLR L008B,#$01,LC6F4 | C6F6:BLS LC6FB",,mode_flag_or_safety_gate,medium,bit-level state mutation
C70B,LC707,,BSET,"L008C,#$04",bit_mutation,L008C,$008C,L008C,internal_ram,bit,#$04,,,direct,bit_set_mask,"C6E8:BRCLR 0,X,#$20,LC6FB | C6EE:BRCLR L008B,#$01,LC6F4 | C6F6:BLS LC6FB | C6FB:BRCLR 0,X,#$40,LC70E | C701:BRCLR L008B,#$01,LC707 | C709:BLS LC70E",,mode_flag_or_safety_gate,medium,bit-level state mutation
C712,LC70E,,BSET,"L008C,#$08",bit_mutation,L008C,$008C,L008C,internal_ram,bit,#$08,,,direct,bit_set_mask,"C6EE:BRCLR L008B,#$01,LC6F4 | C6F6:BLS LC6FB | C6FB:BRCLR 0,X,#$40,LC70E | C701:BRCLR L008B,#$01,LC707 | C709:BLS LC70E | C70E:BRCLR L009C,#$01,LC715",,mode_flag_or_safety_gate,medium,bit-level state mutation
C722,LC715,,BSET,"L008B,#$20",bit_mutation,L008B,$008B,L008B,internal_ram,bit,#$20,,,direct,bit_set_mask,"C701:BRCLR L008B,#$01,LC707 | C709:BLS LC70E | C70E:BRCLR L009C,#$01,LC715 | C715:BRCLR 0,X,#$02,LC728 | C71C:BEQ LC728 | C71E:BRCLR L0089,#$40,LC725",,mode_flag_or_safety_gate,medium,bit-level state mutation
C725,LC725,,BSET,"L008C,#$10",bit_mutation,L008C,$008C,L008C,internal_ram,bit,#$10,,,direct,bit_set_mask,"C701:BRCLR L008B,#$01,LC707 | C709:BLS LC70E | C70E:BRCLR L009C,#$01,LC715 | C715:BRCLR 0,X,#$02,LC728 | C71C:BEQ LC728 | C71E:BRCLR L0089,#$40,LC725",,mode_flag_or_safety_gate,medium,bit-level state mutation
C731,LC728,,BSET,"L008C,#$20",bit_mutation,L008C,$008C,L008C,internal_ram,bit,#$20,,,direct,bit_set_mask,"C70E:BRCLR L009C,#$01,LC715 | C715:BRCLR 0,X,#$02,LC728 | C71C:BEQ LC728 | C71E:BRCLR L0089,#$40,LC725 | C728:BRCLR 0,X,#$01,LC734 | C72F:BEQ LC734",,mode_flag_or_safety_gate,medium,bit-level state mutation
C73D,LC734,,BSET,"L008D,#$01",bit_mutation,L008D,$008D,L008D,internal_ram,bit,#$01,,,direct,bit_set_mask,"C71C:BEQ LC728 | C71E:BRCLR L0089,#$40,LC725 | C728:BRCLR 0,X,#$01,LC734 | C72F:BEQ LC734 | C734:BRCLR $0001,X,#$10,LC740 | C73B:BEQ LC740",,mode_flag_or_safety_gate,medium,bit-level state mutation
C75D,LC759,,BSET,"L008C,#$40",bit_mutation,L008C,$008C,L008C,internal_ram,bit,#$40,,,direct,bit_set_mask,"C740:BRCLR $0001,X,#$02,LC760 | C744:BRSET L0087,#$02,LC760 | C748:BRCLR L009C,#$02,LC760 | C74E:BEQ LC760 | C753:BRSET L008B,#$01,LC759 | C75B:BLS LC760",,mode_flag_or_safety_gate,medium,bit-level state mutation
C76B,LC760,,BSET,"L008C,#$80",bit_mutation,L008C,$008C,L008C,internal_ram,bit,#$80,,,direct,bit_set_mask,"C748:BRCLR L009C,#$02,LC760 | C74E:BEQ LC760 | C753:BRSET L008B,#$01,LC759 | C75B:BLS LC760 | C763:BRCLR $0001,X,#$01,LC76E | C767:BRCLR L0089,#$80,LC76E",,mode_flag_or_safety_gate,medium,bit-level state mutation
C776,LC76E,,BCLR,"L008B,#$08",bit_mutation,L008B,$008B,L008B,internal_ram,bit,#$08,,,direct,bit_clear_mask,"C753:BRSET L008B,#$01,LC759 | C75B:BLS LC760 | C763:BRCLR $0001,X,#$01,LC76E | C767:BRCLR L0089,#$80,LC76E | C76E:BRCLR $0001,X,#$04,LC77C | C772:BRCLR L008B,#$08,LC77C",,mode_flag_or_safety_gate,medium,bit-level state mutation
C779,LC76E,,BSET,"L008D,#$02",bit_mutation,L008D,$008D,L008D,internal_ram,bit,#$02,,,direct,bit_set_mask,"C753:BRSET L008B,#$01,LC759 | C75B:BLS LC760 | C763:BRCLR $0001,X,#$01,LC76E | C767:BRCLR L0089,#$80,LC76E | C76E:BRCLR $0001,X,#$04,LC77C | C772:BRCLR L008B,#$08,LC77C",,mode_flag_or_safety_gate,medium,bit-level state mutation
C795,LC78F,,BCLR,"L0089,#$04",bit_mutation,L0089,$0089,L0089,internal_ram,bit,#$04,,,direct,bit_clear_mask,"C772:BRCLR L008B,#$08,LC77C | C77C:BRCLR $0001,X,#$04,LC7AD | C780:JSR LE674 | C783:BRCLR L0098,#$40,LC7A0 | C78A:BRSET L0089,#$04,LC78F | C793:BHI LC79D",,mode_flag_or_safety_gate,medium,bit-level state mutation
C798,LC78F,,BSET,"L008D,#$04",bit_mutation,L008D,$008D,L008D,internal_ram,bit,#$04,,,direct,bit_set_mask,"C772:BRCLR L008B,#$08,LC77C | C77C:BRCLR $0001,X,#$04,LC7AD | C780:JSR LE674 | C783:BRCLR L0098,#$40,LC7A0 | C78A:BRSET L0089,#$04,LC78F | C793:BHI LC79D",,mode_flag_or_safety_gate,medium,bit-level state mutation
C79D,LC79D,,BSET,"L0089,#$04",bit_mutation,L0089,$0089,L0089,internal_ram,bit,#$04,,,direct,bit_set_mask,"C77C:BRCLR $0001,X,#$04,LC7AD | C780:JSR LE674 | C783:BRCLR L0098,#$40,LC7A0 | C78A:BRSET L0089,#$04,LC78F | C793:BHI LC79D | C79B:BRA LC7A0",,mode_flag_or_safety_gate,medium,bit-level state mutation
C7AA,LC7A0,,BSET,"L008D,#$08",bit_mutation,L008D,$008D,L008D,internal_ram,bit,#$08,,,direct,bit_set_mask,"C783:BRCLR L0098,#$40,LC7A0 | C78A:BRSET L0089,#$04,LC78F | C793:BHI LC79D | C79B:BRA LC7A0 | C7A0:BRCLR L0099,#$04,LC7AD | C7A8:BEQ LC7AD",,mode_flag_or_safety_gate,medium,bit-level state mutation
C7BB,LC7B7,,STD,L0129,store,L0129,$0129,L0129,internal_ram,16,,,,direct,D,"C793:BHI LC79D | C79B:BRA LC7A0 | C7A0:BRCLR L0099,#$04,LC7AD | C7A8:BEQ LC7AD | C7B3:BCC LC7B7 | C7B7:JSR LF4C1",,ram_state_or_intermediate,medium,requires downstream read/use analysis
C7CC,LC7C8,,STD,L012B,store,L012B,$012B,L012B,internal_ram,16,,,,direct,D,"C7A0:BRCLR L0099,#$04,LC7AD | C7A8:BEQ LC7AD | C7B3:BCC LC7B7 | C7B7:JSR LF4C1 | C7C4:BCC LC7C8 | C7C8:JSR LF4C1",,ram_state_or_intermediate,medium,requires downstream read/use analysis
C7DC,LC7C8,,BCLR,"L008A,#$14",bit_mutation,L008A,$008A,L008A,internal_ram,bit,#$14,,,direct,bit_clear_mask,"C7B7:JSR LF4C1 | C7C4:BCC LC7C8 | C7C8:JSR LF4C1 | C7D2:BEQ LC7FE | C7D6:BLS LC7E2 | C7D8:BRCLR L008A,#$10,LC7DF",,mode_flag_or_safety_gate,medium,bit-level state mutation
C7EA,LC7E2,,BCLR,"L008A,#$14",bit_mutation,L008A,$008A,L008A,internal_ram,bit,#$14,,,direct,bit_clear_mask,"C7D2:BEQ LC7FE | C7D6:BLS LC7E2 | C7D8:BRCLR L008A,#$10,LC7DF | C7DF:JMP LC8AA | C7E4:BLS LC7F0 | C7E6:BRCLR L008A,#$10,LC7ED",,mode_flag_or_safety_gate,medium,bit-level state mutation
C7F5,LC7F0,,STD,L0126,store,L0126,$0126,L0126,internal_ram,16,,,,direct,D,"C7D6:BLS LC7E2 | C7D8:BRCLR L008A,#$10,LC7DF | C7DF:JMP LC8AA | C7E4:BLS LC7F0 | C7E6:BRCLR L008A,#$10,LC7ED | C7ED:JMP LC8A2",,ram_state_or_intermediate,medium,requires downstream read/use analysis
C7F8,LC7F0,,BSET,"L008A,#$14",bit_mutation,L008A,$008A,L008A,internal_ram,bit,#$14,,,direct,bit_set_mask,"C7D6:BLS LC7E2 | C7D8:BRCLR L008A,#$10,LC7DF | C7DF:JMP LC8AA | C7E4:BLS LC7F0 | C7E6:BRCLR L008A,#$10,LC7ED | C7ED:JMP LC8A2",,mode_flag_or_safety_gate,medium,bit-level state mutation
C804,LC7FE,,STD,L0126,store,L0126,$0126,L0126,internal_ram,16,,,,direct,D,"C7DF:JMP LC8AA | C7E4:BLS LC7F0 | C7E6:BRCLR L008A,#$10,LC7ED | C7ED:JMP LC8A2 | C7FB:JMP LC8B0 | C7FE:BRCLR L0099,#$08,LC80A",,ram_state_or_intermediate,medium,requires downstream read/use analysis
C80E,LC80A,,BCLR,"L008A,#$14",bit_mutation,L008A,$008A,L008A,internal_ram,bit,#$14,,,direct,bit_clear_mask,"C7E6:BRCLR L008A,#$10,LC7ED | C7ED:JMP LC8A2 | C7FB:JMP LC8B0 | C7FE:BRCLR L0099,#$08,LC80A | C807:JMP LC89D | C80A:BRCLR L008A,#$10,LC811",,mode_flag_or_safety_gate,medium,bit-level state mutation
C868,LC853,,STAA,L0128,store,L0128,$0128,L0128,internal_ram,8,,,,direct,A,"C83D:BRSET L0089,#$40,LC844 | C847:BHI LC8AA | C84C:BRCLR L0089,#$40,LC853 | C854:BRCLR L009C,#$10,LC86D | C85F:JSR LD8FE | C862:BCS LC86D",,ram_state_or_intermediate,medium,requires downstream read/use analysis
C879,LC86D,,STAA,L0128,store,L0128,$0128,L0128,internal_ram,8,,,,direct,A,"C854:BRCLR L009C,#$10,LC86D | C85F:JSR LD8FE | C862:BCS LC86D | C86B:BRA LC881 | C872:JSR LD8FE | C875:BCS LC89D",,ram_state_or_intermediate,medium,requires downstream read/use analysis
C89D,LC89D,,BCLR,"L008B,#$06",bit_mutation,L008B,$008B,L008B,internal_ram,bit,#$06,,,direct,bit_clear_mask,"C87E:JSR LF4C1 | C884:BRCLR L009C,#$10,LC88B | C88C:JSR LD92E | C892:BCC LC897 | C899:BHI LC8AA | C89B:BRA LC8A2",,mode_flag_or_safety_gate,medium,bit-level state mutation
C8A2,LC8A2,,BCLR,"L008B,#$02",bit_mutation,L008B,$008B,L008B,internal_ram,bit,#$02,,,direct,bit_clear_mask,"C884:BRCLR L009C,#$10,LC88B | C88C:JSR LD92E | C892:BCC LC897 | C899:BHI LC8AA | C89B:BRA LC8A2 | C8A0:BRA LC8B0",,mode_flag_or_safety_gate,medium,bit-level state mutation
C8A5,LC8A2,,BSET,"L008B,#$04",bit_mutation,L008B,$008B,L008B,internal_ram,bit,#$04,,,direct,bit_set_mask,"C884:BRCLR L009C,#$10,LC88B | C88C:JSR LD92E | C892:BCC LC897 | C899:BHI LC8AA | C89B:BRA LC8A2 | C8A0:BRA LC8B0",,mode_flag_or_safety_gate,medium,bit-level state mutation
C8AA,LC8AA,,BSET,"L008B,#$02",bit_mutation,L008B,$008B,L008B,internal_ram,bit,#$02,,,direct,bit_set_mask,C88C:JSR LD92E | C892:BCC LC897 | C899:BHI LC8AA | C89B:BRA LC8A2 | C8A0:BRA LC8B0 | C8A8:BRA LC8B0,,mode_flag_or_safety_gate,medium,bit-level state mutation
C8AD,LC8AA,,BCLR,"L008B,#$04",bit_mutation,L008B,$008B,L008B,internal_ram,bit,#$04,,,direct,bit_clear_mask,C88C:JSR LD92E | C892:BCC LC897 | C899:BHI LC8AA | C89B:BRA LC8A2 | C8A0:BRA LC8B0 | C8A8:BRA LC8B0,,mode_flag_or_safety_gate,medium,bit-level state mutation
C8F2,LC8E6,,BSET,"L004E,#$02",bit_mutation,L004E,$004E,L004E,internal_ram,bit,#$02,,,direct,bit_set_mask,"C8CF:JSR LEB19 | C8D2:JSR LEB4D | C8DB:BRSET L0043,#$80,LC8E6 | C8DF:BRSET L004E,#$02,LC8E6 | C8EC:BHI LC8F7 | C8F0:BHI LC8FA",,mode_flag_or_safety_gate,medium,bit-level state mutation
C8F7,LC8F7,,BCLR,"L004E,#$02",bit_mutation,L004E,$004E,L004E,internal_ram,bit,#$02,,,direct,bit_clear_mask,"C8D2:JSR LEB4D | C8DB:BRSET L0043,#$80,LC8E6 | C8DF:BRSET L004E,#$02,LC8E6 | C8EC:BHI LC8F7 | C8F0:BHI LC8FA | C8F5:BRA LC8FA",,mode_flag_or_safety_gate,medium,bit-level state mutation
C8FA,LC8FA,,STAA,L00B4,store,L00B4,$00B4,L00B4,internal_ram,8,,,,direct,A,"C8D2:JSR LEB4D | C8DB:BRSET L0043,#$80,LC8E6 | C8DF:BRSET L004E,#$02,LC8E6 | C8EC:BHI LC8F7 | C8F0:BHI LC8FA | C8F5:BRA LC8FA",,ram_state_or_intermediate,medium,requires downstream read/use analysis
C91F,LC914,,STD,L00B5,store,L00B5,$00B5,L00B5,internal_ram,16,,,,direct,D,"C8F5:BRA LC8FA | C902:BRCLR $30,X,#$40,LC90A | C906:BRSET L001B,#$40,LC912 | C90A:BRCLR $30,X,#$20,LC914 | C90E:BRCLR L001B,#$20,LC914 | C91C:JSR LF436",,ram_state_or_intermediate,medium,requires downstream read/use analysis
C92B,LC92B,,BCLR,"L0087,#$02",bit_mutation,L0087,$0087,L0087,internal_ram,bit,#$02,,,direct,bit_clear_mask,"C902:BRCLR $30,X,#$40,LC90A | C906:BRSET L001B,#$40,LC912 | C90A:BRCLR $30,X,#$20,LC914 | C90E:BRCLR L001B,#$20,LC914 | C91C:JSR LF436 | C924:BRSET L0087,#$02,LC92B",,mode_flag_or_safety_gate,medium,bit-level state mutation
C931,LC92B,,BSET,"L0087,#$02",bit_mutation,L0087,$0087,L0087,internal_ram,bit,#$02,,,direct,bit_set_mask,"C906:BRSET L001B,#$40,LC912 | C90A:BRCLR $30,X,#$20,LC914 | C90E:BRCLR L001B,#$20,LC914 | C91C:JSR LF436 | C924:BRSET L0087,#$02,LC92B | C92F:BCS LC934",,mode_flag_or_safety_gate,medium,bit-level state mutation
C93C,LC934,,BSET,"L0087,#$01",bit_mutation,L0087,$0087,L0087,internal_ram,bit,#$01,,,direct,bit_set_mask,"C90A:BRCLR $30,X,#$20,LC914 | C90E:BRCLR L001B,#$20,LC914 | C91C:JSR LF436 | C924:BRSET L0087,#$02,LC92B | C92F:BCS LC934 | C93A:BCC LC93F",,mode_flag_or_safety_gate,medium,bit-level state mutation
C944,LC93F,,BCLR,"L0087,#$01",bit_mutation,L0087,$0087,L0087,internal_ram,bit,#$01,,,direct,bit_clear_mask,"C90E:BRCLR L001B,#$20,LC914 | C91C:JSR LF436 | C924:BRSET L0087,#$02,LC92B | C92F:BCS LC934 | C93A:BCC LC93F | C942:BLS LC947",,mode_flag_or_safety_gate,medium,bit-level state mutation
C967,LC967,,STAA,L00AB,store,L00AB,$00AB,L00AB,internal_ram,8,,,,direct,A,C92F:BCS LC934 | C93A:BCC LC93F | C942:BLS LC947 | C94B:BHI LC950 | C94E:BRA LC967 | C953:BCC LC967,,ram_state_or_intermediate,medium,requires downstream read/use analysis
C97F,LC97B,,STAA,L00A8,store,L00A8,$00A8,L00A8,internal_ram,8,,,,direct,A,"C942:BLS LC947 | C94B:BHI LC950 | C94E:BRA LC967 | C953:BCC LC967 | C970:BRSET L0043,#$80,LC97B | C974:BRSET L004E,#$01,LC97B",,ram_state_or_intermediate,medium,requires downstream read/use analysis
C989,LC97B,,BSET,"L004E,#$01",bit_mutation,L004E,$004E,L004E,internal_ram,bit,#$01,,,direct,bit_set_mask,"C94E:BRA LC967 | C953:BCC LC967 | C970:BRSET L0043,#$80,LC97B | C974:BRSET L004E,#$01,LC97B | C983:BHI LC98E | C987:BHI LC991",,mode_flag_or_safety_gate,medium,bit-level state mutation
C98E,LC98E,,BCLR,"L004E,#$01",bit_mutation,L004E,$004E,L004E,internal_ram,bit,#$01,,,direct,bit_clear_mask,"C953:BCC LC967 | C970:BRSET L0043,#$80,LC97B | C974:BRSET L004E,#$01,LC97B | C983:BHI LC98E | C987:BHI LC991 | C98C:BRA LC991",,mode_flag_or_safety_gate,medium,bit-level state mutation
C9A2,LC9A2,,STAA,L0006,store,L0006,$0006,L0006,internal_ram,8,,,,direct,A,"C974:BRSET L004E,#$01,LC97B | C983:BHI LC98E | C987:BHI LC991 | C98C:BRA LC991 | C991:BRCLR L0016,#$60,LC9A6 | C99D:BHI LC9A2",,ram_state_or_intermediate,medium,requires downstream read/use analysis
C9A8,LC9A6,,STAA,L0006,store,L0006,$0006,L0006,internal_ram,8,,,,direct,A,"C983:BHI LC98E | C987:BHI LC991 | C98C:BRA LC991 | C991:BRCLR L0016,#$60,LC9A6 | C99D:BHI LC9A2 | C9A4:BRA LC9AA",,ram_state_or_intermediate,medium,requires downstream read/use analysis
C9AA,LC9AA,,BCLR,"L0043,#$80",bit_mutation,L0043,$0043,L0043,internal_ram,bit,#$80,,,direct,bit_clear_mask,"C983:BHI LC98E | C987:BHI LC991 | C98C:BRA LC991 | C991:BRCLR L0016,#$60,LC9A6 | C99D:BHI LC9A2 | C9A4:BRA LC9AA",,mode_flag_or_safety_gate,medium,bit-level state mutation
C9BC,LC9BC,,STAA,L0283,store,L0283,$0283,L0283,internal_ram,8,,,,direct,A,"C991:BRCLR L0016,#$60,LC9A6 | C99D:BHI LC9A2 | C9A4:BRA LC9AA | C9B1:BCC LC9B6 | C9B4:BRA LC9BC | C9B8:BLS LC9BC",,ram_state_or_intermediate,medium,requires downstream read/use analysis
C9E2,LC9D7,,STD,L00A9,store,L00A9,$00A9,L00A9,internal_ram,16,,,,direct,D,"C9B8:BLS LC9BC | C9C5:BRCLR $2B,X,#$40,LC9CD | C9C9:BRSET L0016,#$40,LC9D5 | C9CD:BRCLR $2B,X,#$20,LC9D7 | C9D1:BRCLR L0016,#$20,LC9D7 | C9DF:JSR LF436",,ram_state_or_intermediate,medium,requires downstream read/use analysis
C9E9,LC9D7,,BSET,"L0087,#$04",bit_mutation,L0087,$0087,L0087,internal_ram,bit,#$04,,,direct,bit_set_mask,"C9C5:BRCLR $2B,X,#$40,LC9CD | C9C9:BRSET L0016,#$40,LC9D5 | C9CD:BRCLR $2B,X,#$20,LC9D7 | C9D1:BRCLR L0016,#$20,LC9D7 | C9DF:JSR LF436 | C9E7:BLS LC9EE",,mode_flag_or_safety_gate,medium,bit-level state mutation
C9F3,LC9EE,,BCLR,"L0087,#$04",bit_mutation,L0087,$0087,L0087,internal_ram,bit,#$04,,,direct,bit_clear_mask,"C9CD:BRCLR $2B,X,#$20,LC9D7 | C9D1:BRCLR L0016,#$20,LC9D7 | C9DF:JSR LF436 | C9E7:BLS LC9EE | C9EC:BRA LC9F6 | C9F1:BCC LC9F6",,mode_flag_or_safety_gate,medium,bit-level state mutation
CA00,LC9F7,,STAA,L01E5,store,L01E5,$01E5,L01E5,internal_ram,8,,,,direct,A,"C9D1:BRCLR L0016,#$20,LC9D7 | C9DF:JSR LF436 | C9E7:BLS LC9EE | C9EC:BRA LC9F6 | C9F1:BCC LC9F6 | C9FD:JSR LF4C1",,ram_state_or_intermediate,medium,requires downstream read/use analysis
CA0D,LC9F7,,STAA,L0243,store,L0243,$0243,L0243,internal_ram,8,,,,direct,A,C9DF:JSR LF436 | C9E7:BLS LC9EE | C9EC:BRA LC9F6 | C9F1:BCC LC9F6 | C9FD:JSR LF4C1 | CA0A:JSR LF4C1,,ram_state_or_intermediate,medium,requires downstream read/use analysis
CA30,LCA30,,STAA,L0272,store,L0272,$0272,L0272,internal_ram,8,,,,direct,A,"CA0A:JSR LF4C1 | CA17:BLS LCA1B | CA1B:JSR LF4C1 | CA1E:BRSET L003F,#$40,LCA30 | CA27:BHI LCA30 | CA2C:BCC LCA30",,ram_state_or_intermediate,medium,requires downstream read/use analysis
CA3C,LCA30,,STAA,L01CB,store,L01CB,$01CB,L01CB,internal_ram,8,,,,direct,A,"CA17:BLS LCA1B | CA1B:JSR LF4C1 | CA1E:BRSET L003F,#$40,LCA30 | CA27:BHI LCA30 | CA2C:BCC LCA30 | CA39:JSR LF4C1",,ram_state_or_intermediate,medium,requires downstream read/use analysis
CA49,LCA30,,STAA,L01BB,store,L01BB,$01BB,L01BB,internal_ram,8,,,,direct,A,"CA1B:JSR LF4C1 | CA1E:BRSET L003F,#$40,LCA30 | CA27:BHI LCA30 | CA2C:BCC LCA30 | CA39:JSR LF4C1 | CA46:JSR LF49A",,ram_state_or_intermediate,medium,requires downstream read/use analysis
CA65,LCA5A,,STAA,L0842,store,L0842,$0842,L0842,absolute_memory_or_table,8,,,,direct,A,CA2C:BCC LCA30 | CA39:JSR LF4C1 | CA46:JSR LF49A | CA50:BCC LCA54 | CA56:BCC LCA5A | CA62:JSR LF499,,ram_state_or_intermediate,medium,requires downstream read/use analysis
CAA8,LCA9F,,BCLR,"L0041,#$02",bit_mutation,L0041,$0041,L0041,internal_ram,bit,#$02,,,direct,bit_clear_mask,CA8A:BEQ LCA96 | CA90:BLS LCA9F | CA94:BRA LCA9F | CA9B:BCC LCA9F | CAA0:JSR LF4DE | CAA6:BMI LCAAD,,mode_flag_or_safety_gate,medium,bit-level state mutation
CAAD,LCAAD,,BSET,"L0041,#$02",bit_mutation,L0041,$0041,L0041,internal_ram,bit,#$02,,,direct,bit_set_mask,CA90:BLS LCA9F | CA94:BRA LCA9F | CA9B:BCC LCA9F | CAA0:JSR LF4DE | CAA6:BMI LCAAD | CAAB:BRA LCAB1,,mode_flag_or_safety_gate,medium,bit-level state mutation
CAB1,LCAB1,,STAA,L01FA,store,L01FA,$01FA,L01FA,internal_ram,8,,,,direct,A,CA90:BLS LCA9F | CA94:BRA LCA9F | CA9B:BCC LCA9F | CAA0:JSR LF4DE | CAA6:BMI LCAAD | CAAB:BRA LCAB1,,ram_state_or_intermediate,medium,requires downstream read/use analysis
CAD2,LCAD2,,STAA,L01FC,store,L01FC,$01FC,L01FC,internal_ram,8,,,,direct,A,"CAA6:BMI LCAAD | CAAB:BRA LCAB1 | CABA:BLS LCAD2 | CABC:BRSET L0019,#$10,LCAD2 | CAC0:BRCLR L003D,#$20,LCAD2 | CAC9:JSR LF4C1",,ram_state_or_intermediate,medium,requires downstream read/use analysis
CADE,LCAD2,,STAA,L0841,store,L0841,$0841,L0841,absolute_memory_or_table,8,,,,direct,A,"CAAB:BRA LCAB1 | CABA:BLS LCAD2 | CABC:BRSET L0019,#$10,LCAD2 | CAC0:BRCLR L003D,#$20,LCAD2 | CAC9:JSR LF4C1 | CADB:JSR LF4C1",,ram_state_or_intermediate,medium,requires downstream read/use analysis
CAE9,LCAD2,,STAA,L0843,store,L0843,$0843,L0843,absolute_memory_or_table,8,,,,direct,A,"CABA:BLS LCAD2 | CABC:BRSET L0019,#$10,LCAD2 | CAC0:BRCLR L003D,#$20,LCAD2 | CAC9:JSR LF4C1 | CADB:JSR LF4C1 | CAE6:JSR LF4C1",,ram_state_or_intermediate,medium,requires downstream read/use analysis
CB11,LCB11,,STAA,L0844,store,L0844,$0844,L0844,absolute_memory_or_table,8,,,,direct,A,"CAE6:JSR LF4C1 | CAEC:BRCLR L003D,#$20,LCAFD | CAF8:JSR LF4BD | CAFB:BRA LCB11 | CB03:BNE LCB08 | CB0E:JSR LF4BD",,ram_state_or_intermediate,medium,requires downstream read/use analysis
CB16,LCB15,,BCLR,"L0050,#$18",bit_mutation,L0050,$0050,L0050,internal_ram,bit,#$18,,,direct,bit_clear_mask,"CAE6:JSR LF4C1 | CAEC:BRCLR L003D,#$20,LCAFD | CAF8:JSR LF4BD | CAFB:BRA LCB11 | CB03:BNE LCB08 | CB0E:JSR LF4BD",,mode_flag_or_safety_gate,medium,bit-level state mutation
CB28,LCB15,,BSET,"L0050,#$08",bit_mutation,L0050,$0050,L0050,internal_ram,bit,#$08,,,direct,bit_set_mask,"CAFB:BRA LCB11 | CB03:BNE LCB08 | CB0E:JSR LF4BD | CB1E:BCS LCB2D | CB22:BCC LCB30 | CB24:BRCLR L0044,#$01,LCB30",,mode_flag_or_safety_gate,medium,bit-level state mutation
CB2D,LCB2D,,BSET,"L0050,#$10",bit_mutation,L0050,$0050,L0050,internal_ram,bit,#$10,,,direct,bit_set_mask,"CB03:BNE LCB08 | CB0E:JSR LF4BD | CB1E:BCS LCB2D | CB22:BCC LCB30 | CB24:BRCLR L0044,#$01,LCB30 | CB2B:BRA LCB30",,mode_flag_or_safety_gate,medium,bit-level state mutation
CB4A,LCB47,,STAA,L0830,store,L0830,$0830,L0830,absolute_memory_or_table,8,,,,direct,A,"CB24:BRCLR L0044,#$01,LCB30 | CB2B:BRA LCB30 | CB34:BRSET 0,X,#$04,LCB3B | CB38:JMP LCC34 | CB41:BCS LCB47 | CB43:BRSET L004D,#$01,LCB55",,ram_state_or_intermediate,medium,requires downstream read/use analysis
CB50,LCB4D,,STAA,L0831,store,L0831,$0831,L0831,absolute_memory_or_table,8,,,,direct,A,"CB24:BRCLR L0044,#$01,LCB30 | CB2B:BRA LCB30 | CB34:BRSET 0,X,#$04,LCB3B | CB38:JMP LCC34 | CB41:BCS LCB47 | CB43:BRSET L004D,#$01,LCB55",,ram_state_or_intermediate,medium,requires downstream read/use analysis
CB5A,LCB55,,DEC,L0830,read_modify_write,L0830,$0830,L0830,absolute_memory_or_table,8,,,,direct,target_minus_1,"CB34:BRSET 0,X,#$04,LCB3B | CB38:JMP LCC34 | CB41:BCS LCB47 | CB43:BRSET L004D,#$01,LCB55 | CB53:BRA LCB86 | CB58:BEQ LCB5F",,ram_state_or_intermediate,medium,requires downstream read/use analysis
CB71,LCB69,,STX,L0834,store,L0834,$0834,L0834,absolute_memory_or_table,16,,,,direct,X,"CB43:BRSET L004D,#$01,LCB55 | CB53:BRA LCB86 | CB58:BEQ LCB5F | CB5D:BRA LCB86 | CB62:BRSET L0041,#$10,LCB69 | CB6C:BCS LCB7A",,ram_state_or_intermediate,medium,requires downstream read/use analysis
CB83,LCB7A,,STX,L0834,store,L0834,$0834,L0834,absolute_memory_or_table,16,,,,direct,X,"CB5D:BRA LCB86 | CB62:BRSET L0041,#$10,LCB69 | CB6C:BCS LCB7A | CB74:BRCLR L0036,#$10,LCBBA | CB78:BRA LCBB5 | CB80:BHI LCB74",,ram_state_or_intermediate,medium,requires downstream read/use analysis
CB91,LCB86,,BSET,"L0052,#$10",bit_mutation,L0052,$0052,L0052,internal_ram,bit,#$10,,,direct,bit_set_mask,"CB6C:BCS LCB7A | CB74:BRCLR L0036,#$10,LCBBA | CB78:BRA LCBB5 | CB80:BHI LCB74 | CB86:BRCLR L004F,#$80,LCBB2 | CB8F:BLS LCB9F",,mode_flag_or_safety_gate,medium,bit-level state mutation
CB94,LCB86,,CLR,L0833,clear,L0833,$0833,L0833,absolute_memory_or_table,8,,,,direct,zero,"CB6C:BCS LCB7A | CB74:BRCLR L0036,#$10,LCBBA | CB78:BRA LCBB5 | CB80:BHI LCB74 | CB86:BRCLR L004F,#$80,LCBB2 | CB8F:BLS LCB9F",,ram_state_or_intermediate,medium,requires downstream read/use analysis
CB9A,LCB86,,STAA,L0831,store,L0831,$0831,L0831,absolute_memory_or_table,8,,,,direct,A,"CB6C:BCS LCB7A | CB74:BRCLR L0036,#$10,LCBBA | CB78:BRA LCBB5 | CB80:BHI LCB74 | CB86:BRCLR L004F,#$80,LCBB2 | CB8F:BLS LCB9F",,ram_state_or_intermediate,medium,requires downstream read/use analysis
CBA7,LCB9F,,BCLR,"L0052,#$10",bit_mutation,L0052,$0052,L0052,internal_ram,bit,#$10,,,direct,bit_clear_mask,"CB78:BRA LCBB5 | CB80:BHI LCB74 | CB86:BRCLR L004F,#$80,LCBB2 | CB8F:BLS LCB9F | CB9D:BRA LCBB2 | CBA5:BCS LCBAC",,mode_flag_or_safety_gate,medium,bit-level state mutation
CBAF,LCBAC,,STAA,L0833,store,L0833,$0833,L0833,absolute_memory_or_table,8,,,,direct,A,"CB86:BRCLR L004F,#$80,LCBB2 | CB8F:BLS LCB9F | CB9D:BRA LCBB2 | CBA5:BCS LCBAC | CBAA:BRA LCBB2 | CBAD:BEQ LCBB2",,ram_state_or_intermediate,medium,requires downstream read/use analysis
CBB2,LCBB2,,BCLR,"L0052,#$20",bit_mutation,L0052,$0052,L0052,internal_ram,bit,#$20,,,direct,bit_clear_mask,"CB86:BRCLR L004F,#$80,LCBB2 | CB8F:BLS LCB9F | CB9D:BRA LCBB2 | CBA5:BCS LCBAC | CBAA:BRA LCBB2 | CBAD:BEQ LCBB2",,mode_flag_or_safety_gate,medium,bit-level state mutation
CBB5,LCBB5,,BCLR,"L0041,#$10",bit_mutation,L0041,$0041,L0041,internal_ram,bit,#$10,,,direct,bit_clear_mask,"CB86:BRCLR L004F,#$80,LCBB2 | CB8F:BLS LCB9F | CB9D:BRA LCBB2 | CBA5:BCS LCBAC | CBAA:BRA LCBB2 | CBAD:BEQ LCBB2",,mode_flag_or_safety_gate,medium,bit-level state mutation
CBE8,LCBD2,,STAB,L0836,store,L0836,$0836,L0836,absolute_memory_or_table,8,,,,direct,B,"CBBD:BRSET L0041,#$10,LCBC4 | CBC6:BCS LCB4D | CBCB:BRSET L0041,#$10,LCBD2 | CBD2:BRSET L0016,#$10,LCBFC | CBD9:BLS LCBFC | CBDE:BRCLR L0041,#$10,LCBEB",,ram_state_or_intermediate,medium,requires downstream read/use analysis
CBF6,LCBEB,,STAA,L0836,store,L0836,$0836,L0836,absolute_memory_or_table,8,,,,direct,A,"CBCB:BRSET L0041,#$10,LCBD2 | CBD2:BRSET L0016,#$10,LCBFC | CBD9:BLS LCBFC | CBDE:BRCLR L0041,#$10,LCBEB | CBEE:BCC LCBFC | CBF3:BEQ LCBFC",,ram_state_or_intermediate,medium,requires downstream read/use analysis
CC0A,LCC06,,CLR,L0832,clear,L0832,$0832,L0832,absolute_memory_or_table,8,,,,direct,zero,"CBDE:BRCLR L0041,#$10,LCBEB | CBEE:BCC LCBFC | CBF3:BEQ LCBFC | CBF9:JMP LCB4D | CBFF:BRSET L0041,#$10,LCC06 | CC08:BCS LCC0F",,ram_state_or_intermediate,medium,requires downstream read/use analysis
CC1A,LCC0F,,STAA,L0832,store,L0832,$0832,L0832,absolute_memory_or_table,8,,,,direct,A,"CBF9:JMP LCB4D | CBFF:BRSET L0041,#$10,LCC06 | CC08:BCS LCC0F | CC0D:BRA LCC1D | CC15:BCC LCC21 | CC18:BEQ LCC1D",,ram_state_or_intermediate,medium,requires downstream read/use analysis
CC24,LCC24,,BSET,"L0052,#$20",bit_mutation,L0052,$0052,L0052,internal_ram,bit,#$20,,,direct,bit_set_mask,"CC08:BCS LCC0F | CC0D:BRA LCC1D | CC15:BCC LCC21 | CC18:BEQ LCC1D | CC1D:BRCLR L0052,#$10,LCC24 | CC21:JMP LCB86",,mode_flag_or_safety_gate,medium,bit-level state mutation
CC2C,LCC24,,DEC,L0831,read_modify_write,L0831,$0831,L0831,absolute_memory_or_table,8,,,,direct,target_minus_1,"CC0D:BRA LCC1D | CC15:BCC LCC21 | CC18:BEQ LCC1D | CC1D:BRCLR L0052,#$10,LCC24 | CC21:JMP LCB86 | CC2A:BEQ LCC31",,ram_state_or_intermediate,medium,requires downstream read/use analysis
CC31,LCC31,,BSET,"L0041,#$10",bit_mutation,L0041,$0041,L0041,internal_ram,bit,#$10,,,direct,bit_set_mask,"CC15:BCC LCC21 | CC18:BEQ LCC1D | CC1D:BRCLR L0052,#$10,LCC24 | CC21:JMP LCB86 | CC2A:BEQ LCC31 | CC2F:BRA LCC34",,mode_flag_or_safety_gate,medium,bit-level state mutation
CC3B,LCC35,,STAA,L0282,store,L0282,$0282,L0282,internal_ram,8,,,,direct,A,"CC18:BEQ LCC1D | CC1D:BRCLR L0052,#$10,LCC24 | CC21:JMP LCB86 | CC2A:BEQ LCC31 | CC2F:BRA LCC34 | CC35:BRSET L004F,#$80,LCC48",,ram_state_or_intermediate,medium,requires downstream read/use analysis
CC42,LCC35,,STD,L01D0,store,L01D0,$01D0,L01D0,internal_ram,16,,,,direct,D,"CC18:BEQ LCC1D | CC1D:BRCLR L0052,#$10,LCC24 | CC21:JMP LCB86 | CC2A:BEQ LCC31 | CC2F:BRA LCC34 | CC35:BRSET L004F,#$80,LCC48",,ram_state_or_intermediate,medium,requires downstream read/use analysis
CC45,LCC35,,STAA,L01D5,store,L01D5,$01D5,L01D5,internal_ram,8,,,,direct,A,"CC18:BEQ LCC1D | CC1D:BRCLR L0052,#$10,LCC24 | CC21:JMP LCB86 | CC2A:BEQ LCC31 | CC2F:BRA LCC34 | CC35:BRSET L004F,#$80,LCC48",,ram_state_or_intermediate,medium,requires downstream read/use analysis
CC50,LCC4B,,BSET,"L003A,#$10",bit_mutation,L003A,$003A,L003A,internal_ram,bit,#$10,,,direct,bit_set_mask,"CC21:JMP LCB86 | CC2A:BEQ LCC31 | CC2F:BRA LCC34 | CC35:BRSET L004F,#$80,LCC48 | CC48:JMP LCC4B | CC4E:BEQ LCC53",,mode_flag_or_safety_gate,medium,bit-level state mutation
CC56,LCC53,,BSET,"$22,X,#$A0",bit_mutation,"$22,X",$3022,L3022,hardware_register_region_30xx,bit,#$A0,$3000,$5D0C,resolved_indexed,bit_set_mask,"CC21:JMP LCB86 | CC2A:BEQ LCC31 | CC2F:BRA LCC34 | CC35:BRSET L004F,#$80,LCC48 | CC48:JMP LCC4B | CC4E:BEQ LCC53",,hardware_or_asic_state,medium,mapped hardware/ASIC region
CC75,LCC72,,STD,L3FFC,store,L3FFC,$3FFC,L3FFC,asic_hardware_region_3fxx,16,,,,direct,D,"CC35:BRSET L004F,#$80,LCC48 | CC48:JMP LCC4B | CC4E:BEQ LCC53 | CC63:BRSET 0,Y,#$01,LCC6E | CC6C:BRA LCC72 | CC72:JSR LF3ED",,iac_output_sink_or_state,medium,IAC phase/output/enable candidate; direct writer bench-gated
CC79,LCC72,,BCLR,"L004C,#$80",bit_mutation,L004C,$004C,L004C,internal_ram,bit,#$80,,,direct,bit_clear_mask,"CC35:BRSET L004F,#$80,LCC48 | CC48:JMP LCC4B | CC4E:BEQ LCC53 | CC63:BRSET 0,Y,#$01,LCC6E | CC6C:BRA LCC72 | CC72:JSR LF3ED",,mode_flag_or_safety_gate,medium,bit-level state mutation
CC7D,LCC7C,,STAA,"$0C,X",store,"$0C,X",$300C,L300C,hardware_register_region_30xx,8,,$3000,$400B,resolved_indexed,A,"CC35:BRSET L004F,#$80,LCC48 | CC48:JMP LCC4B | CC4E:BEQ LCC53 | CC63:BRSET 0,Y,#$01,LCC6E | CC6C:BRA LCC72 | CC72:JSR LF3ED",,hardware_or_asic_state,medium,mapped hardware/ASIC region
CC7F,LCC7C,,STAA,"$0D,X",store,"$0D,X",$300D,L300D,hardware_register_region_30xx,8,,$3000,$400B,resolved_indexed,A,"CC35:BRSET L004F,#$80,LCC48 | CC48:JMP LCC4B | CC4E:BEQ LCC53 | CC63:BRSET 0,Y,#$01,LCC6E | CC6C:BRA LCC72 | CC72:JSR LF3ED",,hardware_or_asic_state,medium,mapped hardware/ASIC region
CC81,LCC7C,,STAA,"$2C,X",store,"$2C,X",$302C,L302C,hardware_register_region_30xx,8,,$3000,$400B,resolved_indexed,A,"CC35:BRSET L004F,#$80,LCC48 | CC48:JMP LCC4B | CC4E:BEQ LCC53 | CC63:BRSET 0,Y,#$01,LCC6E | CC6C:BRA LCC72 | CC72:JSR LF3ED",,hardware_or_asic_state,medium,mapped hardware/ASIC region
CC83,LCC7C,,STAA,"$0B,X",store,"$0B,X",$300B,L300B,hardware_register_region_30xx,8,,$3000,$400B,resolved_indexed,A,"CC35:BRSET L004F,#$80,LCC48 | CC48:JMP LCC4B | CC4E:BEQ LCC53 | CC63:BRSET 0,Y,#$01,LCC6E | CC6C:BRA LCC72 | CC72:JSR LF3ED",,hardware_or_asic_state,medium,mapped hardware/ASIC region
CC85,LCC7C,,STAA,"$28,X",store,"$28,X",$3028,L3028,hardware_register_region_30xx,8,,$3000,$400B,resolved_indexed,A,"CC35:BRSET L004F,#$80,LCC48 | CC48:JMP LCC4B | CC4E:BEQ LCC53 | CC63:BRSET 0,Y,#$01,LCC6E | CC6C:BRA LCC72 | CC72:JSR LF3ED",,hardware_or_asic_state,medium,mapped hardware/ASIC region
CC87,LCC7C,,STAA,"$3E,X",store,"$3E,X",$303E,L303E,hardware_register_region_30xx,8,,$3000,$400B,resolved_indexed,A,"CC35:BRSET L004F,#$80,LCC48 | CC48:JMP LCC4B | CC4E:BEQ LCC53 | CC63:BRSET 0,Y,#$01,LCC6E | CC6C:BRA LCC72 | CC72:JSR LF3ED",,hardware_or_asic_state,medium,mapped hardware/ASIC region
CC89,LCC7C,,STAA,"$5C,X",store,"$5C,X",$305C,L305C,hardware_register_region_30xx,8,,$3000,$400B,resolved_indexed,A,"CC35:BRSET L004F,#$80,LCC48 | CC48:JMP LCC4B | CC4E:BEQ LCC53 | CC63:BRSET 0,Y,#$01,LCC6E | CC6C:BRA LCC72 | CC72:JSR LF3ED",,hardware_or_asic_state,medium,mapped hardware/ASIC region
CC8B,LCC7C,,STAA,"$03,X",store,"$03,X",$3003,L3003,hardware_register_region_30xx,8,,$3000,$400B,resolved_indexed,A,"CC35:BRSET L004F,#$80,LCC48 | CC48:JMP LCC4B | CC4E:BEQ LCC53 | CC63:BRSET 0,Y,#$01,LCC6E | CC6C:BRA LCC72 | CC72:JSR LF3ED",,hardware_or_asic_state,medium,mapped hardware/ASIC region
CC8F,LCC7C,,STAA,"$0021,X",store,"$0021,X",$3021,L3021,hardware_register_region_30xx,8,,$3000,$400B,resolved_indexed,A,"CC35:BRSET L004F,#$80,LCC48 | CC48:JMP LCC4B | CC4E:BEQ LCC53 | CC63:BRSET 0,Y,#$01,LCC6E | CC6C:BRA LCC72 | CC72:JSR LF3ED",,hardware_or_asic_state,medium,mapped hardware/ASIC region
CC93,LCC7C,,STAA,"$0026,X",store,"$0026,X",$3026,L3026,hardware_register_region_30xx,8,,$3000,$400B,resolved_indexed,A,"CC35:BRSET L004F,#$80,LCC48 | CC48:JMP LCC4B | CC4E:BEQ LCC53 | CC63:BRSET 0,Y,#$01,LCC6E | CC6C:BRA LCC72 | CC72:JSR LF3ED",,hardware_or_asic_state,medium,mapped hardware/ASIC region
CC97,LCC7C,,STAA,"$0001,X",store,"$0001,X",$3001,L3001,hardware_register_region_30xx,8,,$3000,$400B,resolved_indexed,A,"CC35:BRSET L004F,#$80,LCC48 | CC48:JMP LCC4B | CC4E:BEQ LCC53 | CC63:BRSET 0,Y,#$01,LCC6E | CC6C:BRA LCC72 | CC72:JSR LF3ED",,hardware_or_asic_state,medium,mapped hardware/ASIC region
CC9B,LCC7C,,STAA,"$0009,X",store,"$0009,X",$3009,L3009,hardware_register_region_30xx,8,,$3000,$400B,resolved_indexed,A,"CC35:BRSET L004F,#$80,LCC48 | CC48:JMP LCC4B | CC4E:BEQ LCC53 | CC63:BRSET 0,Y,#$01,LCC6E | CC6C:BRA LCC72 | CC72:JSR LF3ED",,hardware_or_asic_state,medium,mapped hardware/ASIC region
CC9F,LCC7C,,STAA,"$002B,X",store,"$002B,X",$302B,L302B,hardware_register_region_30xx,8,,$3000,$400B,resolved_indexed,A,"CC35:BRSET L004F,#$80,LCC48 | CC48:JMP LCC4B | CC4E:BEQ LCC53 | CC63:BRSET 0,Y,#$01,LCC6E | CC6C:BRA LCC72 | CC72:JSR LF3ED",,hardware_or_asic_state,medium,mapped hardware/ASIC region
CCA3,LCC7C,,STAA,"$003C,X",store,"$003C,X",$303C,L303C,hardware_register_region_30xx,8,,$3000,$400B,resolved_indexed,A,"CC35:BRSET L004F,#$80,LCC48 | CC48:JMP LCC4B | CC4E:BEQ LCC53 | CC63:BRSET 0,Y,#$01,LCC6E | CC6C:BRA LCC72 | CC72:JSR LF3ED",,hardware_or_asic_state,medium,mapped hardware/ASIC region
CCA7,LCC7C,,STAA,"$005D,X",store,"$005D,X",$305D,L305D,hardware_register_region_30xx,8,,$3000,$400B,resolved_indexed,A,"CC35:BRSET L004F,#$80,LCC48 | CC48:JMP LCC4B | CC4E:BEQ LCC53 | CC63:BRSET 0,Y,#$01,LCC6E | CC6C:BRA LCC72 | CC72:JSR LF3ED",,hardware_or_asic_state,medium,mapped hardware/ASIC region
CCAB,LCC7C,,STAA,"$005F,X",store,"$005F,X",$305F,L305F,hardware_register_region_30xx,8,,$3000,$400B,resolved_indexed,A,"CC35:BRSET L004F,#$80,LCC48 | CC48:JMP LCC4B | CC4E:BEQ LCC53 | CC63:BRSET 0,Y,#$01,LCC6E | CC6C:BRA LCC72 | CC72:JSR LF3ED",,hardware_or_asic_state,medium,mapped hardware/ASIC region
CCAF,LCC7C,,STAA,"$005E,X",store,"$005E,X",$305E,L305E,hardware_register_region_30xx,8,,$3000,$400B,resolved_indexed,A,"CC35:BRSET L004F,#$80,LCC48 | CC48:JMP LCC4B | CC4E:BEQ LCC53 | CC63:BRSET 0,Y,#$01,LCC6E | CC6C:BRA LCC72 | CC72:JSR LF3ED",,hardware_or_asic_state,medium,mapped hardware/ASIC region
CCB3,LCC7C,,STAA,L3061,store,L3061,$3061,L3061,hardware_register_region_30xx,8,,,,direct,A,"CC35:BRSET L004F,#$80,LCC48 | CC48:JMP LCC4B | CC4E:BEQ LCC53 | CC63:BRSET 0,Y,#$01,LCC6E | CC6C:BRA LCC72 | CC72:JSR LF3ED",,hardware_or_asic_state,medium,mapped hardware/ASIC region
CCB8,LCC7C,,STAA,L3063,store,L3063,$3063,L3063,hardware_register_region_30xx,8,,,,direct,A,"CC35:BRSET L004F,#$80,LCC48 | CC48:JMP LCC4B | CC4E:BEQ LCC53 | CC63:BRSET 0,Y,#$01,LCC6E | CC6C:BRA LCC72 | CC72:JSR LF3ED",,hardware_or_asic_state,medium,mapped hardware/ASIC region
CCBD,LCC7C,,STAA,L3065,store,L3065,$3065,L3065,hardware_register_region_30xx,8,,,,direct,A,"CC35:BRSET L004F,#$80,LCC48 | CC48:JMP LCC4B | CC4E:BEQ LCC53 | CC63:BRSET 0,Y,#$01,LCC6E | CC6C:BRA LCC72 | CC72:JSR LF3ED",,hardware_or_asic_state,medium,mapped hardware/ASIC region
CCCD,LCCC1,,STD,L01D0,store,L01D0,$01D0,L01D0,internal_ram,16,,,,direct,D,"CC48:JMP LCC4B | CC4E:BEQ LCC53 | CC63:BRSET 0,Y,#$01,LCC6E | CC6C:BRA LCC72 | CC72:JSR LF3ED | CCCA:JSR LF459",,ram_state_or_intermediate,medium,requires downstream read/use analysis
CD21,LCD21,,BSET,"L0046,#$04",bit_mutation,L0046,$0046,L0046,internal_ram,bit,#$04,,,direct,bit_set_mask,"CD05:BHI LCD26 | CD08:BRA LCD21 | CD0F:BHI LCD26 | CD17:BCS LCD26 | CD19:BRSET L0050,#$02,LCD21 | CD1D:BRSET L003E,#$80,LCD26",,mode_flag_or_safety_gate,medium,bit-level state mutation
CD26,LCD26,,BCLR,"L0046,#$04",bit_mutation,L0046,$0046,L0046,internal_ram,bit,#$04,,,direct,bit_clear_mask,"CD08:BRA LCD21 | CD0F:BHI LCD26 | CD17:BCS LCD26 | CD19:BRSET L0050,#$02,LCD21 | CD1D:BRSET L003E,#$80,LCD26 | CD24:BRA LCD29",,mode_flag_or_safety_gate,medium,bit-level state mutation
CD29,LCD29,,STAB,L0279,store,L0279,$0279,L0279,internal_ram,8,,,,direct,B,"CD08:BRA LCD21 | CD0F:BHI LCD26 | CD17:BCS LCD26 | CD19:BRSET L0050,#$02,LCD21 | CD1D:BRSET L003E,#$80,LCD26 | CD24:BRA LCD29",,ram_state_or_intermediate,medium,requires downstream read/use analysis
CD38,LCD2E,,BSET,"L0051,#$10",bit_mutation,L0051,$0051,L0051,internal_ram,bit,#$10,,,direct,bit_set_mask,"CD19:BRSET L0050,#$02,LCD21 | CD1D:BRSET L003E,#$80,LCD26 | CD24:BRA LCD29 | CD2C:BRA LCD2E | CD32:BCS LCD3D | CD34:BRSET L0051,#$10,LCD58",,mode_flag_or_safety_gate,medium,bit-level state mutation
CD3D,LCD3D,,BCLR,"L0051,#$10",bit_mutation,L0051,$0051,L0051,internal_ram,bit,#$10,,,direct,bit_clear_mask,"CD1D:BRSET L003E,#$80,LCD26 | CD24:BRA LCD29 | CD2C:BRA LCD2E | CD32:BCS LCD3D | CD34:BRSET L0051,#$10,LCD58 | CD3B:BRA LCD40",,mode_flag_or_safety_gate,medium,bit-level state mutation
CD4A,LCD40,,STAA,L01D6,store,L01D6,$01D6,L01D6,internal_ram,8,,,,direct,A,"CD2C:BRA LCD2E | CD32:BCS LCD3D | CD34:BRSET L0051,#$10,LCD58 | CD3B:BRA LCD40 | CD40:BRSET L004F,#$80,LCD67 | CD44:BRCLR L0071,#$80,LCD58",,ram_state_or_intermediate,medium,requires downstream read/use analysis
CD4D,LCD40,,BSET,"L0046,#$04",bit_mutation,L0046,$0046,L0046,internal_ram,bit,#$04,,,direct,bit_set_mask,"CD2C:BRA LCD2E | CD32:BCS LCD3D | CD34:BRSET L0051,#$10,LCD58 | CD3B:BRA LCD40 | CD40:BRSET L004F,#$80,LCD67 | CD44:BRCLR L0071,#$80,LCD58",,mode_flag_or_safety_gate,medium,bit-level state mutation
CD50,LCD40,,BSET,"L0041,#$10",bit_mutation,L0041,$0041,L0041,internal_ram,bit,#$10,,,direct,bit_set_mask,"CD2C:BRA LCD2E | CD32:BCS LCD3D | CD34:BRSET L0051,#$10,LCD58 | CD3B:BRA LCD40 | CD40:BRSET L004F,#$80,LCD67 | CD44:BRCLR L0071,#$80,LCD58",,mode_flag_or_safety_gate,medium,bit-level state mutation
CD53,LCD40,,BSET,"L0052,#$08",bit_mutation,L0052,$0052,L0052,internal_ram,bit,#$08,,,direct,bit_set_mask,"CD2C:BRA LCD2E | CD32:BCS LCD3D | CD34:BRSET L0051,#$10,LCD58 | CD3B:BRA LCD40 | CD40:BRSET L004F,#$80,LCD67 | CD44:BRCLR L0071,#$80,LCD58",,mode_flag_or_safety_gate,medium,bit-level state mutation
CD58,LCD58,,CLR,L01D6,clear,L01D6,$01D6,L01D6,internal_ram,8,,,,direct,zero,"CD32:BCS LCD3D | CD34:BRSET L0051,#$10,LCD58 | CD3B:BRA LCD40 | CD40:BRSET L004F,#$80,LCD67 | CD44:BRCLR L0071,#$80,LCD58 | CD56:BRA LCD67",,ram_state_or_intermediate,medium,requires downstream read/use analysis
CD5B,LCD58,,BCLR,"L0046,#$04",bit_mutation,L0046,$0046,L0046,internal_ram,bit,#$04,,,direct,bit_clear_mask,"CD32:BCS LCD3D | CD34:BRSET L0051,#$10,LCD58 | CD3B:BRA LCD40 | CD40:BRSET L004F,#$80,LCD67 | CD44:BRCLR L0071,#$80,LCD58 | CD56:BRA LCD67",,mode_flag_or_safety_gate,medium,bit-level state mutation
CD5E,LCD58,,BCLR,"L0053,#$04",bit_mutation,L0053,$0053,L0053,internal_ram,bit,#$04,,,direct,bit_clear_mask,"CD32:BCS LCD3D | CD34:BRSET L0051,#$10,LCD58 | CD3B:BRA LCD40 | CD40:BRSET L004F,#$80,LCD67 | CD44:BRCLR L0071,#$80,LCD58 | CD56:BRA LCD67",,mode_flag_or_safety_gate,medium,bit-level state mutation
CD61,LCD58,,BCLR,"L0041,#$10",bit_mutation,L0041,$0041,L0041,internal_ram,bit,#$10,,,direct,bit_clear_mask,"CD32:BCS LCD3D | CD34:BRSET L0051,#$10,LCD58 | CD3B:BRA LCD40 | CD40:BRSET L004F,#$80,LCD67 | CD44:BRCLR L0071,#$80,LCD58 | CD56:BRA LCD67",,mode_flag_or_safety_gate,medium,bit-level state mutation
CD64,LCD58,,BCLR,"L0052,#$08",bit_mutation,L0052,$0052,L0052,internal_ram,bit,#$08,,,direct,bit_clear_mask,"CD32:BCS LCD3D | CD34:BRSET L0051,#$10,LCD58 | CD3B:BRA LCD40 | CD40:BRSET L004F,#$80,LCD67 | CD44:BRCLR L0071,#$80,LCD58 | CD56:BRA LCD67",,mode_flag_or_safety_gate,medium,bit-level state mutation
CD71,LCD71,,STD,L3FDA,store,L3FDA,$3FDA,L3FDA,asic_hardware_region_3fxx,16,,,,direct,D,"CD34:BRSET L0051,#$10,LCD58 | CD3B:BRA LCD40 | CD40:BRSET L004F,#$80,LCD67 | CD44:BRCLR L0071,#$80,LCD58 | CD56:BRA LCD67 | CD6A:BRSET L0046,#$04,LCD71",,hardware_or_asic_state,medium,mapped hardware/ASIC region
CD8D,LCD87,,STD,L3FD6,store,L3FD6,$3FD6,L3FD6,asic_hardware_region_3fxx,16,,,,direct,D,"CD44:BRCLR L0071,#$80,LCD58 | CD56:BRA LCD67 | CD6A:BRSET L0046,#$04,LCD71 | CD74:BRCLR L003B,#$10,LCD84 | CD7B:BRCLR 0,X,#$04,LCD84 | CD82:BRA LCD87",,hardware_or_asic_state,medium,mapped hardware/ASIC region
CDCB,LCDCB,,STX,L3FD4,store,L3FD4,$3FD4,L3FD4,asic_hardware_region_3fxx,16,,,,direct,X,"CDAB:BRCLR 0,Y,#$01,LCDB9 | CDB5:BCC LCDCB | CDB7:BRA LCDC8 | CDB9:BRSET L0052,#$08,LCDCB | CDC2:BEQ LCDC8 | CDC4:BRCLR L0041,#$10,LCDCB",,hardware_or_asic_state,medium,mapped hardware/ASIC region
CDDF,LCDDF,,STD,L306C,store,L306C,$306C,L306C,hardware_register_region_30xx,16,,,,direct,D,"CDB7:BRA LCDC8 | CDB9:BRSET L0052,#$08,LCDCB | CDC2:BEQ LCDC8 | CDC4:BRCLR L0041,#$10,LCDCB | CDD1:BRCLR 0,X,#$04,LCDE2 | CDD8:BRSET L0053,#$04,LCDDF",,hardware_or_asic_state,medium,mapped hardware/ASIC region
CDF3,LCDF3,,STD,L306A,store,L306A,$306A,L306A,hardware_register_region_30xx,16,,,,direct,D,"CDC2:BEQ LCDC8 | CDC4:BRCLR L0041,#$10,LCDCB | CDD1:BRCLR 0,X,#$04,LCDE2 | CDD8:BRSET L0053,#$04,LCDDF | CDE5:BRCLR 0,X,#$40,LCDF6 | CDEC:BRSET L0089,#$20,LCDF3",,hardware_or_asic_state,medium,mapped hardware/ASIC region
CE0C,LCE0A,,STD,L3FD8,store,L3FD8,$3FD8,L3FD8,asic_hardware_region_3fxx,16,,,,direct,D,"CDE5:BRCLR 0,X,#$40,LCDF6 | CDEC:BRSET L0089,#$20,LCDF3 | CDF8:BRSET L0051,#$10,LCE0A | CDFC:BRSET L004F,#$80,LCE07 | CE00:BRCLR L0071,#$80,LCE0A | CE05:BRA LCE0A",,hardware_or_asic_state,medium,mapped hardware/ASIC region
CE47,LCE36,,BSET,"L0052,#$01",bit_mutation,L0052,$0052,L0052,internal_ram,bit,#$01,,,direct,bit_set_mask,"CE2A:BCS LCE78 | CE2F:BCS LCE36 | CE34:BHI LCE78 | CE3C:BLS LCE58 | CE41:BLS LCE78 | CE43:BRSET L0052,#$01,LCE4F",,mode_flag_or_safety_gate,medium,bit-level state mutation
CE4A,LCE36,,BCLR,"L0052,#$02",bit_mutation,L0052,$0052,L0052,internal_ram,bit,#$02,,,direct,bit_clear_mask,"CE2A:BCS LCE78 | CE2F:BCS LCE36 | CE34:BHI LCE78 | CE3C:BLS LCE58 | CE41:BLS LCE78 | CE43:BRSET L0052,#$01,LCE4F",,mode_flag_or_safety_gate,medium,bit-level state mutation
CE5C,LCE58,,BSET,"L0052,#$02",bit_mutation,L0052,$0052,L0052,internal_ram,bit,#$02,,,direct,bit_set_mask,"CE41:BLS LCE78 | CE43:BRSET L0052,#$01,LCE4F | CE4D:BRA LCE6A | CE52:BCC LCE6A | CE56:BRA LCE6A | CE58:BRSET L0052,#$02,LCE64",,mode_flag_or_safety_gate,medium,bit-level state mutation
CE5F,LCE58,,BCLR,"L0052,#$01",bit_mutation,L0052,$0052,L0052,internal_ram,bit,#$01,,,direct,bit_clear_mask,"CE41:BLS LCE78 | CE43:BRSET L0052,#$01,LCE4F | CE4D:BRA LCE6A | CE52:BCC LCE6A | CE56:BRA LCE6A | CE58:BRSET L0052,#$02,LCE64",,mode_flag_or_safety_gate,medium,bit-level state mutation
CE6A,LCE6A,,STAB,L0209,store,L0209,$0209,L0209,internal_ram,8,,,,direct,B,"CE4D:BRA LCE6A | CE52:BCC LCE6A | CE56:BRA LCE6A | CE58:BRSET L0052,#$02,LCE64 | CE62:BRA LCE6A | CE67:BCC LCE6A",,ram_state_or_intermediate,medium,requires downstream read/use analysis
CE73,LCE6A,,STAA,L020A,store,L020A,$020A,L020A,internal_ram,8,,,,direct,A,"CE4D:BRA LCE6A | CE52:BCC LCE6A | CE56:BRA LCE6A | CE58:BRSET L0052,#$02,LCE64 | CE62:BRA LCE6A | CE67:BCC LCE6A",,ram_state_or_intermediate,medium,requires downstream read/use analysis
CE78,LCE78,,BCLR,"L0052,#$03",bit_mutation,L0052,$0052,L0052,internal_ram,bit,#$03,,,direct,bit_clear_mask,"CE52:BCC LCE6A | CE56:BRA LCE6A | CE58:BRSET L0052,#$02,LCE64 | CE62:BRA LCE6A | CE67:BCC LCE6A | CE76:BRA LCE7B",,mode_flag_or_safety_gate,medium,bit-level state mutation
CE7E,LCE7B,,STAA,L3023,store,L3023,$3023,L3023,hardware_register_region_30xx,8,,,,direct,A,"CE52:BCC LCE6A | CE56:BRA LCE6A | CE58:BRSET L0052,#$02,LCE64 | CE62:BRA LCE6A | CE67:BCC LCE6A | CE76:BRA LCE7B",,hardware_or_asic_state,medium,mapped hardware/ASIC region
CE8F,LCE8E,,STX,L0203,store,L0203,$0203,L0203,internal_ram,16,,,,direct,X,"CE56:BRA LCE6A | CE58:BRSET L0052,#$02,LCE64 | CE62:BRA LCE6A | CE67:BCC LCE6A | CE76:BRA LCE7B | CE8A:BEQ LCE8E",,ram_state_or_intermediate,medium,requires downstream read/use analysis
CEB7,LCEB7,,STAB,L020D,store,L020D,$020D,L020D,internal_ram,8,,,,direct,B,CE76:BRA LCE7B | CE8A:BEQ LCE8E | CE9D:BLS LCEBA | CEA9:BCC LCEAF | CEAD:BRA LCEB7 | CEB3:BCC LCEB7,,ram_state_or_intermediate,medium,requires downstream read/use analysis
CED8,LCED8,,STAA,L020C,store,L020C,$020C,L020C,internal_ram,8,,,,direct,A,"CEAD:BRA LCEB7 | CEB3:BCC LCEB7 | CEBB:BRSET L0002,#$10,LCEDB | CEC4:JSR LF4C1 | CECE:BNE LCED2 | CED5:BCS LCED8",,ram_state_or_intermediate,medium,requires downstream read/use analysis
CF05,LCEFD,,INC,L0207,read_modify_write,L0207,$0207,L0207,internal_ram,8,,,,direct,target_plus_1,CEE0:BEQ LCF15 | CEE7:JSR LF275 | CEED:JSR LF25F | CEF6:BHI LCEFD | CEFB:BCC LCF0F | CF03:BHI LCF0A,,ram_state_or_intermediate,medium,requires downstream read/use analysis
CF0A,LCF0A,,BSET,"L0019,#$10",bit_mutation,L0019,$0019,L0019,internal_ram,bit,#$10,,,direct,bit_set_mask,CEE7:JSR LF275 | CEED:JSR LF25F | CEF6:BHI LCEFD | CEFB:BCC LCF0F | CF03:BHI LCF0A | CF08:BRA LCF15,,mode_flag_or_safety_gate,medium,bit-level state mutation
CF0F,LCF0F,,BCLR,"L0019,#$10",bit_mutation,L0019,$0019,L0019,internal_ram,bit,#$10,,,direct,bit_clear_mask,CEED:JSR LF25F | CEF6:BHI LCEFD | CEFB:BCC LCF0F | CF03:BHI LCF0A | CF08:BRA LCF15 | CF0D:BRA LCF15,,mode_flag_or_safety_gate,medium,bit-level state mutation
CF12,LCF0F,,CLR,L0207,clear,L0207,$0207,L0207,internal_ram,8,,,,direct,zero,CEED:JSR LF25F | CEF6:BHI LCEFD | CEFB:BCC LCF0F | CF03:BHI LCF0A | CF08:BRA LCF15 | CF0D:BRA LCF15,,ram_state_or_intermediate,medium,requires downstream read/use analysis
CF56,LCF51,,BCLR,"L006E,#$10",bit_mutation,L006E,$006E,L006E,internal_ram,bit,#$10,,,direct,bit_clear_mask,"CF3B:BRA LCF43 | CF41:BHI LCF89 | CF43:BRCLR L0018,#$30,LCF49 | CF47:BRA LCF89 | CF4B:BRCLR L006E,#$10,LCF51 | CF54:BCS LCF5B",,mode_flag_or_safety_gate,medium,bit-level state mutation
CF5B,LCF5B,,BSET,"L006E,#$10",bit_mutation,L006E,$006E,L006E,internal_ram,bit,#$10,,,direct,bit_set_mask,"CF41:BHI LCF89 | CF43:BRCLR L0018,#$30,LCF49 | CF47:BRA LCF89 | CF4B:BRCLR L006E,#$10,LCF51 | CF54:BCS LCF5B | CF59:BRA LCF89",,mode_flag_or_safety_gate,medium,bit-level state mutation
CF71,LCF6C,,BCLR,"L006E,#$20",bit_mutation,L006E,$006E,L006E,internal_ram,bit,#$20,,,direct,bit_clear_mask,"CF4B:BRCLR L006E,#$10,LCF51 | CF54:BCS LCF5B | CF59:BRA LCF89 | CF62:BNE LCF79 | CF66:BRCLR L006E,#$20,LCF6C | CF6F:BCS LCF76",,mode_flag_or_safety_gate,medium,bit-level state mutation
CF76,LCF76,,BSET,"L006E,#$20",bit_mutation,L006E,$006E,L006E,internal_ram,bit,#$20,,,direct,bit_set_mask,"CF54:BCS LCF5B | CF59:BRA LCF89 | CF62:BNE LCF79 | CF66:BRCLR L006E,#$20,LCF6C | CF6F:BCS LCF76 | CF74:BRA LCF89",,mode_flag_or_safety_gate,medium,bit-level state mutation
CF86,LCF83,,BCLR,"L006E,#$40",bit_mutation,L006E,$006E,L006E,internal_ram,bit,#$40,,,direct,bit_clear_mask,"CF62:BNE LCF79 | CF66:BRCLR L006E,#$20,LCF6C | CF6F:BCS LCF76 | CF74:BRA LCF89 | CF7D:BRCLR L006E,#$40,LCF83 | CF84:BLS LCF8D",,mode_flag_or_safety_gate,medium,bit-level state mutation
CF8D,LCF8D,,BSET,"L006E,#$40",bit_mutation,L006E,$006E,L006E,internal_ram,bit,#$40,,,direct,bit_set_mask,"CF66:BRCLR L006E,#$20,LCF6C | CF6F:BCS LCF76 | CF74:BRA LCF89 | CF7D:BRCLR L006E,#$40,LCF83 | CF84:BLS LCF8D | CF8A:JMP LD010",,mode_flag_or_safety_gate,medium,bit-level state mutation
CFA9,LCFA4,,BCLR,"L006E,#$04",bit_mutation,L006E,$006E,L006E,internal_ram,bit,#$04,,,direct,bit_clear_mask,"CF84:BLS LCF8D | CF8A:JMP LD010 | CF90:BRSET L0016,#$10,LCF9C | CF9A:BCS LCF89 | CF9E:BRSET L006E,#$04,LCFA4 | CFA7:BCC LCFAE",,mode_flag_or_safety_gate,medium,bit-level state mutation
CFAE,LCFAE,,BSET,"L006E,#$04",bit_mutation,L006E,$006E,L006E,internal_ram,bit,#$04,,,direct,bit_set_mask,"CF8A:JMP LD010 | CF90:BRSET L0016,#$10,LCF9C | CF9A:BCS LCF89 | CF9E:BRSET L006E,#$04,LCFA4 | CFA7:BCC LCFAE | CFAC:BRA LCF89",,mode_flag_or_safety_gate,medium,bit-level state mutation
D022,LD022,,STAA,L01AE,store,L01AE,$01AE,L01AE,internal_ram,8,,,,direct,A,"D00C:BCC LD010 | D013:BCC LD017 | D015:BRA LD021 | D017:BRSET L0051,#$10,LD021 | D01B:BRSET L0072,#$20,LD021 | D01F:BRA LD022",,ram_state_or_intermediate,medium,requires downstream read/use analysis
D03A,LD02C,,STAA,L01AE,store,L01AE,$01AE,L01AE,internal_ram,8,,,,direct,A,"D01B:BRSET L0072,#$20,LD021 | D01F:BRA LD022 | D025:BRCLR L0086,#$40,LD02C | D029:JSR L1815 | D02C:BRCLR L003B,#$10,LD03D | D035:BEQ LD03D",,ram_state_or_intermediate,medium,requires downstream read/use analysis
D049,LD049,,BCLR,"L006E,#$80",bit_mutation,L006E,$006E,L006E,internal_ram,bit,#$80,,,direct,bit_clear_mask,"D025:BRCLR L0086,#$40,LD02C | D029:JSR L1815 | D02C:BRCLR L003B,#$10,LD03D | D035:BEQ LD03D | D041:BRSET 0,X,#$20,LD049 | D045:BRCLR 0,X,#$04,LD088",,mode_flag_or_safety_gate,medium,bit-level state mutation
D05C,LD05C,,BSET,"L006E,#$80",bit_mutation,L006E,$006E,L006E,internal_ram,bit,#$80,,,direct,bit_set_mask,"D041:BRSET 0,X,#$20,LD049 | D045:BRCLR 0,X,#$04,LD088 | D04C:BRSET L0070,#$01,LD059 | D050:BRSET L0070,#$04,LD05F | D057:BNE LD05C | D05A:BRA LD084",,mode_flag_or_safety_gate,medium,bit-level state mutation
D088,LD088,,BCLR,"L006E,#$80",bit_mutation,L006E,$006E,L006E,internal_ram,bit,#$80,,,direct,bit_clear_mask,D068:BHI LD06D | D06B:BRA LD078 | D074:BLS LD078 | D07C:BLS LD080 | D081:JSR LF4DE | D085:JMP LD121,,mode_flag_or_safety_gate,medium,bit-level state mutation
D0BF,LD0BF,,BSET,"L006E,#$80",bit_mutation,L006E,$006E,L006E,internal_ram,bit,#$80,,,direct,bit_set_mask,"D09E:BRCLR 0,X,#$10,LD0A6 | D0A2:BRSET L0050,#$80,LD103 | D0AC:BCS LD103 | D0B3:BCS LD103 | D0B5:BRA LD0BF | D0BD:BCS LD103",,mode_flag_or_safety_gate,medium,bit-level state mutation
D0E7,LD0E7,,STAA,L01B0,store,L01B0,$01B0,L01B0,internal_ram,8,,,,direct,A,"D0B3:BCS LD103 | D0B5:BRA LD0BF | D0BD:BCS LD103 | D0C8:BRSET 0,X,#$02,LD0CF | D0DB:JSR LF4C1 | D0E3:BCC LD0E7",,ram_state_or_intermediate,medium,requires downstream read/use analysis
D104,LD104,,STAA,L01B1,store,L01B1,$01B1,L01B1,internal_ram,8,,,,direct,A,D0DB:JSR LF4C1 | D0E3:BCC LD0E7 | D0EC:BCS LD0F9 | D0F5:BCS LD0F9 | D0FE:JSR LF4DE | D101:BRA LD104,,ram_state_or_intermediate,medium,requires downstream read/use analysis
D14A,LD13C,,STD,L01B2,store,L01B2,$01B2,L01B2,internal_ram,16,,,,direct,D,D11D:BPL LD120 | D129:JSR LF4BD | D12F:BPL LD132 | D138:BLS LD13C | D13F:JSR LF4C1 | D147:JSR LF459,,ram_state_or_intermediate,medium,requires downstream read/use analysis
D156,LD14E,,STAA,L01B9,store,L01B9,$01B9,L01B9,internal_ram,8,,,,direct,A,D129:JSR LF4BD | D12F:BPL LD132 | D138:BLS LD13C | D13F:JSR LF4C1 | D147:JSR LF459 | D153:BNE LD15C,,ram_state_or_intermediate,medium,requires downstream read/use analysis
D162,LD15C,,BCLR,"8,X,#$38",bit_mutation,"8,X",,"8,X",unknown,bit,#$38,$3000,$400F,unresolved_indexed,bit_clear_mask,D12F:BPL LD132 | D138:BLS LD13C | D13F:JSR LF4C1 | D147:JSR LF459 | D153:BNE LD15C | D159:JMP LD1F5,,mode_flag_or_safety_gate,medium,bit-level state mutation
D16A,LD15C,,STAA,"8,X",store,"8,X",,"8,X",unknown,8,,$3000,$400F,unresolved_indexed,A,D12F:BPL LD132 | D138:BLS LD13C | D13F:JSR LF4C1 | D147:JSR LF459 | D153:BNE LD15C | D159:JMP LD1F5,,ram_state_or_intermediate,medium,requires downstream read/use analysis
D16E,LD15C,,BCLR,"L001A,#$02",bit_mutation,L001A,$001A,L001A,internal_ram,bit,#$02,,,direct,bit_clear_mask,D12F:BPL LD132 | D138:BLS LD13C | D13F:JSR LF4C1 | D147:JSR LF459 | D153:BNE LD15C | D159:JMP LD1F5,,mode_flag_or_safety_gate,medium,bit-level state mutation
D171,LD15C,,STAA,L3030,store,L3030,$3030,L3030,hardware_register_region_30xx,8,,,,direct,A,D12F:BPL LD132 | D138:BLS LD13C | D13F:JSR LF4C1 | D147:JSR LF459 | D153:BNE LD15C | D159:JMP LD1F5,,hardware_or_asic_state,medium,mapped hardware/ASIC region
D17D,LD176,,BSET,"L003A,#$01",bit_mutation,L003A,$003A,L003A,internal_ram,bit,#$01,,,direct,bit_set_mask,"D13F:JSR LF4C1 | D147:JSR LF459 | D153:BNE LD15C | D159:JMP LD1F5 | D176:BRSET $30,X,#$80,LD183 | D17B:BNE LD176",,mode_flag_or_safety_gate,medium,bit-level state mutation
D180,LD176,,BSET,"L001A,#$02",bit_mutation,L001A,$001A,L001A,internal_ram,bit,#$02,,,direct,bit_set_mask,"D13F:JSR LF4C1 | D147:JSR LF459 | D153:BNE LD15C | D159:JMP LD1F5 | D176:BRSET $30,X,#$80,LD183 | D17B:BNE LD176",,mode_flag_or_safety_gate,medium,bit-level state mutation
D186,LD183,,STAA,L01B4,store,L01B4,$01B4,L01B4,internal_ram,8,,,,direct,A,"D13F:JSR LF4C1 | D147:JSR LF459 | D153:BNE LD15C | D159:JMP LD1F5 | D176:BRSET $30,X,#$80,LD183 | D17B:BNE LD176",,ram_state_or_intermediate,medium,requires downstream read/use analysis
D1A0,LD1A0,,STD,L01B5,store,L01B5,$01B5,L01B5,internal_ram,16,,,,direct,D,"D159:JMP LD1F5 | D176:BRSET $30,X,#$80,LD183 | D17B:BNE LD176 | D18C:BCC LD1A3 | D194:JSR LF459 | D19A:BCC LD1A0",,ram_state_or_intermediate,medium,requires downstream read/use analysis
D1C7,LD1BB,,STD,L01B7,store,L01B7,$01B7,L01B7,internal_ram,16,,,,direct,D,D18C:BCC LD1A3 | D194:JSR LF459 | D19A:BCC LD1A0 | D1AB:BCC LD1AE | D1B6:BLS LD1BB | D1C4:JSR LF436,,ram_state_or_intermediate,medium,requires downstream read/use analysis
D1CD,LD1BB,,STAA,L01B9,store,L01B9,$01B9,L01B9,internal_ram,8,,,,direct,A,D18C:BCC LD1A3 | D194:JSR LF459 | D19A:BCC LD1A0 | D1AB:BCC LD1AE | D1B6:BLS LD1BB | D1C4:JSR LF436,,ram_state_or_intermediate,medium,requires downstream read/use analysis
D1D4,LD1BB,,BSET,"L0041,#$01",bit_mutation,L0041,$0041,L0041,internal_ram,bit,#$01,,,direct,bit_set_mask,D194:JSR LF459 | D19A:BCC LD1A0 | D1AB:BCC LD1AE | D1B6:BLS LD1BB | D1C4:JSR LF436 | D1D2:BLS LD1D9,,mode_flag_or_safety_gate,medium,bit-level state mutation
D1E2,LD1D9,,BCLR,"L0041,#$01",bit_mutation,L0041,$0041,L0041,internal_ram,bit,#$01,,,direct,bit_clear_mask,"D1B6:BLS LD1BB | D1C4:JSR LF436 | D1D2:BLS LD1D9 | D1D7:BRA LD1F5 | D1DC:BNE LD1F5 | D1DE:BRCLR L0041,#$01,LD1F5",,mode_flag_or_safety_gate,medium,bit-level state mutation
D1F2,LD1F2,,STAA,L01B5,store,L01B5,$01B5,L01B5,internal_ram,8,,,,direct,A,"D1C4:JSR LF436 | D1D2:BLS LD1D9 | D1D7:BRA LD1F5 | D1DC:BNE LD1F5 | D1DE:BRCLR L0041,#$01,LD1F5 | D1ED:BLS LD1F2",,ram_state_or_intermediate,medium,requires downstream read/use analysis
D21D,LD21A,,BCLR,"L006D,#$08",bit_mutation,L006D,$006D,L006D,internal_ram,bit,#$08,,,direct,bit_clear_mask,"D1FD:BRSET 0,X,#$02,LD207 | D204:JMP LD2AE | D207:BRCLR L003B,#$10,LD212 | D210:BNE LD21A | D212:BRSET L0070,#$01,LD233 | D216:BRSET L0072,#$20,LD233",,mode_flag_or_safety_gate,medium,bit-level state mutation
D226,LD21A,,BSET,"L006D,#$08",bit_mutation,L006D,$006D,L006D,internal_ram,bit,#$08,,,direct,bit_set_mask,"D204:JMP LD2AE | D207:BRCLR L003B,#$10,LD212 | D210:BNE LD21A | D212:BRSET L0070,#$01,LD233 | D216:BRSET L0072,#$20,LD233 | D223:BCC LD229",,mode_flag_or_safety_gate,medium,bit-level state mutation
D229,LD229,,STAA,L01BA,store,L01BA,$01BA,L01BA,internal_ram,8,,,,direct,A,"D204:JMP LD2AE | D207:BRCLR L003B,#$10,LD212 | D210:BNE LD21A | D212:BRSET L0070,#$01,LD233 | D216:BRSET L0072,#$20,LD233 | D223:BCC LD229",,ram_state_or_intermediate,medium,requires downstream read/use analysis
D234,LD233,,STAA,L01BA,store,L01BA,$01BA,L01BA,internal_ram,8,,,,direct,A,"D210:BNE LD21A | D212:BRSET L0070,#$01,LD233 | D216:BRSET L0072,#$20,LD233 | D223:BCC LD229 | D22F:BNE LD239 | D231:BRA LD2A6",,ram_state_or_intermediate,medium,requires downstream read/use analysis
D248,LD239,,STD,L01BC,store,L01BC,$01BC,L01BC,internal_ram,16,,,,direct,D,D223:BCC LD229 | D22F:BNE LD239 | D231:BRA LD2A6 | D237:BRA LD2A7 | D23C:BNE LD24B | D244:JSR LF4B6,,ram_state_or_intermediate,medium,requires downstream read/use analysis
D258,LD24B,,STD,L084F,store,L084F,$084F,L084F,absolute_memory_or_table,16,,,,direct,D,D22F:BNE LD239 | D231:BRA LD2A6 | D237:BRA LD2A7 | D23C:BNE LD24B | D244:JSR LF4B6 | D251:JSR LF4B6,,ram_state_or_intermediate,medium,requires downstream read/use analysis
D273,LD273,,STD,L01BC,store,L01BC,$01BC,L01BC,internal_ram,16,,,,direct,D,"D244:JSR LF4B6 | D251:JSR LF4B6 | D25E:BRSET L006D,#$08,LD26C | D265:BCC LD26A | D26A:BRA LD273 | D26F:BCC LD273",,ram_state_or_intermediate,medium,requires downstream read/use analysis
D289,LD289,,STD,L01BE,store,L01BE,$01BE,L01BE,internal_ram,16,,,,direct,D,"D25E:BRSET L006D,#$08,LD26C | D265:BCC LD26A | D26A:BRA LD273 | D26F:BCC LD273 | D27C:JSR LF4B6 | D284:BCC LD289",,ram_state_or_intermediate,medium,requires downstream read/use analysis
D2A8,LD2A7,,STD,L01BC,store,L01BC,$01BC,L01BC,internal_ram,16,,,,direct,D,"D284:BCC LD289 | D28F:BRSET L006D,#$08,LD29D | D296:BCC LD29B | D29B:BRA LD2AE | D2A0:BCC LD2AE | D2A4:BRA LD2AE",,ram_state_or_intermediate,medium,requires downstream read/use analysis
D2AB,LD2A7,,STD,L01BE,store,L01BE,$01BE,L01BE,internal_ram,16,,,,direct,D,"D284:BCC LD289 | D28F:BRSET L006D,#$08,LD29D | D296:BCC LD29B | D29B:BRA LD2AE | D2A0:BCC LD2AE | D2A4:BRA LD2AE",,ram_state_or_intermediate,medium,requires downstream read/use analysis
D2AE,LD2AE,,STAA,L01AF,store,L01AF,$01AF,L01AF,internal_ram,8,,,,direct,A,"D284:BCC LD289 | D28F:BRSET L006D,#$08,LD29D | D296:BCC LD29B | D29B:BRA LD2AE | D2A0:BCC LD2AE | D2A4:BRA LD2AE",,ram_state_or_intermediate,medium,requires downstream read/use analysis
D2D1,LD2B9,,STAA,L01D6,store,L01D6,$01D6,L01D6,internal_ram,8,,,,direct,A,"D2A4:BRA LD2AE | D2B2:BRCLR L0002,#$10,LD2B9 | D2B6:JMP LD3AF | D2BE:BEQ LD2F3 | D2C5:BLS LD2D7 | D2CD:BHI LD2D7",,ram_state_or_intermediate,medium,requires downstream read/use analysis
D2F3,LD2F3,,CLR,L01D6,clear,L01D6,$01D6,L01D6,internal_ram,8,,,,direct,zero,"D2CD:BHI LD2D7 | D2D4:JMP LD3A4 | D2D7:BRSET L0046,#$08,LD2F3 | D2E0:BLS LD2F3 | D2E5:BRCLR L0041,#$80,LD2EC | D2F1:BCC LD307",,ram_state_or_intermediate,medium,requires downstream read/use analysis
D2F6,LD2F3,,CLR,L01D8,clear,L01D8,$01D8,L01D8,internal_ram,8,,,,direct,zero,"D2CD:BHI LD2D7 | D2D4:JMP LD3A4 | D2D7:BRSET L0046,#$08,LD2F3 | D2E0:BLS LD2F3 | D2E5:BRCLR L0041,#$80,LD2EC | D2F1:BCC LD307",,ram_state_or_intermediate,medium,requires downstream read/use analysis
D301,LD2F3,,CLR,L01D7,clear,L01D7,$01D7,L01D7,internal_ram,8,,,,direct,zero,"D2D4:JMP LD3A4 | D2D7:BRSET L0046,#$08,LD2F3 | D2E0:BLS LD2F3 | D2E5:BRCLR L0041,#$80,LD2EC | D2F1:BCC LD307 | D2FF:BCC LD304",,ram_state_or_intermediate,medium,requires downstream read/use analysis
D33A,LD307,,INC,L01D8,read_modify_write,L01D8,$01D8,L01D8,internal_ram,8,,,,direct,target_plus_1,"D31E:BEQ LD2F3 | D320:BRCLR L003E,#$80,LD366 | D32A:BHI LD361 | D32A:BHI LD361 | D330:BNE LD361 | D338:BCC LD33F",,ram_state_or_intermediate,medium,requires downstream read/use analysis
D35E,LD35E,,STAA,L01D7,store,L01D7,$01D7,L01D7,internal_ram,8,,,,direct,A,D33D:BRA LD381 | D348:BCC LD357 | D34D:BCC LD361 | D352:BCC LD35E | D355:BRA LD35E | D35A:BCC LD35E,,ram_state_or_intermediate,medium,requires downstream read/use analysis
D361,LD361,,CLR,L01D8,clear,L01D8,$01D8,L01D8,internal_ram,8,,,,direct,zero,D33D:BRA LD381 | D348:BCC LD357 | D34D:BCC LD361 | D352:BCC LD35E | D355:BRA LD35E | D35A:BCC LD35E,,ram_state_or_intermediate,medium,requires downstream read/use analysis
D37C,LD37C,,STAA,L01D6,store,L01D6,$01D6,L01D6,internal_ram,8,,,,direct,A,D352:BCC LD35E | D355:BRA LD35E | D35A:BCC LD35E | D364:BRA LD381 | D36C:JSR LF4C1 | D377:BCC LD37C,,ram_state_or_intermediate,medium,requires downstream read/use analysis
D390,LD381,,STAA,L01D6,store,L01D6,$01D6,L01D6,internal_ram,8,,,,direct,A,D35A:BCC LD35E | D364:BRA LD381 | D36C:JSR LF4C1 | D377:BCC LD37C | D37F:BRA LD3A4 | D387:JSR LF4C1,,ram_state_or_intermediate,medium,requires downstream read/use analysis
D3A1,LD381,,STAA,L01D6,store,L01D6,$01D6,L01D6,internal_ram,8,,,,direct,A,D36C:JSR LF4C1 | D377:BCC LD37C | D37F:BRA LD3A4 | D387:JSR LF4C1 | D399:JSR LF4C1 | D39F:BLS LD3A4,,ram_state_or_intermediate,medium,requires downstream read/use analysis
D3A4,LD3A4,,BCLR,"L0041,#$80",bit_mutation,L0041,$0041,L0041,internal_ram,bit,#$80,,,direct,bit_clear_mask,D36C:JSR LF4C1 | D377:BCC LD37C | D37F:BRA LD3A4 | D387:JSR LF4C1 | D399:JSR LF4C1 | D39F:BLS LD3A4,,mode_flag_or_safety_gate,medium,bit-level state mutation
D3AC,LD3A4,,BSET,"L0041,#$80",bit_mutation,L0041,$0041,L0041,internal_ram,bit,#$80,,,direct,bit_set_mask,D377:BCC LD37C | D37F:BRA LD3A4 | D387:JSR LF4C1 | D399:JSR LF4C1 | D39F:BLS LD3A4 | D3AA:BEQ LD3AF,,mode_flag_or_safety_gate,medium,bit-level state mutation
D3CF,LD3C7,,CLR,L007E,clear,L007E,$007E,L007E,internal_ram,8,,,,direct,zero,"D3B3:BRSET 0,X,#$10,LD3BA | D3B7:JMP LD471 | D3BE:BNE LD3C4 | D3C0:BRSET L004F,#$80,LD3C7 | D3C4:JMP LD471 | D3CD:BHI LD3D4",,ram_state_or_intermediate,medium,requires downstream read/use analysis
D3E0,LD3D4,,STAA,L007E,store,L007E,$007E,L007E,internal_ram,8,,,,direct,A,"D3C0:BRSET L004F,#$80,LD3C7 | D3C4:JMP LD471 | D3CD:BHI LD3D4 | D3D2:BRA LD3EC | D3D9:BCC LD3E2 | D3DE:BEQ LD3E2",,ram_state_or_intermediate,medium,requires downstream read/use analysis
D3F6,LD3EC,,STAA,L007C,store,L007C,$007C,L007C,internal_ram,8,,,,direct,A,D3D2:BRA LD3EC | D3D9:BCC LD3E2 | D3DE:BEQ LD3E2 | D3E7:BCS LD3EC | D3E9:JMP LD471 | D3F3:JSR LF4C1,,ram_state_or_intermediate,medium,requires downstream read/use analysis
D401,LD3EC,,STAA,L007B,store,L007B,$007B,L007B,internal_ram,8,,,,direct,A,D3D9:BCC LD3E2 | D3DE:BEQ LD3E2 | D3E7:BCS LD3EC | D3E9:JMP LD471 | D3F3:JSR LF4C1 | D3FE:JSR LF4DE,,ram_state_or_intermediate,medium,requires downstream read/use analysis
D418,LD411,,STAA,L007D,store,L007D,$007D,L007D,internal_ram,8,,,,direct,A,D3E9:JMP LD471 | D3F3:JSR LF4C1 | D3FE:JSR LF4DE | D408:BLS LD40C | D40E:BCC LD411 | D415:JSR LF4C1,,ram_state_or_intermediate,medium,requires downstream read/use analysis
D42B,LD42B,,STAA,L007A,store,L007A,$007A,L007A,internal_ram,8,,,,direct,A,D40E:BCC LD411 | D415:JSR LF4C1 | D41C:BMI LD426 | D420:BCC LD42B | D424:BRA LD42B | D428:BCS LD42B,,ram_state_or_intermediate,medium,requires downstream read/use analysis
D436,LD42B,,STD,L0078,store,L0078,$0078,L0078,internal_ram,16,,,,direct,D,D415:JSR LF4C1 | D41C:BMI LD426 | D420:BCC LD42B | D424:BRA LD42B | D428:BCS LD42B | D433:JSR LF459,,ram_state_or_intermediate,medium,requires downstream read/use analysis
D44A,LD44A,,STAA,L084C,store,L084C,$084C,L084C,absolute_memory_or_table,8,,,,direct,A,"D424:BRA LD42B | D428:BCS LD42B | D433:JSR LF459 | D438:BRCLR L003E,#$80,LD459 | D441:BLS LD454 | D447:BNE LD44A",,ram_state_or_intermediate,medium,requires downstream read/use analysis
D45A,LD459,,STAA,L084C,store,L084C,$084C,L084C,absolute_memory_or_table,8,,,,direct,A,"D438:BRCLR L003E,#$80,LD459 | D441:BLS LD454 | D447:BNE LD44A | D450:BCC LD46E | D452:BRA LD45F | D457:BHI LD45F",,ram_state_or_intermediate,medium,requires downstream read/use analysis
D469,LD469,,BCLR,"L0052,#$40",bit_mutation,L0052,$0052,L0052,internal_ram,bit,#$40,,,direct,bit_clear_mask,D450:BCC LD46E | D452:BRA LD45F | D457:BHI LD45F | D45D:BRA LD469 | D462:BHI LD46E | D467:BHI LD471,,mode_flag_or_safety_gate,medium,bit-level state mutation
D46E,LD46E,,BSET,"L0052,#$40",bit_mutation,L0052,$0052,L0052,internal_ram,bit,#$40,,,direct,bit_set_mask,D452:BRA LD45F | D457:BHI LD45F | D45D:BRA LD469 | D462:BHI LD46E | D467:BHI LD471 | D46C:BRA LD471,,mode_flag_or_safety_gate,medium,bit-level state mutation
D49A,LD489,,BSET,"L0052,#$08",bit_mutation,L0052,$0052,L0052,internal_ram,bit,#$08,,,direct,bit_set_mask,"D479:BRA LD49F | D47E:BRSET L0052,#$08,LD489 | D486:BCS LD49F | D48D:BLS LD49F | D491:BHI LD49F | D498:BLS LD49F",,mode_flag_or_safety_gate,medium,bit-level state mutation
D49F,LD49F,,BCLR,"L0052,#$08",bit_mutation,L0052,$0052,L0052,internal_ram,bit,#$08,,,direct,bit_clear_mask,"D47E:BRSET L0052,#$08,LD489 | D486:BCS LD49F | D48D:BLS LD49F | D491:BHI LD49F | D498:BLS LD49F | D49D:BRA LD4A2",,mode_flag_or_safety_gate,medium,bit-level state mutation
D4B1,LD4B1,,STD,L0812,store,L0812,$0812,L0812,absolute_memory_or_table,16,,,,direct,D,D491:BHI LD49F | D498:BLS LD49F | D49D:BRA LD4A2 | D4A6:BNE LD4B6 | D4AC:BEQ LD4B1 | D4AF:BNE LD4D6,,ram_state_or_intermediate,medium,requires downstream read/use analysis
D4C8,LD4B6,,STX,L0812,store,L0812,$0812,L0812,absolute_memory_or_table,16,,,,direct,X,D49D:BRA LD4A2 | D4A6:BNE LD4B6 | D4AC:BEQ LD4B1 | D4AF:BNE LD4D6 | D4B4:BRA LD4D6 | D4B9:BEQ LD4CB,,ram_state_or_intermediate,medium,requires downstream read/use analysis
D4CB,LD4CB,,CLR,L080C,clear,L080C,$080C,L080C,absolute_memory_or_table,8,,,,direct,zero,D49D:BRA LD4A2 | D4A6:BNE LD4B6 | D4AC:BEQ LD4B1 | D4AF:BNE LD4D6 | D4B4:BRA LD4D6 | D4B9:BEQ LD4CB,,ram_state_or_intermediate,medium,requires downstream read/use analysis
D4D1,LD4CB,,STX,L080F,store,L080F,$080F,L080F,absolute_memory_or_table,16,,,,direct,X,D49D:BRA LD4A2 | D4A6:BNE LD4B6 | D4AC:BEQ LD4B1 | D4AF:BNE LD4D6 | D4B4:BRA LD4D6 | D4B9:BEQ LD4CB,,ram_state_or_intermediate,medium,requires downstream read/use analysis
D4D6,LD4D6,,STAB,L0811,store,L0811,$0811,L0811,absolute_memory_or_table,8,,,,direct,B,D49D:BRA LD4A2 | D4A6:BNE LD4B6 | D4AC:BEQ LD4B1 | D4AF:BNE LD4D6 | D4B4:BRA LD4D6 | D4B9:BEQ LD4CB,,ram_state_or_intermediate,medium,requires downstream read/use analysis
D4E7,LD4DA,,STD,L0284,store,L0284,$0284,L0284,internal_ram,16,,,,direct,D,D4A6:BNE LD4B6 | D4AC:BEQ LD4B1 | D4AF:BNE LD4D6 | D4B4:BRA LD4D6 | D4B9:BEQ LD4CB | D4E4:JSR LF436,,ram_state_or_intermediate,medium,requires downstream read/use analysis
D4F5,LD4EB,,STAA,L0084,store,L0084,$0084,L0084,internal_ram,8,,,,direct,A,D4B4:BRA LD4D6 | D4B9:BEQ LD4CB | D4E4:JSR LF436 | D4EB:JSR LE684 | D4EE:JSR LE6AC | D4F1:JSR LE69C,,ram_state_or_intermediate,medium,requires downstream read/use analysis
D505,LD4EB,,BSET,"L0084,#$08",bit_mutation,L0084,$0084,L0084,internal_ram,bit,#$08,,,direct,bit_set_mask,D4EB:JSR LE684 | D4EE:JSR LE6AC | D4F1:JSR LE69C | D4FB:BCC LD557 | D500:JSR LD8F0 | D503:BEQ LD50A,,mode_flag_or_safety_gate,medium,bit-level state mutation
D512,LD50A,,BSET,"L0084,#$04",bit_mutation,L0084,$0084,L0084,internal_ram,bit,#$04,,,direct,bit_set_mask,D4FB:BCC LD557 | D500:JSR LD8F0 | D503:BEQ LD50A | D508:BRA LD53E | D50D:JSR LD8CE | D510:BCS LD517,,mode_flag_or_safety_gate,medium,bit-level state mutation
D52D,LD517,,BSET,"L0084,#$02",bit_mutation,L0084,$0084,L0084,internal_ram,bit,#$02,,,direct,bit_set_mask,"D510:BCS LD517 | D515:BRA LD53E | D517:BRCLR L009C,#$10,LD532 | D51F:JSR LD840 | D522:BCS LD532 | D529:JSR LD8A7",,mode_flag_or_safety_gate,medium,bit-level state mutation
D53B,LD532,,BSET,"L0084,#$01",bit_mutation,L0084,$0084,L0084,internal_ram,bit,#$01,,,direct,bit_set_mask,D51F:JSR LD840 | D522:BCS LD532 | D529:JSR LD8A7 | D530:BRA LD541 | D536:JSR LD7E5 | D539:BCS LD557,,mode_flag_or_safety_gate,medium,bit-level state mutation
D565,LD557,,BSET,"L0084,#$80",bit_mutation,L0084,$0084,L0084,internal_ram,bit,#$80,,,direct,bit_set_mask,"D549:BHI LD557 | D54B:BRCLR L0099,#$20,LD552 | D555:BLS LD5A0 | D55B:BMI LD59F | D560:JSR LD8F0 | D563:BEQ LD56A",,mode_flag_or_safety_gate,medium,bit-level state mutation
D572,LD56A,,BSET,"L0084,#$40",bit_mutation,L0084,$0084,L0084,internal_ram,bit,#$40,,,direct,bit_set_mask,D55B:BMI LD59F | D560:JSR LD8F0 | D563:BEQ LD56A | D568:BRA LD595 | D56D:JSR LD8CE | D570:BCS LD577,,mode_flag_or_safety_gate,medium,bit-level state mutation
D584,LD577,,BSET,"L0084,#$20",bit_mutation,L0084,$0084,L0084,internal_ram,bit,#$20,,,direct,bit_set_mask,"D56D:JSR LD8CE | D570:BCS LD577 | D575:BRA LD595 | D577:BRCLR L009C,#$10,LD589 | D57F:JSR LD840 | D582:BCS LD589",,mode_flag_or_safety_gate,medium,bit-level state mutation
D592,LD589,,BSET,"L0084,#$10",bit_mutation,L0084,$0084,L0084,internal_ram,bit,#$10,,,direct,bit_set_mask,"D577:BRCLR L009C,#$10,LD589 | D57F:JSR LD840 | D582:BCS LD589 | D587:BRA LD595 | D58D:JSR LD7E5 | D590:BCS LD59F",,mode_flag_or_safety_gate,medium,bit-level state mutation
D5A6,LD5A0,,STAA,L0187,store,L0187,$0187,L0187,internal_ram,8,,,,direct,A,D587:BRA LD595 | D58D:JSR LD7E5 | D590:BCS LD59F | D599:BEQ LD59F | D59D:BHI LD5A0 | D5A4:BEQ LD5A9,,ram_state_or_intermediate,medium,requires downstream read/use analysis
D5F0,LD5F0,,BCLR,"L0083,#$24",bit_mutation,L0083,$0083,L0083,internal_ram,bit,#$24,,,direct,bit_clear_mask,"D5D1:BCC LD5D5 | D5D5:BRCLR L0099,#$01,LD5E6 | D5DB:BNE LD5E6 | D5E2:BCS LD5E6 | D5E6:BRSET L0098,#$08,LD5EE | D5EA:BRCLR L0099,#$02,LD5F0",,mode_flag_or_safety_gate,medium,bit-level state mutation
D5F9,LD5F0,,BSET,"L0083,#$04",bit_mutation,L0083,$0083,L0083,internal_ram,bit,#$04,,,direct,bit_set_mask,"D5DB:BNE LD5E6 | D5E2:BCS LD5E6 | D5E6:BRSET L0098,#$08,LD5EE | D5EA:BRCLR L0099,#$02,LD5F0 | D5F5:BEQ LD601 | D5F7:BCS LD5FE",,mode_flag_or_safety_gate,medium,bit-level state mutation
D5FE,LD5FE,,BSET,"L0083,#$20",bit_mutation,L0083,$0083,L0083,internal_ram,bit,#$20,,,direct,bit_set_mask,"D5E2:BCS LD5E6 | D5E6:BRSET L0098,#$08,LD5EE | D5EA:BRCLR L0099,#$02,LD5F0 | D5F5:BEQ LD601 | D5F7:BCS LD5FE | D5FC:BRA LD601",,mode_flag_or_safety_gate,medium,bit-level state mutation
D60F,LD601,,BSET,"L0083,#$40",bit_mutation,L0083,$0083,L0083,internal_ram,bit,#$40,,,direct,bit_set_mask,"D5F5:BEQ LD601 | D5F7:BCS LD5FE | D5FC:BRA LD601 | D601:BRCLR L0083,#$20,LD617 | D609:BNE LD617 | D60B:BRSET L0083,#$40,LD623",,mode_flag_or_safety_gate,medium,bit-level state mutation
D612,LD601,,BCLR,"L0083,#$80",bit_mutation,L0083,$0083,L0083,internal_ram,bit,#$80,,,direct,bit_clear_mask,"D5F5:BEQ LD601 | D5F7:BCS LD5FE | D5FC:BRA LD601 | D601:BRCLR L0083,#$20,LD617 | D609:BNE LD617 | D60B:BRSET L0083,#$40,LD623",,mode_flag_or_safety_gate,medium,bit-level state mutation
D617,LD617,,BCLR,"L0083,#$40",bit_mutation,L0083,$0083,L0083,internal_ram,bit,#$40,,,direct,bit_clear_mask,"D5F7:BCS LD5FE | D5FC:BRA LD601 | D601:BRCLR L0083,#$20,LD617 | D609:BNE LD617 | D60B:BRSET L0083,#$40,LD623 | D615:BRA LD623",,mode_flag_or_safety_gate,medium,bit-level state mutation
D620,LD617,,STAA,L0135,store,L0135,$0135,L0135,internal_ram,8,,,,direct,A,"D5FC:BRA LD601 | D601:BRCLR L0083,#$20,LD617 | D609:BNE LD617 | D60B:BRSET L0083,#$40,LD623 | D615:BRA LD623 | D61E:BEQ LD623",,ram_state_or_intermediate,medium,requires downstream read/use analysis
D631,LD623,,CLR,L0135,clear,L0135,$0135,L0135,internal_ram,8,,,,direct,zero,"D60B:BRSET L0083,#$40,LD623 | D615:BRA LD623 | D61E:BEQ LD623 | D623:BRSET L0083,#$04,LD65C | D627:BRCLR L0083,#$20,LD65C | D62F:BNE LD634",,ram_state_or_intermediate,medium,requires downstream read/use analysis
D65D,LD65C,,BCLR,"L0085,#$20",bit_mutation,L0085,$0085,L0085,internal_ram,bit,#$20,,,direct,bit_clear_mask,"D634:BRCLR L0083,#$40,LD652 | D63E:BLS LD652 | D643:BCC LD652 | D648:BNE LD652 | D650:BCS LD65A | D658:BCC LD65C",,mode_flag_or_safety_gate,medium,bit-level state mutation
D66D,LD65C,,BSET,"L0085,#$20",bit_mutation,L0085,$0085,L0085,internal_ram,bit,#$20,,,direct,bit_set_mask,"D648:BNE LD652 | D650:BCS LD65A | D658:BCC LD65C | D660:BRCLR L00A2,#$04,LD670 | D666:BNE LD670 | D66B:BEQ LD670",,mode_flag_or_safety_gate,medium,bit-level state mutation
D673,LD670,,BCLR,"L0083,#$09",bit_mutation,L0083,$0083,L0083,internal_ram,bit,#$09,,,direct,bit_clear_mask,"D650:BCS LD65A | D658:BCC LD65C | D660:BRCLR L00A2,#$04,LD670 | D666:BNE LD670 | D66B:BEQ LD670 | D670:JSR LE562",,mode_flag_or_safety_gate,medium,bit-level state mutation
D682,LD670,,STAB,L0103,store,L0103,$0103,L0103,internal_ram,8,,,,direct,B,"D660:BRCLR L00A2,#$04,LD670 | D666:BNE LD670 | D66B:BEQ LD670 | D670:JSR LE562 | D679:BEQ LD68E | D67E:BLS LD686",,ram_state_or_intermediate,medium,requires downstream read/use analysis
D688,LD686,,STAA,L0187,store,L0187,$0187,L0187,internal_ram,8,,,,direct,A,"D660:BRCLR L00A2,#$04,LD670 | D666:BNE LD670 | D66B:BEQ LD670 | D670:JSR LE562 | D679:BEQ LD68E | D67E:BLS LD686",,ram_state_or_intermediate,medium,requires downstream read/use analysis
D694,LD68E,,BSET,"L0083,#$01",bit_mutation,L0083,$0083,L0083,internal_ram,bit,#$01,,,direct,bit_set_mask,D670:JSR LE562 | D679:BEQ LD68E | D67E:BLS LD686 | D68C:BRA LD69C | D690:BEQ LD69E | D692:BCS LD699,,mode_flag_or_safety_gate,medium,bit-level state mutation
D699,LD699,,BSET,"L0083,#$08",bit_mutation,L0083,$0083,L0083,internal_ram,bit,#$08,,,direct,bit_set_mask,D679:BEQ LD68E | D67E:BLS LD686 | D68C:BRA LD69C | D690:BEQ LD69E | D692:BCS LD699 | D697:BRA LD69C,,mode_flag_or_safety_gate,medium,bit-level state mutation
D69C,LD69C,,STAA,L00D9,store,L00D9,$00D9,L00D9,internal_ram,8,,,,direct,A,D679:BEQ LD68E | D67E:BLS LD686 | D68C:BRA LD69C | D690:BEQ LD69E | D692:BCS LD699 | D697:BRA LD69C,,ram_state_or_intermediate,medium,requires downstream read/use analysis
D7FF,LD7E5,,STAB,"2,X",store,"2,X",,"2,X",unknown,8,,$D775,$D6AB,unresolved_indexed,B,D68C:BRA LD69C | D690:BEQ LD69E | D692:BCS LD699 | D697:BRA LD69C | D7F1:BEQ LD805 | D7F5:JSR LF4C1,,ram_state_or_intermediate,medium,requires downstream read/use analysis
D801,LD7E5,,STAA,"0,X",store,"0,X",,"0,X",unknown,8,,$D775,$D6AB,unresolved_indexed,A,D68C:BRA LD69C | D690:BEQ LD69E | D692:BCS LD699 | D697:BRA LD69C | D7F1:BEQ LD805 | D7F5:JSR LF4C1,,ram_state_or_intermediate,medium,requires downstream read/use analysis
D81E,LD816,,STAB,"$0001,X",store,"$0001,X",$D776,LD776,absolute_memory_or_table,8,,$D775,$D6AB,resolved_indexed,B,D7F1:BEQ LD805 | D7F5:JSR LF4C1 | D80A:JSR LD8FE | D80F:BCC LD816 | D814:BRA LD83E | D818:JSR LF4C1,,ram_state_or_intermediate,medium,requires downstream read/use analysis
D853,LD840,,STAA,"0,X",store,"0,X",,"0,X",unknown,8,,$D775,$D6AB,unresolved_indexed,A,D818:JSR LF4C1 | D824:JSR LD980 | D82A:JSR LD92E | D835:JSR LD980 | D83A:BCC LD83E | D84C:BEQ LD855,,ram_state_or_intermediate,medium,requires downstream read/use analysis
D863,LD855,,STAA,"$0002,X",store,"$0002,X",$D777,LD777,absolute_memory_or_table,8,,$D775,$D6AB,resolved_indexed,A,D824:JSR LD980 | D82A:JSR LD92E | D835:JSR LD980 | D83A:BCC LD83E | D84C:BEQ LD855 | D85C:BEQ LD865,,ram_state_or_intermediate,medium,requires downstream read/use analysis
D872,LD865,,STAA,"$0001,X",store,"$0001,X",$D776,LD776,absolute_memory_or_table,8,,$D775,$D6AB,resolved_indexed,A,D835:JSR LD980 | D83A:BCC LD83E | D84C:BEQ LD855 | D85C:BEQ LD865 | D86A:JSR LD8FE | D86D:BCS LD874,,ram_state_or_intermediate,medium,requires downstream read/use analysis
D9C7,LD9C7,,BSET,"L00A4,#$01",bit_mutation,L00A4,$00A4,L00A4,internal_ram,bit,#$01,,,direct,bit_set_mask,"D9A9:BRA LD9B4 | D9AF:BMI LD9B4 | D9B7:BRCLR L00A2,#$0F,LD9BF | D9BB:BRCLR L00A3,#$0F,LD9C7 | D9BF:BRCLR L00A2,#$20,LD9EF | D9C3:BRSET L00A3,#$20,LD9EF",,mode_flag_or_safety_gate,medium,bit-level state mutation
D9CA,LD9C7,,BCLR,"L00A4,#$12",bit_mutation,L00A4,$00A4,L00A4,internal_ram,bit,#$12,,,direct,bit_clear_mask,"D9A9:BRA LD9B4 | D9AF:BMI LD9B4 | D9B7:BRCLR L00A2,#$0F,LD9BF | D9BB:BRCLR L00A3,#$0F,LD9C7 | D9BF:BRCLR L00A2,#$20,LD9EF | D9C3:BRSET L00A3,#$20,LD9EF",,mode_flag_or_safety_gate,medium,bit-level state mutation
D9CD,LD9C7,,CLR,L015D,clear,L015D,$015D,L015D,internal_ram,8,,,,direct,zero,"D9A9:BRA LD9B4 | D9AF:BMI LD9B4 | D9B7:BRCLR L00A2,#$0F,LD9BF | D9BB:BRCLR L00A3,#$0F,LD9C7 | D9BF:BRCLR L00A2,#$20,LD9EF | D9C3:BRSET L00A3,#$20,LD9EF",,ram_state_or_intermediate,medium,requires downstream read/use analysis
D9EC,LD9EC,,BCLR,"L00A4,#$01",bit_mutation,L00A4,$00A4,L00A4,internal_ram,bit,#$01,,,direct,bit_clear_mask,"D9C3:BRSET L00A3,#$20,LD9EF | D9D0:BRSET L00A2,#$20,LD9DB | D9D7:BRCLR 0,X,#$01,LD9EC | D9DF:BEQ LD9EC | D9E3:BEQ LD9EC | D9EA:BLS LD9EF",,mode_flag_or_safety_gate,medium,bit-level state mutation
D9F9,LD9EF,,STAA,L015D,store,L015D,$015D,L015D,internal_ram,8,,,,direct,A,"D9D7:BRCLR 0,X,#$01,LD9EC | D9DF:BEQ LD9EC | D9E3:BEQ LD9EC | D9EA:BLS LD9EF | D9EF:BRCLR L00A4,#$03,LDA34 | D9F7:BEQ LD9FC",,ram_state_or_intermediate,medium,requires downstream read/use analysis
DA0C,LDA0C,,BSET,"L00A4,#$02",bit_mutation,L00A4,$00A4,L00A4,internal_ram,bit,#$02,,,direct,bit_set_mask,"D9E3:BEQ LD9EC | D9EA:BLS LD9EF | D9EF:BRCLR L00A4,#$03,LDA34 | D9F7:BEQ LD9FC | DA03:BHI LDA0C | DA0A:BLS LDA12",,mode_flag_or_safety_gate,medium,bit-level state mutation
DA0F,LDA0C,,BCLR,"L00A4,#$01",bit_mutation,L00A4,$00A4,L00A4,internal_ram,bit,#$01,,,direct,bit_clear_mask,"D9E3:BEQ LD9EC | D9EA:BLS LD9EF | D9EF:BRCLR L00A4,#$03,LDA34 | D9F7:BEQ LD9FC | DA03:BHI LDA0C | DA0A:BLS LDA12",,mode_flag_or_safety_gate,medium,bit-level state mutation
DA26,LDA22,,BSET,"L00A4,#$10",bit_mutation,L00A4,$00A4,L00A4,internal_ram,bit,#$10,,,direct,bit_set_mask,"D9F7:BEQ LD9FC | DA03:BHI LDA0C | DA0A:BLS LDA12 | DA18:BCS LDA22 | DA20:BLS LDA67 | DA22:BRCLR L00A4,#$02,LDA2F",,mode_flag_or_safety_gate,medium,bit-level state mutation
DA2C,LDA22,,STAA,L015E,store,L015E,$015E,L015E,internal_ram,8,,,,direct,A,"D9F7:BEQ LD9FC | DA03:BHI LDA0C | DA0A:BLS LDA12 | DA18:BCS LDA22 | DA20:BLS LDA67 | DA22:BRCLR L00A4,#$02,LDA2F",,ram_state_or_intermediate,medium,requires downstream read/use analysis
DA2F,LDA2F,,BCLR,"L00A4,#$03",bit_mutation,L00A4,$00A4,L00A4,internal_ram,bit,#$03,,,direct,bit_clear_mask,"D9F7:BEQ LD9FC | DA03:BHI LDA0C | DA0A:BLS LDA12 | DA18:BCS LDA22 | DA20:BLS LDA67 | DA22:BRCLR L00A4,#$02,LDA2F",,mode_flag_or_safety_gate,medium,bit-level state mutation
DA4B,LDA34,,BSET,"L00A4,#$04",bit_mutation,L00A4,$00A4,L00A4,internal_ram,bit,#$04,,,direct,bit_set_mask,"DA20:BLS LDA67 | DA22:BRCLR L00A4,#$02,LDA2F | DA32:BRA LDA67 | DA39:BCC LDA50 | DA42:BLS LDA50 | DA49:BLS LDA50",,mode_flag_or_safety_gate,medium,bit-level state mutation
DA6B,LDA6B,,BCLR,"L00A4,#$04",bit_mutation,L00A4,$00A4,L00A4,internal_ram,bit,#$04,,,direct,bit_clear_mask,"DA49:BLS LDA50 | DA4E:BRA LDA67 | DA55:BHI LDA6B | DA5E:BCS LDA6B | DA65:BCS LDA6B | DA67:BRCLR L00A2,#$50,LDA6E",,mode_flag_or_safety_gate,medium,bit-level state mutation
DAB7,LDAA8,,STAA,L015A,store,L015A,$015A,L015A,internal_ram,8,,,,direct,A,DA88:BRA LDADE | DA94:BLS LDA9E | DA9A:BCC LDA9E | DA9E:JSR LF4DE | DAA1:BRA LDADE | DAA6:BRA LDADE,,ram_state_or_intermediate,medium,requires downstream read/use analysis
DABA,LDAA8,,DEC,L015E,read_modify_write,L015E,$015E,L015E,internal_ram,8,,,,direct,target_minus_1,DA88:BRA LDADE | DA94:BLS LDA9E | DA9A:BCC LDA9E | DA9E:JSR LF4DE | DAA1:BRA LDADE | DAA6:BRA LDADE,,ram_state_or_intermediate,medium,requires downstream read/use analysis
DACC,LDAA8,,STAA,L015A,store,L015A,$015A,L015A,internal_ram,8,,,,direct,A,"DA9A:BCC LDA9E | DA9E:JSR LF4DE | DAA1:BRA LDADE | DAA6:BRA LDADE | DABD:BRCLR L00A4,#$04,LDAD1 | DAC7:BHI LDAD1",,ram_state_or_intermediate,medium,requires downstream read/use analysis
DAD6,LDAD6,,BCLR,"L00A4,#$10",bit_mutation,L00A4,$00A4,L00A4,internal_ram,bit,#$10,,,direct,bit_clear_mask,"DAA1:BRA LDADE | DAA6:BRA LDADE | DABD:BRCLR L00A4,#$04,LDAD1 | DAC7:BHI LDAD1 | DACF:BRA LDAD6 | DAD4:BNE LDAE1",,mode_flag_or_safety_gate,medium,bit-level state mutation
DADE,LDADE,,STAA,L015A,store,L015A,$015A,L015A,internal_ram,8,,,,direct,A,"DAA6:BRA LDADE | DABD:BRCLR L00A4,#$04,LDAD1 | DAC7:BHI LDAD1 | DACF:BRA LDAD6 | DAD4:BNE LDAE1 | DAD9:BRA LDAE1",,ram_state_or_intermediate,medium,requires downstream read/use analysis
DAF4,LDAF0,,BCLR,"L00A4,#$80",bit_mutation,L00A4,$00A4,L00A4,internal_ram,bit,#$80,,,direct,bit_clear_mask,"DAD9:BRA LDAE1 | DAE2:BRCLR L00A4,#$17,LDAE9 | DAE6:JMP LDBE2 | DAEA:BRCLR L00A2,#$70,LDAF0 | DAEE:BRA LDB65 | DAF0:BRSET L0099,#$10,LDB65",,mode_flag_or_safety_gate,medium,bit-level state mutation
DAFB,LDAF0,,BSET,"L00A4,#$08",bit_mutation,L00A4,$00A4,L00A4,internal_ram,bit,#$08,,,direct,bit_set_mask,"DAE2:BRCLR L00A4,#$17,LDAE9 | DAE6:JMP LDBE2 | DAEA:BRCLR L00A2,#$70,LDAF0 | DAEE:BRA LDB65 | DAF0:BRSET L0099,#$10,LDB65 | DAF7:BRCLR L0083,#$01,LDB04",,mode_flag_or_safety_gate,medium,bit-level state mutation
DAFE,LDAF0,,CLR,L015B,clear,L015B,$015B,L015B,internal_ram,8,,,,direct,zero,"DAE2:BRCLR L00A4,#$17,LDAE9 | DAE6:JMP LDBE2 | DAEA:BRCLR L00A2,#$70,LDAF0 | DAEE:BRA LDB65 | DAF0:BRSET L0099,#$10,LDB65 | DAF7:BRCLR L0083,#$01,LDB04",,ram_state_or_intermediate,medium,requires downstream read/use analysis
DB01,LDAF0,,CLR,L015C,clear,L015C,$015C,L015C,internal_ram,8,,,,direct,zero,"DAE2:BRCLR L00A4,#$17,LDAE9 | DAE6:JMP LDBE2 | DAEA:BRCLR L00A2,#$70,LDAF0 | DAEE:BRA LDB65 | DAF0:BRSET L0099,#$10,LDB65 | DAF7:BRCLR L0083,#$01,LDB04",,ram_state_or_intermediate,medium,requires downstream read/use analysis
DB2E,LDB26,,STAA,L015B,store,L015B,$015B,L015B,internal_ram,8,,,,direct,A,"DB04:BRCLR L00A4,#$08,LDB65 | DB08:BRSET L0083,#$08,LDB65 | DB1C:BLS LDB26 | DB22:BCC LDB26 | DB26:JSR LF4DE | DB2C:BCS LDB31",,ram_state_or_intermediate,medium,requires downstream read/use analysis
DB4C,LDB3B,,BSET,"L00A4,#$80",bit_mutation,L00A4,$00A4,L00A4,internal_ram,bit,#$80,,,direct,bit_set_mask,DB22:BCC LDB26 | DB26:JSR LF4DE | DB2C:BCS LDB31 | DB35:BEQ LDB3B | DB39:BNE LDB84 | DB4A:BLS LDB69,,mode_flag_or_safety_gate,medium,bit-level state mutation
DB8A,LDB84,,STAA,L015C,store,L015C,$015C,L015C,internal_ram,8,,,,direct,A,DB62:JMP LDBDF | DB65:BRA LDBDB | DB67:BRA LDBC2 | DB6E:BLS LDBDB | DB82:BRA LDBC2 | DB88:BEQ LDBDB,,ram_state_or_intermediate,medium,requires downstream read/use analysis
DB92,LDB84,,BSET,"L00A4,#$80",bit_mutation,L00A4,$00A4,L00A4,internal_ram,bit,#$80,,,direct,bit_set_mask,DB65:BRA LDBDB | DB67:BRA LDBC2 | DB6E:BLS LDBDB | DB82:BRA LDBC2 | DB88:BEQ LDBDB | DB90:BCC LDBAA,,mode_flag_or_safety_gate,medium,bit-level state mutation
DBDB,LDBDB,,BCLR,"L00A4,#$08",bit_mutation,L00A4,$00A4,L00A4,internal_ram,bit,#$08,,,direct,bit_clear_mask,"DBBD:BCC LDBC2 | DBC0:BRA LDBDF | DBC6:BEQ LDBD2 | DBC9:BRSET L00A4,#$80,LDBDF | DBD0:BRA LDBDF | DBD9:BRA LDBDF",,mode_flag_or_safety_gate,medium,bit-level state mutation
DBDF,LDBDF,,STAA,L015A,store,L015A,$015A,L015A,internal_ram,8,,,,direct,A,"DBBD:BCC LDBC2 | DBC0:BRA LDBDF | DBC6:BEQ LDBD2 | DBC9:BRSET L00A4,#$80,LDBDF | DBD0:BRA LDBDF | DBD9:BRA LDBDF",,ram_state_or_intermediate,medium,requires downstream read/use analysis
DC0D,LDBE2,,STAA,L0230,store,L0230,$0230,L0230,internal_ram,8,,,,direct,A,"DBC6:BEQ LDBD2 | DBC9:BRSET L00A4,#$80,LDBDF | DBD0:BRA LDBDF | DBD9:BRA LDBDF | DC01:JSR LF275 | DC06:JSR LF25F",,ram_state_or_intermediate,medium,requires downstream read/use analysis
DC24,LDBE2,,BCLR,"L0017,#$40",bit_mutation,L0017,$0017,L0017,internal_ram,bit,#$40,,,direct,bit_clear_mask,"DBD0:BRA LDBDF | DBD9:BRA LDBDF | DC01:JSR LF275 | DC06:JSR LF25F | DC15:BLS LDC72 | DC20:BRCLR 0,X,#$40,LDC3E",,mode_flag_or_safety_gate,medium,bit-level state mutation
DC39,LDBE2,,INC,L021D,read_modify_write,L021D,$021D,L021D,internal_ram,8,,,,direct,target_plus_1,"DC06:JSR LF25F | DC15:BLS LDC72 | DC20:BRCLR 0,X,#$40,LDC3E | DC2A:BCC LDC3E | DC32:BHI LDC43 | DC37:BHI LDC3E",,ram_state_or_intermediate,medium,requires downstream read/use analysis
DC3E,LDC3E,,CLR,L021D,clear,L021D,$021D,L021D,internal_ram,8,,,,direct,zero,"DC15:BLS LDC72 | DC20:BRCLR 0,X,#$40,LDC3E | DC2A:BCC LDC3E | DC32:BHI LDC43 | DC37:BHI LDC3E | DC3C:BRA LDC46",,ram_state_or_intermediate,medium,requires downstream read/use analysis
DC43,LDC43,,BSET,"L0017,#$40",bit_mutation,L0017,$0017,L0017,internal_ram,bit,#$40,,,direct,bit_set_mask,"DC20:BRCLR 0,X,#$40,LDC3E | DC2A:BCC LDC3E | DC32:BHI LDC43 | DC37:BHI LDC3E | DC3C:BRA LDC46 | DC41:BRA LDC46",,mode_flag_or_safety_gate,medium,bit-level state mutation
DC4D,LDC46,,BCLR,"L0017,#$10",bit_mutation,L0017,$0017,L0017,internal_ram,bit,#$10,,,direct,bit_clear_mask,"DC2A:BCC LDC3E | DC32:BHI LDC43 | DC37:BHI LDC3E | DC3C:BRA LDC46 | DC41:BRA LDC46 | DC49:BRCLR 0,X,#$10,LDC6A",,mode_flag_or_safety_gate,medium,bit-level state mutation
DC65,LDC46,,INC,L021E,read_modify_write,L021E,$021E,L021E,internal_ram,8,,,,direct,target_plus_1,"DC3C:BRA LDC46 | DC41:BRA LDC46 | DC49:BRCLR 0,X,#$10,LDC6A | DC56:BCS LDC6A | DC5E:BHI LDC6F | DC63:BLS LDC6A",,ram_state_or_intermediate,medium,requires downstream read/use analysis
DC6A,LDC6A,,CLR,L021E,clear,L021E,$021E,L021E,internal_ram,8,,,,direct,zero,"DC41:BRA LDC46 | DC49:BRCLR 0,X,#$10,LDC6A | DC56:BCS LDC6A | DC5E:BHI LDC6F | DC63:BLS LDC6A | DC68:BRA LDC72",,ram_state_or_intermediate,medium,requires downstream read/use analysis
DC6F,LDC6F,,BSET,"L0017,#$10",bit_mutation,L0017,$0017,L0017,internal_ram,bit,#$10,,,direct,bit_set_mask,"DC49:BRCLR 0,X,#$10,LDC6A | DC56:BCS LDC6A | DC5E:BHI LDC6F | DC63:BLS LDC6A | DC68:BRA LDC72 | DC6D:BRA LDC72",,mode_flag_or_safety_gate,medium,bit-level state mutation
DC7B,LDC72,,STAA,L0855,store,L0855,$0855,L0855,absolute_memory_or_table,8,,,,direct,A,DC56:BCS LDC6A | DC5E:BHI LDC6F | DC63:BLS LDC6A | DC68:BRA LDC72 | DC6D:BRA LDC72 | DC78:JSR LF4C1,,ram_state_or_intermediate,medium,requires downstream read/use analysis
DC85,LDC85,,STAA,L022F,store,L022F,$022F,L022F,internal_ram,8,,,,direct,A,"DC5E:BHI LDC6F | DC63:BLS LDC6A | DC68:BRA LDC72 | DC6D:BRA LDC72 | DC78:JSR LF4C1 | DC7E:BRCLR L0017,#$50,LDC85",,ram_state_or_intermediate,medium,requires downstream read/use analysis
DC89,LDC89,,BSET,"L006F,#$80",bit_mutation,L006F,$006F,L006F,internal_ram,bit,#$80,,,direct,bit_set_mask,"DC5E:BHI LDC6F | DC63:BLS LDC6A | DC68:BRA LDC72 | DC6D:BRA LDC72 | DC78:JSR LF4C1 | DC7E:BRCLR L0017,#$50,LDC85",,mode_flag_or_safety_gate,medium,bit-level state mutation
DC90,LDC89,,BCLR,"L006F,#$80",bit_mutation,L006F,$006F,L006F,internal_ram,bit,#$80,,,direct,bit_clear_mask,"DC63:BLS LDC6A | DC68:BRA LDC72 | DC6D:BRA LDC72 | DC78:JSR LF4C1 | DC7E:BRCLR L0017,#$50,LDC85 | DC8C:BRCLR L0002,#$F0,LDC93",,mode_flag_or_safety_gate,medium,bit-level state mutation
DC97,LDC93,,BCLR,"L0071,#$80",bit_mutation,L0071,$0071,L0071,internal_ram,bit,#$80,,,direct,bit_clear_mask,"DC68:BRA LDC72 | DC6D:BRA LDC72 | DC78:JSR LF4C1 | DC7E:BRCLR L0017,#$50,LDC85 | DC8C:BRCLR L0002,#$F0,LDC93 | DC93:BRSET L0050,#$10,LDCA0",,mode_flag_or_safety_gate,medium,bit-level state mutation
DC9A,LDC93,,BCLR,"L0043,#$1C",bit_mutation,L0043,$0043,L0043,internal_ram,bit,#$1C,,,direct,bit_clear_mask,"DC68:BRA LDC72 | DC6D:BRA LDC72 | DC78:JSR LF4C1 | DC7E:BRCLR L0017,#$50,LDC85 | DC8C:BRCLR L0002,#$F0,LDC93 | DC93:BRSET L0050,#$10,LDCA0",,mode_flag_or_safety_gate,medium,bit-level state mutation
DCA0,LDCA0,,BSET,"L0071,#$80",bit_mutation,L0071,$0071,L0071,internal_ram,bit,#$80,,,direct,bit_set_mask,"DC6D:BRA LDC72 | DC78:JSR LF4C1 | DC7E:BRCLR L0017,#$50,LDC85 | DC8C:BRCLR L0002,#$F0,LDC93 | DC93:BRSET L0050,#$10,LDCA0 | DC9D:JMP LDCF5",,mode_flag_or_safety_gate,medium,bit-level state mutation
DCA3,LDCA0,,CLR,L022B,clear,L022B,$022B,L022B,internal_ram,8,,,,direct,zero,"DC6D:BRA LDC72 | DC78:JSR LF4C1 | DC7E:BRCLR L0017,#$50,LDC85 | DC8C:BRCLR L0002,#$F0,LDC93 | DC93:BRSET L0050,#$10,LDCA0 | DC9D:JMP LDCF5",,ram_state_or_intermediate,medium,requires downstream read/use analysis
DCAA,LDCA0,,BCLR,"L0043,#$1C",bit_mutation,L0043,$0043,L0043,internal_ram,bit,#$1C,,,direct,bit_clear_mask,"DC78:JSR LF4C1 | DC7E:BRCLR L0017,#$50,LDC85 | DC8C:BRCLR L0002,#$F0,LDC93 | DC93:BRSET L0050,#$10,LDCA0 | DC9D:JMP LDCF5 | DCA6:BRSET L004F,#$80,LDCB0",,mode_flag_or_safety_gate,medium,bit-level state mutation
DCBA,LDCB4,,STAA,L0043,store,L0043,$0043,L0043,internal_ram,8,,,,direct,A,"DC8C:BRCLR L0002,#$F0,LDC93 | DC93:BRSET L0050,#$10,LDCA0 | DC9D:JMP LDCF5 | DCA6:BRSET L004F,#$80,LDCB0 | DCAD:JMP LDD06 | DCB0:BRSET L003E,#$80,LDCC2",,ram_state_or_intermediate,medium,requires downstream read/use analysis
DCCA,LDCC2,,BSET,"L0043,#$08",bit_mutation,L0043,$0043,L0043,internal_ram,bit,#$08,,,direct,bit_set_mask,"DCAD:JMP LDD06 | DCB0:BRSET L003E,#$80,LDCC2 | DCBE:BNE LDCEA | DCC0:BRA LDCDE | DCC2:BRSET L0043,#$08,LDCD3 | DCC6:BRCLR L006F,#$80,LDCB4",,mode_flag_or_safety_gate,medium,bit-level state mutation
DCDB,LDCD3,,BCLR,"L0043,#$10",bit_mutation,L0043,$0043,L0043,internal_ram,bit,#$10,,,direct,bit_clear_mask,"DCC2:BRSET L0043,#$08,LDCD3 | DCC6:BRCLR L006F,#$80,LDCB4 | DCCD:BRSET L003E,#$40,LDCE2 | DCD1:BRA LDCE7 | DCD3:BRCLR L006F,#$80,LDCEA | DCD7:BRCLR L0043,#$10,LDCCD",,mode_flag_or_safety_gate,medium,bit-level state mutation
DCE2,LDCE2,,BSET,"L0072,#$80",bit_mutation,L0072,$0072,L0072,internal_ram,bit,#$80,,,direct,bit_set_mask,"DCC6:BRCLR L006F,#$80,LDCB4 | DCCD:BRSET L003E,#$40,LDCE2 | DCD1:BRA LDCE7 | DCD3:BRCLR L006F,#$80,LDCEA | DCD7:BRCLR L0043,#$10,LDCCD | DCDE:BRSET L0072,#$80,LDCE7",,mode_flag_or_safety_gate,medium,bit-level state mutation
DCE7,LDCE7,,BCLR,"L0072,#$80",bit_mutation,L0072,$0072,L0072,internal_ram,bit,#$80,,,direct,bit_clear_mask,"DCCD:BRSET L003E,#$40,LDCE2 | DCD1:BRA LDCE7 | DCD3:BRCLR L006F,#$80,LDCEA | DCD7:BRCLR L0043,#$10,LDCCD | DCDE:BRSET L0072,#$80,LDCE7 | DCE5:BRA LDCEA",,mode_flag_or_safety_gate,medium,bit-level state mutation
DCEB,LDCEA,,STAA,L003C,store,L003C,$003C,L003C,internal_ram,8,,,,direct,A,"DCCD:BRSET L003E,#$40,LDCE2 | DCD1:BRA LDCE7 | DCD3:BRCLR L006F,#$80,LDCEA | DCD7:BRCLR L0043,#$10,LDCCD | DCDE:BRSET L0072,#$80,LDCE7 | DCE5:BRA LDCEA",,ram_state_or_intermediate,medium,requires downstream read/use analysis
DCED,LDCEA,,STAA,L0216,store,L0216,$0216,L0216,internal_ram,8,,,,direct,A,"DCCD:BRSET L003E,#$40,LDCE2 | DCD1:BRA LDCE7 | DCD3:BRCLR L006F,#$80,LDCEA | DCD7:BRCLR L0043,#$10,LDCCD | DCDE:BRSET L0072,#$80,LDCE7 | DCE5:BRA LDCEA",,ram_state_or_intermediate,medium,requires downstream read/use analysis
DCF0,LDCEA,,BSET,"L0043,#$04",bit_mutation,L0043,$0043,L0043,internal_ram,bit,#$04,,,direct,bit_set_mask,"DCCD:BRSET L003E,#$40,LDCE2 | DCD1:BRA LDCE7 | DCD3:BRCLR L006F,#$80,LDCEA | DCD7:BRCLR L0043,#$10,LDCCD | DCDE:BRSET L0072,#$80,LDCE7 | DCE5:BRA LDCEA",,mode_flag_or_safety_gate,medium,bit-level state mutation
DCF6,LDCF5,,STAA,L003C,store,L003C,$003C,L003C,internal_ram,8,,,,direct,A,"DCD1:BRA LDCE7 | DCD3:BRCLR L006F,#$80,LDCEA | DCD7:BRCLR L0043,#$10,LDCCD | DCDE:BRSET L0072,#$80,LDCE7 | DCE5:BRA LDCEA | DCF3:BRA LDD14",,ram_state_or_intermediate,medium,requires downstream read/use analysis
DCF8,LDCF5,,STAA,L0216,store,L0216,$0216,L0216,internal_ram,8,,,,direct,A,"DCD1:BRA LDCE7 | DCD3:BRCLR L006F,#$80,LDCEA | DCD7:BRCLR L0043,#$10,LDCCD | DCDE:BRSET L0072,#$80,LDCE7 | DCE5:BRA LDCEA | DCF3:BRA LDD14",,ram_state_or_intermediate,medium,requires downstream read/use analysis
DD08,LDD06,,STAA,L0228,store,L0228,$0228,L0228,internal_ram,8,,,,direct,A,"DCDE:BRSET L0072,#$80,LDCE7 | DCE5:BRA LDCEA | DCF3:BRA LDD14 | DCFB:BRCLR L001A,#$20,LDD02 | DCFF:JMP LE1E8 | DD02:BRSET L004F,#$80,LDD14",,ram_state_or_intermediate,medium,requires downstream read/use analysis
DD0B,LDD06,,STAA,L0219,store,L0219,$0219,L0219,internal_ram,8,,,,direct,A,"DCDE:BRSET L0072,#$80,LDCE7 | DCE5:BRA LDCEA | DCF3:BRA LDD14 | DCFB:BRCLR L001A,#$20,LDD02 | DCFF:JMP LE1E8 | DD02:BRSET L004F,#$80,LDD14",,ram_state_or_intermediate,medium,requires downstream read/use analysis
DD0E,LDD06,,STD,L021A,store,L021A,$021A,L021A,internal_ram,16,,,,direct,D,"DCDE:BRSET L0072,#$80,LDCE7 | DCE5:BRA LDCEA | DCF3:BRA LDD14 | DCFB:BRCLR L001A,#$20,LDD02 | DCFF:JMP LE1E8 | DD02:BRSET L004F,#$80,LDD14",,ram_state_or_intermediate,medium,requires downstream read/use analysis
DD1E,LDD14,,BSET,"L0043,#$02",bit_mutation,L0043,$0043,L0043,internal_ram,bit,#$02,,,direct,bit_set_mask,"DCFB:BRCLR L001A,#$20,LDD02 | DCFF:JMP LE1E8 | DD02:BRSET L004F,#$80,LDD14 | DD11:JMP LE11A | DD14:BRSET L0043,#$02,LDD40 | DD1C:BCS LDD40",,mode_flag_or_safety_gate,medium,bit-level state mutation
DD21,LDD14,,INC,L0014,read_modify_write,L0014,$0014,L0014,internal_ram,8,,,,direct,target_plus_1,"DCFB:BRCLR L001A,#$20,LDD02 | DCFF:JMP LE1E8 | DD02:BRSET L004F,#$80,LDD14 | DD11:JMP LE11A | DD14:BRSET L0043,#$02,LDD40 | DD1C:BCS LDD40",,ram_state_or_intermediate,medium,requires downstream read/use analysis
DD24,LDD14,,DEC,L0015,read_modify_write,L0015,$0015,L0015,internal_ram,8,,,,direct,target_minus_1,"DCFB:BRCLR L001A,#$20,LDD02 | DCFF:JMP LE1E8 | DD02:BRSET L004F,#$80,LDD14 | DD11:JMP LE11A | DD14:BRSET L0043,#$02,LDD40 | DD1C:BCS LDD40",,ram_state_or_intermediate,medium,requires downstream read/use analysis
DD32,LDD32,,STAA,"$000A,X",store,"$000A,X",$0013,L0013,internal_ram,8,,$0009,$DBEB,resolved_indexed,A,"DCFF:JMP LE1E8 | DD02:BRSET L004F,#$80,LDD14 | DD11:JMP LE11A | DD14:BRSET L0043,#$02,LDD40 | DD1C:BCS LDD40 | DD2C:BLS LDD40",,ram_state_or_intermediate,medium,requires downstream read/use analysis
DD37,LDD32,,STAA,L0014,store,L0014,$0014,L0014,internal_ram,8,,,,direct,A,"DD02:BRSET L004F,#$80,LDD14 | DD11:JMP LE11A | DD14:BRSET L0043,#$02,LDD40 | DD1C:BCS LDD40 | DD2C:BLS LDD40 | DD35:BNE LDD32",,ram_state_or_intermediate,medium,requires downstream read/use analysis
DD39,LDD32,,STAA,L003C,store,L003C,$003C,L003C,internal_ram,8,,,,direct,A,"DD02:BRSET L004F,#$80,LDD14 | DD11:JMP LE11A | DD14:BRSET L0043,#$02,LDD40 | DD1C:BCS LDD40 | DD2C:BLS LDD40 | DD35:BNE LDD32",,ram_state_or_intermediate,medium,requires downstream read/use analysis
DD3E,LDD32,,STAA,L0015,store,L0015,$0015,L0015,internal_ram,8,,,,direct,A,"DD11:JMP LE11A | DD14:BRSET L0043,#$02,LDD40 | DD1C:BCS LDD40 | DD2C:BLS LDD40 | DD35:BNE LDD32 | DD3B:JSR LF326",,ram_state_or_intermediate,medium,requires downstream read/use analysis
DD40,LDD40,,BCLR,"L0016,#$80",bit_mutation,L0016,$0016,L0016,internal_ram,bit,#$80,,,direct,bit_clear_mask,"DD11:JMP LE11A | DD14:BRSET L0043,#$02,LDD40 | DD1C:BCS LDD40 | DD2C:BLS LDD40 | DD35:BNE LDD32 | DD3B:JSR LF326",,mode_flag_or_safety_gate,medium,bit-level state mutation
DD55,LDD40,,BSET,"L0071,#$40",bit_mutation,L0071,$0071,L0071,internal_ram,bit,#$40,,,direct,bit_set_mask,"DD2C:BLS LDD40 | DD35:BNE LDD32 | DD3B:JSR LF326 | DD47:BNE LDDB2 | DD49:BRSET L0071,#$40,LDD58 | DD53:BCS LDDB2",,mode_flag_or_safety_gate,medium,bit-level state mutation
DD64,LDD58,,INC,L015F,read_modify_write,L015F,$015F,L015F,internal_ram,8,,,,direct,target_plus_1,"DD3B:JSR LF326 | DD47:BNE LDDB2 | DD49:BRSET L0071,#$40,LDD58 | DD53:BCS LDDB2 | DD5B:BRCLR L0046,#$08,LDD69 | DD62:BCC LDDB2",,ram_state_or_intermediate,medium,requires downstream read/use analysis
DD6D,LDD6D,,STAA,L015F,store,L015F,$015F,L015F,internal_ram,8,,,,direct,A,"DD49:BRSET L0071,#$40,LDD58 | DD53:BCS LDDB2 | DD5B:BRCLR L0046,#$08,LDD69 | DD62:BCC LDDB2 | DD67:BRA LDDB2 | DD6A:BEQ LDD6D",,ram_state_or_intermediate,medium,requires downstream read/use analysis
DDA8,LDD6D,,DEC,L021C,read_modify_write,L021C,$021C,L021C,internal_ram,8,,,,direct,target_minus_1,"DD88:BHI LDDB7 | DD8E:BNE LDDBA | DD90:BRSET L00FE,#$01,LDDBA | DD99:BLS LDDBA | DDA1:BHI LDDAD | DDA6:BEQ LDDBA",,ram_state_or_intermediate,medium,requires downstream read/use analysis
DDAD,LDDAD,,INC,L021C,read_modify_write,L021C,$021C,L021C,internal_ram,8,,,,direct,target_plus_1,"DD8E:BNE LDDBA | DD90:BRSET L00FE,#$01,LDDBA | DD99:BLS LDDBA | DDA1:BHI LDDAD | DDA6:BEQ LDDBA | DDAB:BRA LDDBA",,ram_state_or_intermediate,medium,requires downstream read/use analysis
DDB2,LDDB2,,CLR,L021C,clear,L021C,$021C,L021C,internal_ram,8,,,,direct,zero,"DD90:BRSET L00FE,#$01,LDDBA | DD99:BLS LDDBA | DDA1:BHI LDDAD | DDA6:BEQ LDDBA | DDAB:BRA LDDBA | DDB0:BRA LDDBA",,ram_state_or_intermediate,medium,requires downstream read/use analysis
DDB7,LDDB7,,BSET,"L0016,#$80",bit_mutation,L0016,$0016,L0016,internal_ram,bit,#$80,,,direct,bit_set_mask,DD99:BLS LDDBA | DDA1:BHI LDDAD | DDA6:BEQ LDDBA | DDAB:BRA LDDBA | DDB0:BRA LDDBA | DDB5:BRA LDDBA,,mode_flag_or_safety_gate,medium,bit-level state mutation
DDBA,LDDBA,,BCLR,"L0016,#$10",bit_mutation,L0016,$0016,L0016,internal_ram,bit,#$10,,,direct,bit_clear_mask,DD99:BLS LDDBA | DDA1:BHI LDDAD | DDA6:BEQ LDDBA | DDAB:BRA LDDBA | DDB0:BRA LDDBA | DDB5:BRA LDDBA,,mode_flag_or_safety_gate,medium,bit-level state mutation
DDEE,LDDEE,,CLR,L0817,clear,L0817,$0817,L0817,absolute_memory_or_table,8,,,,direct,zero,DDC9:BHI LDDEE | DDD1:BHI LDE04 | DDD9:BCC LDDEE | DDE0:BLS LDDEE | DDE7:BLS LDDEE | DDEC:BLS LDDF3,,ram_state_or_intermediate,medium,requires downstream read/use analysis
DDFF,LDDF3,,INC,L0817,read_modify_write,L0817,$0817,L0817,absolute_memory_or_table,8,,,,direct,target_plus_1,DDE0:BLS LDDEE | DDE7:BLS LDDEE | DDEC:BLS LDDF3 | DDF1:BRA LDE07 | DDF9:BCC LDDEE | DDFD:BPL LDE07,,ram_state_or_intermediate,medium,requires downstream read/use analysis
DE04,LDE04,,BSET,"L0016,#$10",bit_mutation,L0016,$0016,L0016,internal_ram,bit,#$10,,,direct,bit_set_mask,DDE7:BLS LDDEE | DDEC:BLS LDDF3 | DDF1:BRA LDE07 | DDF9:BCC LDDEE | DDFD:BPL LDE07 | DE02:BRA LDE07,,mode_flag_or_safety_gate,medium,bit-level state mutation
DE1A,LDE07,,BCLR,"L0017,#$20",bit_mutation,L0017,$0017,L0017,internal_ram,bit,#$20,,,direct,bit_clear_mask,DDF9:BCC LDDEE | DDFD:BPL LDE07 | DE02:BRA LDE07 | DE0C:BEQ LDE3A | DE13:BEQ LDE3A | DE18:BEQ LDE22,,mode_flag_or_safety_gate,medium,bit-level state mutation
DE1D,LDE07,,CLR,L081C,clear,L081C,$081C,L081C,absolute_memory_or_table,8,,,,direct,zero,DDF9:BCC LDDEE | DDFD:BPL LDE07 | DE02:BRA LDE07 | DE0C:BEQ LDE3A | DE13:BEQ LDE3A | DE18:BEQ LDE22,,ram_state_or_intermediate,medium,requires downstream read/use analysis
DE2A,LDE22,,BSET,"L0017,#$20",bit_mutation,L0017,$0017,L0017,internal_ram,bit,#$20,,,direct,bit_set_mask,DE02:BRA LDE07 | DE0C:BEQ LDE3A | DE13:BEQ LDE3A | DE18:BEQ LDE22 | DE20:BRA LDE3A | DE28:BLS LDE2F,,mode_flag_or_safety_gate,medium,bit-level state mutation
DE37,LDE2F,,INC,L081C,read_modify_write,L081C,$081C,L081C,absolute_memory_or_table,8,,,,direct,target_plus_1,DE13:BEQ LDE3A | DE18:BEQ LDE22 | DE20:BRA LDE3A | DE28:BLS LDE2F | DE2D:BRA LDE3A | DE35:BLS LDE3A,,ram_state_or_intermediate,medium,requires downstream read/use analysis
DE3A,LDE3A,,BCLR,"L0018,#$80",bit_mutation,L0018,$0018,L0018,internal_ram,bit,#$80,,,direct,bit_clear_mask,DE13:BEQ LDE3A | DE18:BEQ LDE22 | DE20:BRA LDE3A | DE28:BLS LDE2F | DE2D:BRA LDE3A | DE35:BLS LDE3A,,mode_flag_or_safety_gate,medium,bit-level state mutation
DE50,LDE50,,BSET,"L0018,#$80",bit_mutation,L0018,$0018,L0018,internal_ram,bit,#$80,,,direct,bit_set_mask,"DE28:BLS LDE2F | DE2D:BRA LDE3A | DE35:BLS LDE3A | DE40:BRCLR 0,X,#$01,LDE56 | DE44:BRSET L006F,#$10,LDE50 | DE4E:BCS LDE56",,mode_flag_or_safety_gate,medium,bit-level state mutation
DE53,LDE50,,BSET,"L006F,#$10",bit_mutation,L006F,$006F,L006F,internal_ram,bit,#$10,,,direct,bit_set_mask,"DE28:BLS LDE2F | DE2D:BRA LDE3A | DE35:BLS LDE3A | DE40:BRCLR 0,X,#$01,LDE56 | DE44:BRSET L006F,#$10,LDE50 | DE4E:BCS LDE56",,mode_flag_or_safety_gate,medium,bit-level state mutation
DE5D,LDE56,,BCLR,"L0018,#$40",bit_mutation,L0018,$0018,L0018,internal_ram,bit,#$40,,,direct,bit_clear_mask,"DE2D:BRA LDE3A | DE35:BLS LDE3A | DE40:BRCLR 0,X,#$01,LDE56 | DE44:BRSET L006F,#$10,LDE50 | DE4E:BCS LDE56 | DE59:BRCLR 0,X,#$40,LDE64",,mode_flag_or_safety_gate,medium,bit-level state mutation
DE8C,LDE8B,,STAA,L021F,store,L021F,$021F,L021F,internal_ram,8,,,,direct,A,"DE75:BRSET L003E,#$80,LDE7C | DE79:JMP LDF3D | DE7C:BRSET L0046,#$08,LDE79 | DE83:BEQ LDE92 | DE85:BRSET L006F,#$80,LDE8B | DE89:BRA LDE8F",,ram_state_or_intermediate,medium,requires downstream read/use analysis
DECB,LDEBA,,BCLR,"L006E,#$01",bit_mutation,L006E,$006E,L006E,internal_ram,bit,#$01,,,direct,bit_clear_mask,"DEAD:BLS LDECE | DEB2:BHI LDECE | DEB7:BCC LDEBA | DEBD:BHI LDECE | DEC5:BCS LDF43 | DEC7:BRCLR L006E,#$01,LDED0",,mode_flag_or_safety_gate,medium,bit-level state mutation
DEEC,LDEEC,,BSET,"L0070,#$04",bit_mutation,L0070,$0070,L0070,internal_ram,bit,#$04,,,direct,bit_set_mask,"DECE:BRA LDF43 | DED3:BRSET L0070,#$04,LDEFB | DED9:BCC LDEDC | DEDF:BHI LDF43 | DEE7:BHI LDEEC | DEEA:BRA LDEF6",,mode_flag_or_safety_gate,medium,bit-level state mutation
DEF2,LDEEC,,STAA,L0222,store,L0222,$0222,L0222,internal_ram,8,,,,direct,A,"DECE:BRA LDF43 | DED3:BRSET L0070,#$04,LDEFB | DED9:BCC LDEDC | DEDF:BHI LDF43 | DEE7:BHI LDEEC | DEEA:BRA LDEF6",,ram_state_or_intermediate,medium,requires downstream read/use analysis
DEF6,LDEF6,,STAA,L0220,store,L0220,$0220,L0220,internal_ram,8,,,,direct,A,"DECE:BRA LDF43 | DED3:BRSET L0070,#$04,LDEFB | DED9:BCC LDEDC | DEDF:BHI LDF43 | DEE7:BHI LDEEC | DEEA:BRA LDEF6",,ram_state_or_intermediate,medium,requires downstream read/use analysis
DF0E,LDF05,,STAA,L0221,store,L0221,$0221,L0221,internal_ram,8,,,,direct,A,DEE7:BHI LDEEC | DEEA:BRA LDEF6 | DEF9:BRA LDF4D | DEFE:BCS LDF05 | DF03:BCC LDF25 | DF0B:BCC LDF13,,ram_state_or_intermediate,medium,requires downstream read/use analysis
DF1C,LDF13,,BSET,"L0070,#$01",bit_mutation,L0070,$0070,L0070,internal_ram,bit,#$01,,,direct,bit_set_mask,DEF9:BRA LDF4D | DEFE:BCS LDF05 | DF03:BCC LDF25 | DF0B:BCC LDF13 | DF11:BRA LDF4D | DF1A:BCS LDF20,,mode_flag_or_safety_gate,medium,bit-level state mutation
DF20,LDF20,,STAA,L0223,store,L0223,$0223,L0223,internal_ram,8,,,,direct,A,DEF9:BRA LDF4D | DEFE:BCS LDF05 | DF03:BCC LDF25 | DF0B:BCC LDF13 | DF11:BRA LDF4D | DF1A:BCS LDF20,,ram_state_or_intermediate,medium,requires downstream read/use analysis
DF2D,LDF2B,,BCLR,"L0070,#$01",bit_mutation,L0070,$0070,L0070,internal_ram,bit,#$01,,,direct,bit_clear_mask,DF0B:BCC LDF13 | DF11:BRA LDF4D | DF1A:BCS LDF20 | DF23:BRA LDF3D | DF28:BEQ LDF2B | DF2B:BNE LDF20,,mode_flag_or_safety_gate,medium,bit-level state mutation
DF30,LDF2B,,STAA,L0223,store,L0223,$0223,L0223,internal_ram,8,,,,direct,A,DF0B:BCC LDF13 | DF11:BRA LDF4D | DF1A:BCS LDF20 | DF23:BRA LDF3D | DF28:BEQ LDF2B | DF2B:BNE LDF20,,ram_state_or_intermediate,medium,requires downstream read/use analysis
DF3A,LDF2B,,BSET,"L0070,#$08",bit_mutation,L0070,$0070,L0070,internal_ram,bit,#$08,,,direct,bit_set_mask,"DF11:BRA LDF4D | DF1A:BCS LDF20 | DF23:BRA LDF3D | DF28:BEQ LDF2B | DF2B:BNE LDF20 | DF36:BRCLR 0,X,#$80,LDF3D",,mode_flag_or_safety_gate,medium,bit-level state mutation
DF40,LDF3D,,STAA,L021F,store,L021F,$021F,L021F,internal_ram,8,,,,direct,A,"DF11:BRA LDF4D | DF1A:BCS LDF20 | DF23:BRA LDF3D | DF28:BEQ LDF2B | DF2B:BNE LDF20 | DF36:BRCLR 0,X,#$80,LDF3D",,ram_state_or_intermediate,medium,requires downstream read/use analysis
DF44,LDF43,,STAA,L0220,store,L0220,$0220,L0220,internal_ram,8,,,,direct,A,"DF11:BRA LDF4D | DF1A:BCS LDF20 | DF23:BRA LDF3D | DF28:BEQ LDF2B | DF2B:BNE LDF20 | DF36:BRCLR 0,X,#$80,LDF3D",,ram_state_or_intermediate,medium,requires downstream read/use analysis
DF47,LDF43,,STAA,L0221,store,L0221,$0221,L0221,internal_ram,8,,,,direct,A,"DF11:BRA LDF4D | DF1A:BCS LDF20 | DF23:BRA LDF3D | DF28:BEQ LDF2B | DF2B:BNE LDF20 | DF36:BRCLR 0,X,#$80,LDF3D",,ram_state_or_intermediate,medium,requires downstream read/use analysis
DF4A,LDF43,,BCLR,"L0070,#$04",bit_mutation,L0070,$0070,L0070,internal_ram,bit,#$04,,,direct,bit_clear_mask,"DF11:BRA LDF4D | DF1A:BCS LDF20 | DF23:BRA LDF3D | DF28:BEQ LDF2B | DF2B:BNE LDF20 | DF36:BRCLR 0,X,#$80,LDF3D",,mode_flag_or_safety_gate,medium,bit-level state mutation
DF51,LDF4D,,BSET,"L0018,#$40",bit_mutation,L0018,$0018,L0018,internal_ram,bit,#$40,,,direct,bit_set_mask,"DF1A:BCS LDF20 | DF23:BRA LDF3D | DF28:BEQ LDF2B | DF2B:BNE LDF20 | DF36:BRCLR 0,X,#$80,LDF3D | DF4D:BRCLR L0070,#$01,LDF54",,mode_flag_or_safety_gate,medium,bit-level state mutation
DF76,LDF54,,BSET,"L0072,#$20",bit_mutation,L0072,$0072,L0072,internal_ram,bit,#$20,,,direct,bit_set_mask,"DF4D:BRCLR L0070,#$01,LDF54 | DF57:BRCLR 0,X,#$02,LDFCA | DF5E:BRCLR 0,X,#$40,LDFCA | DF62:BRSET L0070,#$01,LDFBE | DF6C:BCC LDF81 | DF74:BCS LDF7B",,mode_flag_or_safety_gate,medium,bit-level state mutation
DF7C,LDF7B,,STAA,L0227,store,L0227,$0227,L0227,internal_ram,8,,,,direct,A,"DF57:BRCLR 0,X,#$02,LDFCA | DF5E:BRCLR 0,X,#$40,LDFCA | DF62:BRSET L0070,#$01,LDFBE | DF6C:BCC LDF81 | DF74:BCS LDF7B | DF79:BRA LDFBB",,ram_state_or_intermediate,medium,requires downstream read/use analysis
DF81,LDF81,,CLR,L0227,clear,L0227,$0227,L0227,internal_ram,8,,,,direct,zero,"DF5E:BRCLR 0,X,#$40,LDFCA | DF62:BRSET L0070,#$01,LDFBE | DF6C:BCC LDF81 | DF74:BCS LDF7B | DF79:BRA LDFBB | DF7F:BRA LDF84",,ram_state_or_intermediate,medium,requires downstream read/use analysis
DF91,LDF84,,STX,L0225,store,L0225,$0225,L0225,internal_ram,16,,,,direct,X,"DF6C:BCC LDF81 | DF74:BCS LDF7B | DF79:BRA LDFBB | DF7F:BRA LDF84 | DF84:BRCLR L0070,#$08,LDF99 | DF8E:BCC LDF96",,ram_state_or_intermediate,medium,requires downstream read/use analysis
DF96,LDF96,,BCLR,"L0072,#$20",bit_mutation,L0072,$0072,L0072,internal_ram,bit,#$20,,,direct,bit_clear_mask,"DF74:BCS LDF7B | DF79:BRA LDFBB | DF7F:BRA LDF84 | DF84:BRCLR L0070,#$08,LDF99 | DF8E:BCC LDF96 | DF94:BRA LDFCA",,mode_flag_or_safety_gate,medium,bit-level state mutation
DFB4,LDFB4,,BSET,"L0072,#$20",bit_mutation,L0072,$0072,L0072,internal_ram,bit,#$20,,,direct,bit_set_mask,DF8E:BCC LDF96 | DF94:BRA LDFCA | DF9F:BHI LDFC6 | DFA7:BLS LDFC6 | DFAF:BCC LDFB4 | DFB2:BRA LDFC7,,mode_flag_or_safety_gate,medium,bit-level state mutation
DFBB,LDFBB,,BSET,"L0070,#$01",bit_mutation,L0070,$0070,L0070,internal_ram,bit,#$01,,,direct,bit_set_mask,"DF94:BRA LDFCA | DF9F:BHI LDFC6 | DFA7:BLS LDFC6 | DFAF:BCC LDFB4 | DFB2:BRA LDFC7 | DFB7:BRCLR L0070,#$08,LDFC3",,mode_flag_or_safety_gate,medium,bit-level state mutation
DFBE,LDFBE,,BSET,"L0018,#$40",bit_mutation,L0018,$0018,L0018,internal_ram,bit,#$40,,,direct,bit_set_mask,"DF94:BRA LDFCA | DF9F:BHI LDFC6 | DFA7:BLS LDFC6 | DFAF:BCC LDFB4 | DFB2:BRA LDFC7 | DFB7:BRCLR L0070,#$08,LDFC3",,mode_flag_or_safety_gate,medium,bit-level state mutation
DFC3,LDFC3,,BSET,"L0070,#$08",bit_mutation,L0070,$0070,L0070,internal_ram,bit,#$08,,,direct,bit_set_mask,"DF9F:BHI LDFC6 | DFA7:BLS LDFC6 | DFAF:BCC LDFB4 | DFB2:BRA LDFC7 | DFB7:BRCLR L0070,#$08,LDFC3 | DFC1:BRA LDFCA",,mode_flag_or_safety_gate,medium,bit-level state mutation
DFC7,LDFC7,,STAB,L0224,store,L0224,$0224,L0224,internal_ram,8,,,,direct,B,"DF9F:BHI LDFC6 | DFA7:BLS LDFC6 | DFAF:BCC LDFB4 | DFB2:BRA LDFC7 | DFB7:BRCLR L0070,#$08,LDFC3 | DFC1:BRA LDFCA",,ram_state_or_intermediate,medium,requires downstream read/use analysis
DFCA,LDFCA,,BCLR,"L0018,#$20",bit_mutation,L0018,$0018,L0018,internal_ram,bit,#$20,,,direct,bit_clear_mask,"DF9F:BHI LDFC6 | DFA7:BLS LDFC6 | DFAF:BCC LDFB4 | DFB2:BRA LDFC7 | DFB7:BRCLR L0070,#$08,LDFC3 | DFC1:BRA LDFCA",,mode_flag_or_safety_gate,medium,bit-level state mutation
DFFC,LDFE0,,INC,L0228,read_modify_write,L0228,$0228,L0228,internal_ram,8,,,,direct,target_plus_1,DFD3:BNE LE001 | DFDB:BLS LDFE0 | DFE3:BCC LE001 | DFEB:BHI LE006 | DFF3:BCC LE001 | DFFA:BCS LE001,,ram_state_or_intermediate,medium,requires downstream read/use analysis
E001,LE001,,CLR,L0228,clear,L0228,$0228,L0228,internal_ram,8,,,,direct,zero,DFDB:BLS LDFE0 | DFE3:BCC LE001 | DFEB:BHI LE006 | DFF3:BCC LE001 | DFFA:BCS LE001 | DFFF:BRA LE00B,,ram_state_or_intermediate,medium,requires downstream read/use analysis
E006,LE006,,BSET,"L0018,#$20",bit_mutation,L0018,$0018,L0018,internal_ram,bit,#$20,,,direct,bit_set_mask,DFE3:BCC LE001 | DFEB:BHI LE006 | DFF3:BCC LE001 | DFFA:BCS LE001 | DFFF:BRA LE00B | E004:BRA LE00B,,mode_flag_or_safety_gate,medium,bit-level state mutation
E00B,LE00B,,STAB,L006F,store,L006F,$006F,L006F,internal_ram,8,,,,direct,B,DFE3:BCC LE001 | DFEB:BHI LE006 | DFF3:BCC LE001 | DFFA:BCS LE001 | DFFF:BRA LE00B | E004:BRA LE00B,,ram_state_or_intermediate,medium,requires downstream read/use analysis
E038,LE038,,BSET,"L0004,#$80",bit_mutation,L0004,$0004,L0004,internal_ram,bit,#$80,,,direct,bit_set_mask,"E015:BRSET L0002,#$10,LE041 | E019:BRCLR L004F,#$40,LE041 | E026:BLS LE03B | E02B:BNE LE03B | E033:BHI LE038 | E036:BRA LE03B",,mode_flag_or_safety_gate,medium,bit-level state mutation
E03B,LE03B,,STAB,L022C,store,L022C,$022C,L022C,internal_ram,8,,,,direct,B,"E015:BRSET L0002,#$10,LE041 | E019:BRCLR L004F,#$40,LE041 | E026:BLS LE03B | E02B:BNE LE03B | E033:BHI LE038 | E036:BRA LE03B",,ram_state_or_intermediate,medium,requires downstream read/use analysis
E03E,LE03B,,STX,L0205,store,L0205,$0205,L0205,internal_ram,16,,,,direct,X,"E015:BRSET L0002,#$10,LE041 | E019:BRCLR L004F,#$40,LE041 | E026:BLS LE03B | E02B:BNE LE03B | E033:BHI LE038 | E036:BRA LE03B",,ram_state_or_intermediate,medium,requires downstream read/use analysis
E041,LE041,,BCLR,"L0019,#$08",bit_mutation,L0019,$0019,L0019,internal_ram,bit,#$08,,,direct,bit_clear_mask,"E015:BRSET L0002,#$10,LE041 | E019:BRCLR L004F,#$40,LE041 | E026:BLS LE03B | E02B:BNE LE03B | E033:BHI LE038 | E036:BRA LE03B",,mode_flag_or_safety_gate,medium,bit-level state mutation
E063,LE05E,,BSET,"L0072,#$40",bit_mutation,L0072,$0072,L0072,internal_ram,bit,#$40,,,direct,bit_set_mask,"E04A:BLS LE079 | E04F:BRCLR L0072,#$40,LE05E | E056:BHI LE081 | E058:BRSET L00FE,#$01,LE084 | E05C:BRA LE070 | E061:BLS LE068",,mode_flag_or_safety_gate,medium,bit-level state mutation
E074,LE070,,INC,L0219,read_modify_write,L0219,$0219,L0219,internal_ram,8,,,,direct,target_plus_1,"E05C:BRA LE070 | E061:BLS LE068 | E066:BRA LE07C | E068:BRCLR L003E,#$80,LE079 | E06C:BRSET L0071,#$04,LE079 | E070:BRCLR L006F,#$80,LE084",,ram_state_or_intermediate,medium,requires downstream read/use analysis
E079,LE079,,BCLR,"L0072,#$40",bit_mutation,L0072,$0072,L0072,internal_ram,bit,#$40,,,direct,bit_clear_mask,"E061:BLS LE068 | E066:BRA LE07C | E068:BRCLR L003E,#$80,LE079 | E06C:BRSET L0071,#$04,LE079 | E070:BRCLR L006F,#$80,LE084 | E077:BRA LE084",,mode_flag_or_safety_gate,medium,bit-level state mutation
E07C,LE07C,,CLR,L0219,clear,L0219,$0219,L0219,internal_ram,8,,,,direct,zero,"E061:BLS LE068 | E066:BRA LE07C | E068:BRCLR L003E,#$80,LE079 | E06C:BRSET L0071,#$04,LE079 | E070:BRCLR L006F,#$80,LE084 | E077:BRA LE084",,ram_state_or_intermediate,medium,requires downstream read/use analysis
E081,LE081,,BSET,"L0019,#$08",bit_mutation,L0019,$0019,L0019,internal_ram,bit,#$08,,,direct,bit_set_mask,"E066:BRA LE07C | E068:BRCLR L003E,#$80,LE079 | E06C:BRSET L0071,#$04,LE079 | E070:BRCLR L006F,#$80,LE084 | E077:BRA LE084 | E07F:BRA LE084",,mode_flag_or_safety_gate,medium,bit-level state mutation
E08B,LE084,,BCLR,"L0019,#$04",bit_mutation,L0019,$0019,L0019,internal_ram,bit,#$04,,,direct,bit_clear_mask,"E068:BRCLR L003E,#$80,LE079 | E06C:BRSET L0071,#$04,LE079 | E070:BRCLR L006F,#$80,LE084 | E077:BRA LE084 | E07F:BRA LE084 | E087:BRSET 0,X,#$20,LE08E",,mode_flag_or_safety_gate,medium,bit-level state mutation
E0AC,LE0AC,,BSET,"L0044,#$20",bit_mutation,L0044,$0044,L0044,internal_ram,bit,#$20,,,direct,bit_set_mask,"E087:BRSET 0,X,#$20,LE08E | E094:BLS LE0D6 | E099:BRSET L0044,#$20,LE0AF | E0A3:BHI LE0AC | E0A8:BHI LE0DE | E0AA:BRA LE0B4",,mode_flag_or_safety_gate,medium,bit-level state mutation
E0D1,LE0C9,,STX,L021A,store,L021A,$021A,L021A,internal_ram,16,,,,direct,X,"E0B2:BHI LE0DE | E0B4:BRCLR L003E,#$80,LE0D6 | E0B8:BRSET L0071,#$04,LE0D6 | E0C2:BHI LE0C9 | E0C7:BCC LE0D6 | E0C9:BRCLR L006F,#$80,LE0E1",,ram_state_or_intermediate,medium,requires downstream read/use analysis
E0D9,LE0D6,,STX,L021A,store,L021A,$021A,L021A,internal_ram,16,,,,direct,X,"E0B4:BRCLR L003E,#$80,LE0D6 | E0B8:BRSET L0071,#$04,LE0D6 | E0C2:BHI LE0C9 | E0C7:BCC LE0D6 | E0C9:BRCLR L006F,#$80,LE0E1 | E0D4:BRA LE0E1",,ram_state_or_intermediate,medium,requires downstream read/use analysis
E0DE,LE0DE,,BSET,"L0019,#$04",bit_mutation,L0019,$0019,L0019,internal_ram,bit,#$04,,,direct,bit_set_mask,"E0B8:BRSET L0071,#$04,LE0D6 | E0C2:BHI LE0C9 | E0C7:BCC LE0D6 | E0C9:BRCLR L006F,#$80,LE0E1 | E0D4:BRA LE0E1 | E0DC:BRA LE0E1",,mode_flag_or_safety_gate,medium,bit-level state mutation
E0E1,LE0E1,,BCLR,"L0071,#$04",bit_mutation,L0071,$0071,L0071,internal_ram,bit,#$04,,,direct,bit_clear_mask,"E0B8:BRSET L0071,#$04,LE0D6 | E0C2:BHI LE0C9 | E0C7:BCC LE0D6 | E0C9:BRCLR L006F,#$80,LE0E1 | E0D4:BRA LE0E1 | E0DC:BRA LE0E1",,mode_flag_or_safety_gate,medium,bit-level state mutation
E112,LE0F6,,STAA,L0856,store,L0856,$0856,L0856,absolute_memory_or_table,8,,,,direct,A,"E0F3:JSR LF28E | E0FB:BEQ LE11A | E101:BCS LE11A | E103:BRSET L003D,#$02,LE11A | E10D:BHI LE117 | E110:BEQ LE11A",,ram_state_or_intermediate,medium,requires downstream read/use analysis
E117,LE117,,BSET,"L0019,#$02",bit_mutation,L0019,$0019,L0019,internal_ram,bit,#$02,,,direct,bit_set_mask,"E0FB:BEQ LE11A | E101:BCS LE11A | E103:BRSET L003D,#$02,LE11A | E10D:BHI LE117 | E110:BEQ LE11A | E115:BRA LE11A",,mode_flag_or_safety_gate,medium,bit-level state mutation
E14A,LE145,,STAA,"$55,X",store,"$55,X",$005E,L005E,internal_ram,8,,$0009,$5B08,resolved_indexed,A,"E125:JSR LE1EC | E128:JMP LE1DF | E12B:BRCLR L0044,#$10,LE132 | E12F:JMP LE1EB | E13D:BNE LE13A | E140:BNE LE160",,ram_state_or_intermediate,medium,requires downstream read/use analysis
E156,LE145,,DEC,L022B,read_modify_write,L022B,$022B,L022B,internal_ram,8,,,,direct,target_minus_1,"E12B:BRCLR L0044,#$10,LE132 | E12F:JMP LE1EB | E13D:BNE LE13A | E140:BNE LE160 | E14F:BNE LE145 | E154:BEQ LE15B",,ram_state_or_intermediate,medium,requires downstream read/use analysis
E15B,LE15B,,BCLR,"L0071,#$01",bit_mutation,L0071,$0071,L0071,internal_ram,bit,#$01,,,direct,bit_clear_mask,E12F:JMP LE1EB | E13D:BNE LE13A | E140:BNE LE160 | E14F:BNE LE145 | E154:BEQ LE15B | E159:BRA LE1C7,,mode_flag_or_safety_gate,medium,bit-level state mutation
E16B,LE164,,STAB,"$55,X",store,"$55,X",$005E,L005E,internal_ram,8,,$0009,$5B08,resolved_indexed,B,E13D:BNE LE13A | E140:BNE LE160 | E14F:BNE LE145 | E154:BEQ LE15B | E159:BRA LE1C7 | E15E:BRA LE1C7,,ram_state_or_intermediate,medium,requires downstream read/use analysis
E174,LE164,,INC,L022B,read_modify_write,L022B,$022B,L022B,internal_ram,8,,,,direct,target_plus_1,E140:BNE LE160 | E14F:BNE LE145 | E154:BEQ LE15B | E159:BRA LE1C7 | E15E:BRA LE1C7 | E172:BNE LE164,,ram_state_or_intermediate,medium,requires downstream read/use analysis
E18B,LE184,,STAB,L022B,store,L022B,$022B,L022B,internal_ram,8,,,,direct,B,"E159:BRA LE1C7 | E15E:BRA LE1C7 | E172:BNE LE164 | E17A:BRCLR L0071,#$01,LE180 | E181:BEQ LE184 | E189:BCC LE1C7",,ram_state_or_intermediate,medium,requires downstream read/use analysis
E194,LE184,,STAA,L022B,store,L022B,$022B,L022B,internal_ram,8,,,,direct,A,"E15E:BRA LE1C7 | E172:BNE LE164 | E17A:BRCLR L0071,#$01,LE180 | E181:BEQ LE184 | E189:BCC LE1C7 | E18F:BEQ LE1C7",,ram_state_or_intermediate,medium,requires downstream read/use analysis
E19F,LE19B,,STAA,"$0A,X",store,"$0A,X",$0013,L0013,internal_ram,8,,$0009,$5B08,resolved_indexed,A,"E15E:BRA LE1C7 | E172:BNE LE164 | E17A:BRCLR L0071,#$01,LE180 | E181:BEQ LE184 | E189:BCC LE1C7 | E18F:BEQ LE1C7",,ram_state_or_intermediate,medium,requires downstream read/use analysis
E1A1,LE19B,,STAB,"$55,X",store,"$55,X",$005E,L005E,internal_ram,8,,$0009,$5B08,resolved_indexed,B,"E15E:BRA LE1C7 | E172:BNE LE164 | E17A:BRCLR L0071,#$01,LE180 | E181:BEQ LE184 | E189:BCC LE1C7 | E18F:BEQ LE1C7",,ram_state_or_intermediate,medium,requires downstream read/use analysis
E1A8,LE19B,,STAB,L0014,store,L0014,$0014,L0014,internal_ram,8,,,,direct,B,"E172:BNE LE164 | E17A:BRCLR L0071,#$01,LE180 | E181:BEQ LE184 | E189:BCC LE1C7 | E18F:BEQ LE1C7 | E1A6:BNE LE19B",,ram_state_or_intermediate,medium,requires downstream read/use analysis
E1AD,LE19B,,STAA,L0015,store,L0015,$0015,L0015,internal_ram,8,,,,direct,A,"E17A:BRCLR L0071,#$01,LE180 | E181:BEQ LE184 | E189:BCC LE1C7 | E18F:BEQ LE1C7 | E1A6:BNE LE19B | E1AA:JSR LF326",,ram_state_or_intermediate,medium,requires downstream read/use analysis
E1C4,LE1C4,,BSET,"L0071,#$01",bit_mutation,L0071,$0071,L0071,internal_ram,bit,#$01,,,direct,bit_set_mask,E18F:BEQ LE1C7 | E1A6:BNE LE19B | E1AA:JSR LF326 | E1BB:BNE LE1C4 | E1C0:BNE LE1B6 | E1C2:BRA LE1C7,,mode_flag_or_safety_gate,medium,bit-level state mutation
E1D3,LE1C7,,BSET,"L004F,#$02",bit_mutation,L004F,$004F,L004F,internal_ram,bit,#$02,,,direct,bit_set_mask,"E1BB:BNE LE1C4 | E1C0:BNE LE1B6 | E1C2:BRA LE1C7 | E1C7:BRSET L004F,#$80,LE1D8 | E1CB:BRSET L004F,#$02,LE1E8 | E1CF:BRSET L0004,#$08,LE1D8",,mode_flag_or_safety_gate,medium,bit-level state mutation
E1D8,LE1D8,,BCLR,"L004F,#$02",bit_mutation,L004F,$004F,L004F,internal_ram,bit,#$02,,,direct,bit_clear_mask,"E1C0:BNE LE1B6 | E1C2:BRA LE1C7 | E1C7:BRSET L004F,#$80,LE1D8 | E1CB:BRSET L004F,#$02,LE1E8 | E1CF:BRSET L0004,#$08,LE1D8 | E1D6:BRA LE1DB",,mode_flag_or_safety_gate,medium,bit-level state mutation
E1E3,LE1DF,,BCLR,"L0072,#$80",bit_mutation,L0072,$0072,L0072,internal_ram,bit,#$80,,,direct,bit_clear_mask,"E1C7:BRSET L004F,#$80,LE1D8 | E1CB:BRSET L004F,#$02,LE1E8 | E1CF:BRSET L0004,#$08,LE1D8 | E1D6:BRA LE1DB | E1DB:BRSET L0050,#$08,LE1E8 | E1DF:BRSET L0071,#$01,LE1E8",,mode_flag_or_safety_gate,medium,bit-level state mutation
E1E8,LE1E8,,BSET,"L0072,#$80",bit_mutation,L0072,$0072,L0072,internal_ram,bit,#$80,,,direct,bit_set_mask,"E1CB:BRSET L004F,#$02,LE1E8 | E1CF:BRSET L0004,#$08,LE1D8 | E1D6:BRA LE1DB | E1DB:BRSET L0050,#$08,LE1E8 | E1DF:BRSET L0071,#$01,LE1E8 | E1E6:BRA LE1EB",,mode_flag_or_safety_gate,medium,bit-level state mutation
E1F0,LE1EC,,DEC,L0218,read_modify_write,L0218,$0218,L0218,internal_ram,8,,,,direct,target_minus_1,"E1CF:BRSET L0004,#$08,LE1D8 | E1D6:BRA LE1DB | E1DB:BRSET L0050,#$08,LE1E8 | E1DF:BRSET L0071,#$01,LE1E8 | E1E6:BRA LE1EB | E1EC:BRCLR L003C,#$40,LE258",,ram_state_or_intermediate,medium,requires downstream read/use analysis
E203,LE203,,DEC,"0,X",read_modify_write,"0,X",,"0,X",unknown,8,,$0214,$5AFC,unresolved_indexed,target_minus_1,"E1DF:BRSET L0071,#$01,LE1E8 | E1E6:BRA LE1EB | E1EC:BRCLR L003C,#$40,LE258 | E1F3:BNE LE20F | E1F7:BRSET L0071,#$01,LE273 | E1FE:BRCLR L003C,#$20,LE203",,ram_state_or_intermediate,medium,requires downstream read/use analysis
E207,LE203,,BSET,"L0071,#$01",bit_mutation,L0071,$0071,L0071,internal_ram,bit,#$01,,,direct,bit_set_mask,"E1E6:BRA LE1EB | E1EC:BRCLR L003C,#$40,LE258 | E1F3:BNE LE20F | E1F7:BRSET L0071,#$01,LE273 | E1FE:BRCLR L003C,#$20,LE203 | E205:BMI LE211",,mode_flag_or_safety_gate,medium,bit-level state mutation
E20C,LE203,,STAB,L0218,store,L0218,$0218,L0218,internal_ram,8,,,,direct,B,"E1E6:BRA LE1EB | E1EC:BRCLR L003C,#$40,LE258 | E1F3:BNE LE20F | E1F7:BRSET L0071,#$01,LE273 | E1FE:BRCLR L003C,#$20,LE203 | E205:BMI LE211",,ram_state_or_intermediate,medium,requires downstream read/use analysis
E215,LE211,,BSET,"L003C,#$20",bit_mutation,L003C,$003C,L003C,internal_ram,bit,#$20,,,direct,bit_set_mask,"E1F3:BNE LE20F | E1F7:BRSET L0071,#$01,LE273 | E1FE:BRCLR L003C,#$20,LE203 | E205:BMI LE211 | E20F:BRA LE279 | E211:BRSET L003C,#$20,LE21C",,mode_flag_or_safety_gate,medium,bit-level state mutation
E21C,LE21C,,BCLR,"L003C,#$20",bit_mutation,L003C,$003C,L003C,internal_ram,bit,#$20,,,direct,bit_clear_mask,"E1F7:BRSET L0071,#$01,LE273 | E1FE:BRCLR L003C,#$20,LE203 | E205:BMI LE211 | E20F:BRA LE279 | E211:BRSET L003C,#$20,LE21C | E21A:BRA LE273",,mode_flag_or_safety_gate,medium,bit-level state mutation
E223,LE21C,,DEC,L003C,read_modify_write,L003C,$003C,L003C,internal_ram,8,,,,direct,target_minus_1,"E1FE:BRCLR L003C,#$20,LE203 | E205:BMI LE211 | E20F:BRA LE279 | E211:BRSET L003C,#$20,LE21C | E21A:BRA LE273 | E21F:BRCLR L003C,#$03,LE228",,ram_state_or_intermediate,medium,requires downstream read/use analysis
E22F,LE228,,CLR,L0216,clear,L0216,$0216,L0216,internal_ram,8,,,,direct,zero,"E20F:BRA LE279 | E211:BRSET L003C,#$20,LE21C | E21A:BRA LE273 | E21F:BRCLR L003C,#$03,LE228 | E226:BRA LE25B | E22D:BLS LE237",,ram_state_or_intermediate,medium,requires downstream read/use analysis
E232,LE228,,BCLR,"L003C,#$40",bit_mutation,L003C,$003C,L003C,internal_ram,bit,#$40,,,direct,bit_clear_mask,"E20F:BRA LE279 | E211:BRSET L003C,#$20,LE21C | E21A:BRA LE273 | E21F:BRCLR L003C,#$03,LE228 | E226:BRA LE25B | E22D:BLS LE237",,mode_flag_or_safety_gate,medium,bit-level state mutation
E24D,LE237,,STAB,L0217,store,L0217,$0217,L0217,internal_ram,8,,,,direct,B,"E21A:BRA LE273 | E21F:BRCLR L003C,#$03,LE228 | E226:BRA LE25B | E22D:BLS LE237 | E235:BRA LE276 | E239:BNE LE250",,ram_state_or_intermediate,medium,requires downstream read/use analysis
E250,LE250,,INC,L0216,read_modify_write,L0216,$0216,L0216,internal_ram,8,,,,direct,target_plus_1,"E21A:BRA LE273 | E21F:BRCLR L003C,#$03,LE228 | E226:BRA LE25B | E22D:BLS LE237 | E235:BRA LE276 | E239:BNE LE250",,ram_state_or_intermediate,medium,requires downstream read/use analysis
E253,LE250,,ASL,L0217,read_modify_write,L0217,$0217,L0217,internal_ram,8,,,,direct,target_shift_left,"E21A:BRA LE273 | E21F:BRCLR L003C,#$03,LE228 | E226:BRA LE25B | E22D:BLS LE237 | E235:BRA LE276 | E239:BNE LE250",,ram_state_or_intermediate,medium,requires downstream read/use analysis
E258,LE258,,BSET,"L003C,#$02",bit_mutation,L003C,$003C,L003C,internal_ram,bit,#$02,,,direct,bit_set_mask,"E21F:BRCLR L003C,#$03,LE228 | E226:BRA LE25B | E22D:BLS LE237 | E235:BRA LE276 | E239:BNE LE250 | E256:BCC LE228",,mode_flag_or_safety_gate,medium,bit-level state mutation
E26B,LE25B,,STD,L0214,store,L0214,$0214,L0214,internal_ram,16,,,,direct,D,"E21F:BRCLR L003C,#$03,LE228 | E226:BRA LE25B | E22D:BLS LE237 | E235:BRA LE276 | E239:BNE LE250 | E256:BCC LE228",,ram_state_or_intermediate,medium,requires downstream read/use analysis
E270,LE25B,,BSET,"L003C,#$40",bit_mutation,L003C,$003C,L003C,internal_ram,bit,#$40,,,direct,bit_set_mask,"E21F:BRCLR L003C,#$03,LE228 | E226:BRA LE25B | E22D:BLS LE237 | E235:BRA LE276 | E239:BNE LE250 | E256:BCC LE228",,mode_flag_or_safety_gate,medium,bit-level state mutation
E273,LE273,,STAB,L0218,store,L0218,$0218,L0218,internal_ram,8,,,,direct,B,"E21F:BRCLR L003C,#$03,LE228 | E226:BRA LE25B | E22D:BLS LE237 | E235:BRA LE276 | E239:BNE LE250 | E256:BCC LE228",,ram_state_or_intermediate,medium,requires downstream read/use analysis
E276,LE276,,BCLR,"L0071,#$01",bit_mutation,L0071,$0071,L0071,internal_ram,bit,#$01,,,direct,bit_clear_mask,"E21F:BRCLR L003C,#$03,LE228 | E226:BRA LE25B | E22D:BLS LE237 | E235:BRA LE276 | E239:BNE LE250 | E256:BCC LE228",,mode_flag_or_safety_gate,medium,bit-level state mutation
E27D,LE279,,BCLR,"L0072,#$80",bit_mutation,L0072,$0072,L0072,internal_ram,bit,#$80,,,direct,bit_clear_mask,"E226:BRA LE25B | E22D:BLS LE237 | E235:BRA LE276 | E239:BNE LE250 | E256:BCC LE228 | E279:BRSET L0071,#$01,LE282",,mode_flag_or_safety_gate,medium,bit-level state mutation
E282,LE282,,BSET,"L0072,#$80",bit_mutation,L0072,$0072,L0072,internal_ram,bit,#$80,,,direct,bit_set_mask,"E22D:BLS LE237 | E235:BRA LE276 | E239:BNE LE250 | E256:BCC LE228 | E279:BRSET L0071,#$01,LE282 | E280:BRA LE285",,mode_flag_or_safety_gate,medium,bit-level state mutation
E28D,LE286,,BCLR,"L001A,#$04",bit_mutation,L001A,$001A,L001A,internal_ram,bit,#$04,,,direct,bit_clear_mask,"E235:BRA LE276 | E239:BNE LE250 | E256:BCC LE228 | E279:BRSET L0071,#$01,LE282 | E280:BRA LE285 | E289:BRCLR 0,X,#$04,LE2C8",,mode_flag_or_safety_gate,medium,bit-level state mutation
E2B0,LE2AC,,STAB,L022A,store,L022A,$022A,L022A,internal_ram,8,,,,direct,B,"E290:BRSET L0072,#$01,LE2C5 | E299:BCS LE2C8 | E29D:BRCLR L0072,#$02,LE2AC | E2A1:BRCLR L004F,#$10,LE2C8 | E2A8:BCC LE2C8 | E2AA:BRA LE2C5",,ram_state_or_intermediate,medium,requires downstream read/use analysis
E2BD,LE2AC,,BSET,"L0072,#$02",bit_mutation,L0072,$0072,L0072,internal_ram,bit,#$02,,,direct,bit_set_mask,"E29D:BRCLR L0072,#$02,LE2AC | E2A1:BRCLR L004F,#$10,LE2C8 | E2A8:BCC LE2C8 | E2AA:BRA LE2C5 | E2B6:BHI LE2C2 | E2BB:BCS LE2C8",,mode_flag_or_safety_gate,medium,bit-level state mutation
E2C2,LE2C2,,BSET,"L0072,#$01",bit_mutation,L0072,$0072,L0072,internal_ram,bit,#$01,,,direct,bit_set_mask,"E2A1:BRCLR L004F,#$10,LE2C8 | E2A8:BCC LE2C8 | E2AA:BRA LE2C5 | E2B6:BHI LE2C2 | E2BB:BCS LE2C8 | E2C0:BRA LE2C8",,mode_flag_or_safety_gate,medium,bit-level state mutation
E2C5,LE2C5,,BSET,"L001A,#$04",bit_mutation,L001A,$001A,L001A,internal_ram,bit,#$04,,,direct,bit_set_mask,"E2A1:BRCLR L004F,#$10,LE2C8 | E2A8:BCC LE2C8 | E2AA:BRA LE2C5 | E2B6:BHI LE2C2 | E2BB:BCS LE2C8 | E2C0:BRA LE2C8",,mode_flag_or_safety_gate,medium,bit-level state mutation
E2F8,LE2ED,,STD,L0236,store,L0236,$0236,L0236,internal_ram,16,,,,direct,D,"E2CD:BRCLR 0,X,#$40,LE2ED | E2D7:JSR LF4C1 | E2DF:BCC LE2E2 | E2E4:BCS LE2EB | E2E9:BCC LE2ED | E2F0:JSR LF4C1",,ram_state_or_intermediate,medium,requires downstream read/use analysis
E303,LE2ED,,STAA,L0256,store,L0256,$0256,L0256,internal_ram,8,,,,direct,A,E2D7:JSR LF4C1 | E2DF:BCC LE2E2 | E2E4:BCS LE2EB | E2E9:BCC LE2ED | E2F0:JSR LF4C1 | E300:JSR LF4C1,,ram_state_or_intermediate,medium,requires downstream read/use analysis
E313,LE30B,,STAA,L0242,store,L0242,$0242,L0242,internal_ram,8,,,,direct,A,"E2E4:BCS LE2EB | E2E9:BCC LE2ED | E2F0:JSR LF4C1 | E300:JSR LF4C1 | E306:BRCLR L0002,#$10,LE30B | E310:JSR LF4B6",,ram_state_or_intermediate,medium,requires downstream read/use analysis
E32E,LE32E,,STAA,L023C,store,L023C,$023C,L023C,internal_ram,8,,,,direct,A,"E300:JSR LF4C1 | E306:BRCLR L0002,#$10,LE30B | E310:JSR LF4B6 | E31B:JSR LF4C1 | E325:JSR LF4C1 | E32A:BCC LE32E",,ram_state_or_intermediate,medium,requires downstream read/use analysis
E339,LE32E,,STAA,L023D,store,L023D,$023D,L023D,internal_ram,8,,,,direct,A,"E306:BRCLR L0002,#$10,LE30B | E310:JSR LF4B6 | E31B:JSR LF4C1 | E325:JSR LF4C1 | E32A:BCC LE32E | E336:JSR LF4C1",,ram_state_or_intermediate,medium,requires downstream read/use analysis
E34C,LE32E,,STAA,L02C8,store,L02C8,$02C8,L02C8,internal_ram,8,,,,direct,A,"E325:JSR LF4C1 | E32A:BCC LE32E | E336:JSR LF4C1 | E33C:BRSET L004F,#$10,LE38F | E340:BRSET L0004,#$08,LE376 | E349:JSR LF4C1",,ram_state_or_intermediate,medium,requires downstream read/use analysis
E357,LE32E,,STAA,L02CB,store,L02CB,$02CB,L02CB,internal_ram,8,,,,direct,A,"E32A:BCC LE32E | E336:JSR LF4C1 | E33C:BRSET L004F,#$10,LE38F | E340:BRSET L0004,#$08,LE376 | E349:JSR LF4C1 | E354:JSR LF4B6",,ram_state_or_intermediate,medium,requires downstream read/use analysis
E362,LE32E,,STAA,L02CC,store,L02CC,$02CC,L02CC,internal_ram,8,,,,direct,A,"E336:JSR LF4C1 | E33C:BRSET L004F,#$10,LE38F | E340:BRSET L0004,#$08,LE376 | E349:JSR LF4C1 | E354:JSR LF4B6 | E35F:JSR LF4B6",,ram_state_or_intermediate,medium,requires downstream read/use analysis
E36D,LE32E,,STAA,L02C9,store,L02C9,$02C9,L02C9,internal_ram,8,,,,direct,A,"E33C:BRSET L004F,#$10,LE38F | E340:BRSET L0004,#$08,LE376 | E349:JSR LF4C1 | E354:JSR LF4B6 | E35F:JSR LF4B6 | E36A:JSR LF4C1",,ram_state_or_intermediate,medium,requires downstream read/use analysis
E373,LE32E,,STAB,L02CA,store,L02CA,$02CA,L02CA,internal_ram,8,,,,direct,B,"E33C:BRSET L004F,#$10,LE38F | E340:BRSET L0004,#$08,LE376 | E349:JSR LF4C1 | E354:JSR LF4B6 | E35F:JSR LF4B6 | E36A:JSR LF4C1",,ram_state_or_intermediate,medium,requires downstream read/use analysis
E37E,LE376,,STAA,L0267,store,L0267,$0267,L0267,internal_ram,8,,,,direct,A,"E340:BRSET L0004,#$08,LE376 | E349:JSR LF4C1 | E354:JSR LF4B6 | E35F:JSR LF4B6 | E36A:JSR LF4C1 | E37B:JSR LF4C1",,ram_state_or_intermediate,medium,requires downstream read/use analysis
E389,LE376,,STAA,L01FF,store,L01FF,$01FF,L01FF,internal_ram,8,,,,direct,A,E349:JSR LF4C1 | E354:JSR LF4B6 | E35F:JSR LF4B6 | E36A:JSR LF4C1 | E37B:JSR LF4C1 | E386:JSR LF4B6,,ram_state_or_intermediate,medium,requires downstream read/use analysis
E3A6,LE3A4,,STAA,L0066,store,L0066,$0066,L0066,internal_ram,8,,,,direct,A,E36A:JSR LF4C1 | E37B:JSR LF4C1 | E386:JSR LF4B6 | E38C:JMP LE477 | E398:BCC LE39D | E3A0:BCS LE3A4,,ram_state_or_intermediate,medium,requires downstream read/use analysis
E3B8,LE3B8,,STAB,L003F,store,L003F,$003F,L003F,internal_ram,8,,,,direct,B,"E386:JSR LF4B6 | E38C:JMP LE477 | E398:BCC LE39D | E3A0:BCS LE3A4 | E3AE:BLS LE3B2 | E3B2:BRCLR L0036,#$80,LE3B8",,ram_state_or_intermediate,medium,requires downstream read/use analysis
E3DE,LE3DD,,STAA,L027D,store,L027D,$027D,L027D,internal_ram,8,,,,direct,A,"E3C3:BNE LE3C8 | E3C5:JMP LE43C | E3CB:BEQ LE3E6 | E3D0:BNE LE3DD | E3D7:BHI LE3DD | E3D9:BRSET L0041,#$20,LE43C",,ram_state_or_intermediate,medium,requires downstream read/use analysis
E3E3,LE3DD,,BSET,"L003E,#$08",bit_mutation,L003E,$003E,L003E,internal_ram,bit,#$08,,,direct,bit_set_mask,"E3C5:JMP LE43C | E3CB:BEQ LE3E6 | E3D0:BNE LE3DD | E3D7:BHI LE3DD | E3D9:BRSET L0041,#$20,LE43C | E3E1:BNE LE43C",,mode_flag_or_safety_gate,medium,bit-level state mutation
E3F3,LE3E6,,STAA,L0270,store,L0270,$0270,L0270,internal_ram,8,,,,direct,A,"E3D0:BNE LE3DD | E3D7:BHI LE3DD | E3D9:BRSET L0041,#$20,LE43C | E3E1:BNE LE43C | E3E9:BNE LE439 | E3F0:JSR LF4C1",,ram_state_or_intermediate,medium,requires downstream read/use analysis
E40F,LE40F,,STAA,L0270,store,L0270,$0270,L0270,internal_ram,8,,,,direct,A,E3E1:BNE LE43C | E3E9:BNE LE439 | E3F0:JSR LF4C1 | E3FE:BLS LE402 | E402:JSR LF4C1 | E40B:BCC LE40F,,ram_state_or_intermediate,medium,requires downstream read/use analysis
E42C,LE40F,,STAB,L027D,store,L027D,$027D,L027D,internal_ram,8,,,,direct,B,"E3FE:BLS LE402 | E402:JSR LF4C1 | E40B:BCC LE40F | E419:BRSET L003E,#$08,LE42F | E420:BHI LE42F | E427:BHI LE42F",,ram_state_or_intermediate,medium,requires downstream read/use analysis
E42F,LE42F,,STAA,L02C8,store,L02C8,$02C8,L02C8,internal_ram,8,,,,direct,A,"E3FE:BLS LE402 | E402:JSR LF4C1 | E40B:BCC LE40F | E419:BRSET L003E,#$08,LE42F | E420:BHI LE42F | E427:BHI LE42F",,ram_state_or_intermediate,medium,requires downstream read/use analysis
E434,LE434,,DEC,L02CA,read_modify_write,L02CA,$02CA,L02CA,internal_ram,8,,,,direct,target_minus_1,"E402:JSR LF4C1 | E40B:BCC LE40F | E419:BRSET L003E,#$08,LE42F | E420:BHI LE42F | E427:BHI LE42F | E432:BRA LE43C",,ram_state_or_intermediate,medium,requires downstream read/use analysis
E439,LE439,,DEC,L0270,read_modify_write,L0270,$0270,L0270,internal_ram,8,,,,direct,target_minus_1,"E40B:BCC LE40F | E419:BRSET L003E,#$08,LE42F | E420:BHI LE42F | E427:BHI LE42F | E432:BRA LE43C | E437:BRA LE43C",,ram_state_or_intermediate,medium,requires downstream read/use analysis
E447,LE43C,,DEC,L02CC,read_modify_write,L02CC,$02CC,L02CC,internal_ram,8,,,,direct,target_minus_1,E420:BHI LE42F | E427:BHI LE42F | E432:BRA LE43C | E437:BRA LE43C | E43F:BEQ LE44C | E445:BNE LE477,,ram_state_or_intermediate,medium,requires downstream read/use analysis
E456,LE44C,,DEC,L0200,read_modify_write,L0200,$0200,L0200,internal_ram,8,,,,direct,target_minus_1,E437:BRA LE43C | E43F:BEQ LE44C | E445:BNE LE477 | E44A:BRA LE477 | E44F:BEQ LE477 | E454:BEQ LE45B,,ram_state_or_intermediate,medium,requires downstream read/use analysis
E46A,LE464,,STAA,L0200,store,L0200,$0200,L0200,internal_ram,8,,,,direct,A,E44A:BRA LE477 | E44F:BEQ LE477 | E454:BEQ LE45B | E459:BRA LE477 | E460:BLS LE464 | E467:JSR LF4C1,,ram_state_or_intermediate,medium,requires downstream read/use analysis
E474,LE464,,STAA,L02CB,store,L02CB,$02CB,L02CB,internal_ram,8,,,,direct,A,E44A:BRA LE477 | E44F:BEQ LE477 | E454:BEQ LE45B | E459:BRA LE477 | E460:BLS LE464 | E467:JSR LF4C1,,ram_state_or_intermediate,medium,requires downstream read/use analysis
E48D,LE48D,,CLR,L0241,clear,L0241,$0241,L0241,internal_ram,8,,,,direct,zero,"E477:BRCLR L004F,#$10,LE490 | E47B:BRCLR L0019,#$0C,LE481 | E47F:BRA LE48D | E481:BRSET L0072,#$40,LE48D | E485:BRCLR L0018,#$30,LE493 | E489:BRCLR L0050,#$80,LE493",,ram_state_or_intermediate,medium,requires downstream read/use analysis
E4AD,LE4A4,,STAA,L0241,store,L0241,$0241,L0241,internal_ram,8,,,,direct,A,"E490:JMP LE516 | E493:BRCLR L003B,#$10,LE4A4 | E49A:BRCLR 0,X,#$01,LE4A4 | E49E:BRCLR 1,X,#$01,LE516 | E4A2:BRA LE4FC | E4AA:BCC LE4B2",,ram_state_or_intermediate,medium,requires downstream read/use analysis
E4B2,LE4B2,,BCLR,"L0004,#$01",bit_mutation,L0004,$0004,L0004,internal_ram,bit,#$01,,,direct,bit_clear_mask,"E493:BRCLR L003B,#$10,LE4A4 | E49A:BRCLR 0,X,#$01,LE4A4 | E49E:BRCLR 1,X,#$01,LE516 | E4A2:BRA LE4FC | E4AA:BCC LE4B2 | E4B0:BRA LE4B5",,mode_flag_or_safety_gate,medium,bit-level state mutation
E4E4,LE4E4,,BSET,"L0004,#$02",bit_mutation,L0004,$0004,L0004,internal_ram,bit,#$02,,,direct,bit_set_mask,E4CF:BCS LE50B | E4D1:BRA LE4E4 | E4D6:BHI LE4DF | E4DB:BCC LE4E4 | E4DD:BRA LE50B | E4E2:BCS LE50B,,mode_flag_or_safety_gate,medium,bit-level state mutation
E4E7,LE4E4,,BCLR,"L0052,#$80",bit_mutation,L0052,$0052,L0052,internal_ram,bit,#$80,,,direct,bit_clear_mask,E4CF:BCS LE50B | E4D1:BRA LE4E4 | E4D6:BHI LE4DF | E4DB:BCC LE4E4 | E4DD:BRA LE50B | E4E2:BCS LE50B,,mode_flag_or_safety_gate,medium,bit-level state mutation
E4FC,LE4FC,,BSET,"L0046,#$80",bit_mutation,L0046,$0046,L0046,internal_ram,bit,#$80,,,direct,bit_set_mask,"E4DB:BCC LE4E4 | E4DD:BRA LE50B | E4E2:BCS LE50B | E4EF:BLS LE519 | E4F1:BRCLR L0086,#$40,LE4FC | E4FA:BNE LE519",,mode_flag_or_safety_gate,medium,bit-level state mutation
E4FF,LE4FC,,BSET,"L003E,#$A0",bit_mutation,L003E,$003E,L003E,internal_ram,bit,#$A0,,,direct,bit_set_mask,"E4DB:BCC LE4E4 | E4DD:BRA LE50B | E4E2:BCS LE50B | E4EF:BLS LE519 | E4F1:BRCLR L0086,#$40,LE4FC | E4FA:BNE LE519",,mode_flag_or_safety_gate,medium,bit-level state mutation
E506,LE4FC,,BCLR,"L003E,#$82",bit_mutation,L003E,$003E,L003E,internal_ram,bit,#$82,,,direct,bit_clear_mask,"E4DD:BRA LE50B | E4E2:BCS LE50B | E4EF:BLS LE519 | E4F1:BRCLR L0086,#$40,LE4FC | E4FA:BNE LE519 | E502:BRCLR L0050,#$02,LE51E",,mode_flag_or_safety_gate,medium,bit-level state mutation
E50B,LE50B,,BSET,"L0052,#$80",bit_mutation,L0052,$0052,L0052,internal_ram,bit,#$80,,,direct,bit_set_mask,"E4E2:BCS LE50B | E4EF:BLS LE519 | E4F1:BRCLR L0086,#$40,LE4FC | E4FA:BNE LE519 | E502:BRCLR L0050,#$02,LE51E | E509:BRA LE561",,mode_flag_or_safety_gate,medium,bit-level state mutation
E516,LE516,,BCLR,"L0052,#$80",bit_mutation,L0052,$0052,L0052,internal_ram,bit,#$80,,,direct,bit_clear_mask,"E4EF:BLS LE519 | E4F1:BRCLR L0086,#$40,LE4FC | E4FA:BNE LE519 | E502:BRCLR L0050,#$02,LE51E | E509:BRA LE561 | E514:BCC LE519",,mode_flag_or_safety_gate,medium,bit-level state mutation
E519,LE519,,BCLR,"L003E,#$A2",bit_mutation,L003E,$003E,L003E,internal_ram,bit,#$A2,,,direct,bit_clear_mask,"E4EF:BLS LE519 | E4F1:BRCLR L0086,#$40,LE4FC | E4FA:BNE LE519 | E502:BRCLR L0050,#$02,LE51E | E509:BRA LE561 | E514:BCC LE519",,mode_flag_or_safety_gate,medium,bit-level state mutation
E559,LE548,,BSET,"L003E,#$02",bit_mutation,L003E,$003E,L003E,internal_ram,bit,#$02,,,direct,bit_set_mask,E531:BNE LE55E | E539:BHI LE55E | E543:BNE LE548 | E54B:BHI LE55E | E550:BCS LE55E | E557:BCC LE55E,,mode_flag_or_safety_gate,medium,bit-level state mutation
E55E,LE55E,,BCLR,"L003E,#$02",bit_mutation,L003E,$003E,L003E,internal_ram,bit,#$02,,,direct,bit_clear_mask,E539:BHI LE55E | E543:BNE LE548 | E54B:BHI LE55E | E550:BCS LE55E | E557:BCC LE55E | E55C:BRA LE561,,mode_flag_or_safety_gate,medium,bit-level state mutation
E59A,LE58C,,STAB,"$0003,Y",store,"$0003,Y",$5B03,L5B03,absolute_memory_or_table,8,,$E57C,$5B00,resolved_indexed,B,E557:BCC LE55E | E55C:BRA LE561 | E566:BNE LE56A | E578:BLS LE57B | E592:BNE LE5A4 | E597:BEQ LE59F,,ram_state_or_intermediate,medium,requires downstream read/use analysis
E59F,LE59F,,STD,"$0004,Y",store,"$0004,Y",$5B04,L5B04,absolute_memory_or_table,16,,$E57C,$5B00,resolved_indexed,D,E55C:BRA LE561 | E566:BNE LE56A | E578:BLS LE57B | E592:BNE LE5A4 | E597:BEQ LE59F | E59D:BNE LE5CE,,ram_state_or_intermediate,medium,requires downstream read/use analysis
E5B8,LE5A4,,STX,"4,Y",store,"4,Y",,"4,Y",unknown,16,,$E57C,$5B00,unresolved_indexed,X,E578:BLS LE57B | E592:BNE LE5A4 | E597:BEQ LE59F | E59D:BNE LE5CE | E5A2:BRA LE5CE | E5A8:BEQ LE5BB,,ram_state_or_intermediate,medium,requires downstream read/use analysis
E5BE,LE5BB,,STX,"1,Y",store,"1,Y",,"1,Y",unknown,16,,$E57C,$5B00,unresolved_indexed,X,E578:BLS LE57B | E592:BNE LE5A4 | E597:BEQ LE59F | E59D:BNE LE5CE | E5A2:BRA LE5CE | E5A8:BEQ LE5BB,,ram_state_or_intermediate,medium,requires downstream read/use analysis
E5C4,LE5BB,,STAA,"0,Y",store,"0,Y",,"0,Y",unknown,8,,$E57C,$5B00,unresolved_indexed,A,E578:BLS LE57B | E592:BNE LE5A4 | E597:BEQ LE59F | E59D:BNE LE5CE | E5A2:BRA LE5CE | E5A8:BEQ LE5BB,,ram_state_or_intermediate,medium,requires downstream read/use analysis
E5C8,LE5BB,,STAA,"3,Y",store,"3,Y",,"3,Y",unknown,8,,$E57C,$5B00,unresolved_indexed,A,E578:BLS LE57B | E592:BNE LE5A4 | E597:BEQ LE59F | E59D:BNE LE5CE | E5A2:BRA LE5CE | E5A8:BEQ LE5BB,,ram_state_or_intermediate,medium,requires downstream read/use analysis
E5E9,LE5E9,,BSET,"L0098,#$01",bit_mutation,L0098,$0098,L0098,internal_ram,bit,#$01,,,direct,bit_set_mask,E597:BEQ LE59F | E59D:BNE LE5CE | E5A2:BRA LE5CE | E5A8:BEQ LE5BB | E5DA:BNE LE5E9 | E5E7:BEQ LE5ED,,mode_flag_or_safety_gate,medium,bit-level state mutation
E5ED,LE5ED,,BCLR,"L0098,#$01",bit_mutation,L0098,$0098,L0098,internal_ram,bit,#$01,,,direct,bit_clear_mask,E597:BEQ LE59F | E59D:BNE LE5CE | E5A2:BRA LE5CE | E5A8:BEQ LE5BB | E5DA:BNE LE5E9 | E5E7:BEQ LE5ED,,mode_flag_or_safety_gate,medium,bit-level state mutation
E603,LE603,,BSET,"L0099,#$08",bit_mutation,L0099,$0099,L0099,internal_ram,bit,#$08,,,direct,bit_set_mask,"E5A8:BEQ LE5BB | E5DA:BNE LE5E9 | E5E7:BEQ LE5ED | E5F8:BNE LE603 | E5FA:BRSET L0086,#$80,LE607 | E601:BNE LE607",,mode_flag_or_safety_gate,medium,bit-level state mutation
E607,LE607,,BCLR,"L0099,#$08",bit_mutation,L0099,$0099,L0099,internal_ram,bit,#$08,,,direct,bit_clear_mask,"E5A8:BEQ LE5BB | E5DA:BNE LE5E9 | E5E7:BEQ LE5ED | E5F8:BNE LE603 | E5FA:BRSET L0086,#$80,LE607 | E601:BNE LE607",,mode_flag_or_safety_gate,medium,bit-level state mutation
E625,LE625,,BSET,"L0098,#$02",bit_mutation,L0098,$0098,L0098,internal_ram,bit,#$02,,,direct,bit_set_mask,"E5E7:BEQ LE5ED | E5F8:BNE LE603 | E5FA:BRSET L0086,#$80,LE607 | E601:BNE LE607 | E616:BNE LE625 | E623:BEQ LE629",,mode_flag_or_safety_gate,medium,bit-level state mutation
E629,LE629,,BCLR,"L0098,#$02",bit_mutation,L0098,$0098,L0098,internal_ram,bit,#$02,,,direct,bit_clear_mask,"E5E7:BEQ LE5ED | E5F8:BNE LE603 | E5FA:BRSET L0086,#$80,LE607 | E601:BNE LE607 | E616:BNE LE625 | E623:BEQ LE629",,mode_flag_or_safety_gate,medium,bit-level state mutation
E64C,LE633,,BCLR,"L0098,#$08",bit_mutation,L0098,$0098,L0098,internal_ram,bit,#$08,,,direct,bit_clear_mask,"E5FA:BRSET L0086,#$80,LE607 | E601:BNE LE607 | E616:BNE LE625 | E623:BEQ LE629 | E645:BNE LE650 | E64A:BNE LE633",,mode_flag_or_safety_gate,medium,bit-level state mutation
E650,LE650,,BSET,"L0098,#$08",bit_mutation,L0098,$0098,L0098,internal_ram,bit,#$08,,,direct,bit_set_mask,"E5FA:BRSET L0086,#$80,LE607 | E601:BNE LE607 | E616:BNE LE625 | E623:BEQ LE629 | E645:BNE LE650 | E64A:BNE LE633",,mode_flag_or_safety_gate,medium,bit-level state mutation
E65C,LE654,,BCLR,"L0098,#$10",bit_mutation,L0098,$0098,L0098,internal_ram,bit,#$10,,,direct,bit_clear_mask,E616:BNE LE625 | E623:BEQ LE629 | E645:BNE LE650 | E64A:BNE LE633 | E657:JSR LE6BC | E65A:BNE LE660,,mode_flag_or_safety_gate,medium,bit-level state mutation
E660,LE660,,BSET,"L0098,#$10",bit_mutation,L0098,$0098,L0098,internal_ram,bit,#$10,,,direct,bit_set_mask,E616:BNE LE625 | E623:BEQ LE629 | E645:BNE LE650 | E64A:BNE LE633 | E657:JSR LE6BC | E65A:BNE LE660,,mode_flag_or_safety_gate,medium,bit-level state mutation
E66C,LE664,,BCLR,"L0098,#$20",bit_mutation,L0098,$0098,L0098,internal_ram,bit,#$20,,,direct,bit_clear_mask,E645:BNE LE650 | E64A:BNE LE633 | E657:JSR LE6BC | E65A:BNE LE660 | E667:JSR LE6BC | E66A:BNE LE670,,mode_flag_or_safety_gate,medium,bit-level state mutation
E670,LE670,,BSET,"L0098,#$20",bit_mutation,L0098,$0098,L0098,internal_ram,bit,#$20,,,direct,bit_set_mask,E645:BNE LE650 | E64A:BNE LE633 | E657:JSR LE6BC | E65A:BNE LE660 | E667:JSR LE6BC | E66A:BNE LE670,,mode_flag_or_safety_gate,medium,bit-level state mutation
E67C,LE674,,BCLR,"L0098,#$40",bit_mutation,L0098,$0098,L0098,internal_ram,bit,#$40,,,direct,bit_clear_mask,E657:JSR LE6BC | E65A:BNE LE660 | E667:JSR LE6BC | E66A:BNE LE670 | E677:JSR LE6BC | E67A:BNE LE680,,mode_flag_or_safety_gate,medium,bit-level state mutation
E680,LE680,,BSET,"L0098,#$40",bit_mutation,L0098,$0098,L0098,internal_ram,bit,#$40,,,direct,bit_set_mask,E657:JSR LE6BC | E65A:BNE LE660 | E667:JSR LE6BC | E66A:BNE LE670 | E677:JSR LE6BC | E67A:BNE LE680,,mode_flag_or_safety_gate,medium,bit-level state mutation
E694,LE694,,BCLR,"L0098,#$80",bit_mutation,L0098,$0098,L0098,internal_ram,bit,#$80,,,direct,bit_clear_mask,"E677:JSR LE6BC | E67A:BNE LE680 | E684:BRSET L001D,#$80,LE698 | E688:BRCLR L0087,#$02,LE694 | E68F:JSR LE6BC | E692:BNE LE698",,mode_flag_or_safety_gate,medium,bit-level state mutation
E698,LE698,,BSET,"L0098,#$80",bit_mutation,L0098,$0098,L0098,internal_ram,bit,#$80,,,direct,bit_set_mask,"E677:JSR LE6BC | E67A:BNE LE680 | E684:BRSET L001D,#$80,LE698 | E688:BRCLR L0087,#$02,LE694 | E68F:JSR LE6BC | E692:BNE LE698",,mode_flag_or_safety_gate,medium,bit-level state mutation
E6A4,LE69C,,BCLR,"L0099,#$01",bit_mutation,L0099,$0099,L0099,internal_ram,bit,#$01,,,direct,bit_clear_mask,"E684:BRSET L001D,#$80,LE698 | E688:BRCLR L0087,#$02,LE694 | E68F:JSR LE6BC | E692:BNE LE698 | E69F:JSR LE6BC | E6A2:BNE LE6A8",,mode_flag_or_safety_gate,medium,bit-level state mutation
E6A8,LE6A8,,BSET,"L0099,#$01",bit_mutation,L0099,$0099,L0099,internal_ram,bit,#$01,,,direct,bit_set_mask,"E684:BRSET L001D,#$80,LE698 | E688:BRCLR L0087,#$02,LE694 | E68F:JSR LE6BC | E692:BNE LE698 | E69F:JSR LE6BC | E6A2:BNE LE6A8",,mode_flag_or_safety_gate,medium,bit-level state mutation
E6B4,LE6AC,,BCLR,"L0099,#$02",bit_mutation,L0099,$0099,L0099,internal_ram,bit,#$02,,,direct,bit_clear_mask,E68F:JSR LE6BC | E692:BNE LE698 | E69F:JSR LE6BC | E6A2:BNE LE6A8 | E6AF:JSR LE6BC | E6B2:BNE LE6B8,,mode_flag_or_safety_gate,medium,bit-level state mutation
E6B8,LE6B8,,BSET,"L0099,#$02",bit_mutation,L0099,$0099,L0099,internal_ram,bit,#$02,,,direct,bit_set_mask,E68F:JSR LE6BC | E692:BNE LE698 | E69F:JSR LE6BC | E6A2:BNE LE6A8 | E6AF:JSR LE6BC | E6B2:BNE LE6B8,,mode_flag_or_safety_gate,medium,bit-level state mutation
E6ED,LE6E5,,BCLR,"L0099,#$10",bit_mutation,L0099,$0099,L0099,internal_ram,bit,#$10,,,direct,bit_clear_mask,E6AF:JSR LE6BC | E6B2:BNE LE6B8 | E6D7:BNE LE6DF | E6DD:BNE LE6C6 | E6E8:JSR LE6BC | E6EB:BNE LE6F1,,mode_flag_or_safety_gate,medium,bit-level state mutation
E6F1,LE6F1,,BSET,"L0099,#$10",bit_mutation,L0099,$0099,L0099,internal_ram,bit,#$10,,,direct,bit_set_mask,E6AF:JSR LE6BC | E6B2:BNE LE6B8 | E6D7:BNE LE6DF | E6DD:BNE LE6C6 | E6E8:JSR LE6BC | E6EB:BNE LE6F1,,mode_flag_or_safety_gate,medium,bit-level state mutation
E70F,LE70F,,BSET,"L0098,#$04",bit_mutation,L0098,$0098,L0098,internal_ram,bit,#$04,,,direct,bit_set_mask,E6D7:BNE LE6DF | E6DD:BNE LE6C6 | E6E8:JSR LE6BC | E6EB:BNE LE6F1 | E700:BNE LE70F | E70D:BEQ LE713,,mode_flag_or_safety_gate,medium,bit-level state mutation
E713,LE713,,BCLR,"L0098,#$04",bit_mutation,L0098,$0098,L0098,internal_ram,bit,#$04,,,direct,bit_clear_mask,E6D7:BNE LE6DF | E6DD:BNE LE6C6 | E6E8:JSR LE6BC | E6EB:BNE LE6F1 | E700:BNE LE70F | E70D:BEQ LE713,,mode_flag_or_safety_gate,medium,bit-level state mutation
E77D,LE713,,BCLR,"L0016,#$40",bit_mutation,L0016,$0016,L0016,internal_ram,bit,#$40,,,direct,bit_clear_mask,"E700:BNE LE70F | E70D:BEQ LE713 | E766:BRCLR 0,X,#$40,LE78E | E772:BCS LE782 | E774:BRCLR L0016,#$40,LE78E | E77B:BCS LE78F",,mode_flag_or_safety_gate,medium,bit-level state mutation
E78B,LE782,,BSET,"L0016,#$40",bit_mutation,L0016,$0016,L0016,internal_ram,bit,#$40,,,direct,bit_set_mask,"E772:BCS LE782 | E774:BRCLR L0016,#$40,LE78E | E77B:BCS LE78F | E780:BRA LE78E | E782:BRSET L0016,#$40,LE78E | E789:BCS LE78F",,mode_flag_or_safety_gate,medium,bit-level state mutation
E78F,LE78F,,STAA,L0160,store,L0160,$0160,L0160,internal_ram,8,,,,direct,A,"E772:BCS LE782 | E774:BRCLR L0016,#$40,LE78E | E77B:BCS LE78F | E780:BRA LE78E | E782:BRSET L0016,#$40,LE78E | E789:BCS LE78F",,ram_state_or_intermediate,medium,requires downstream read/use analysis
E7B1,LE793,,BCLR,"L0016,#$20",bit_mutation,L0016,$0016,L0016,internal_ram,bit,#$20,,,direct,bit_clear_mask,"E789:BCS LE78F | E793:BRSET L003B,#$04,LE7C6 | E79A:BRCLR 0,X,#$20,LE7C2 | E7A6:BHI LE7B6 | E7A8:BRCLR L0016,#$20,LE7C2 | E7AF:BCS LE7C3",,mode_flag_or_safety_gate,medium,bit-level state mutation
E7BF,LE7B6,,BSET,"L0016,#$20",bit_mutation,L0016,$0016,L0016,internal_ram,bit,#$20,,,direct,bit_set_mask,"E7A6:BHI LE7B6 | E7A8:BRCLR L0016,#$20,LE7C2 | E7AF:BCS LE7C3 | E7B4:BRA LE7C2 | E7B6:BRSET L0016,#$20,LE7C2 | E7BD:BCS LE7C3",,mode_flag_or_safety_gate,medium,bit-level state mutation
E7C3,LE7C3,,STAA,L0161,store,L0161,$0161,L0161,internal_ram,8,,,,direct,A,"E7A6:BHI LE7B6 | E7A8:BRCLR L0016,#$20,LE7C2 | E7AF:BCS LE7C3 | E7B4:BRA LE7C2 | E7B6:BRSET L0016,#$20,LE7C2 | E7BD:BCS LE7C3",,ram_state_or_intermediate,medium,requires downstream read/use analysis
E7DF,LE7C7,,BSET,"L0094,#$01",bit_mutation,L0094,$0094,L0094,internal_ram,bit,#$01,,,direct,bit_set_mask,"E7B6:BRSET L0016,#$20,LE7C2 | E7BD:BCS LE7C3 | E7C7:BRSET L003B,#$04,LE807 | E7CE:BRCLR 0,X,#$01,LE803 | E7D9:BHI LE7F6 | E7DB:BRSET L0094,#$01,LE803",,mode_flag_or_safety_gate,medium,bit-level state mutation
E7EF,LE7C7,,STAB,L001F,store,L001F,$001F,L001F,internal_ram,8,,,,direct,B,"E7C7:BRSET L003B,#$04,LE807 | E7CE:BRCLR 0,X,#$01,LE803 | E7D9:BHI LE7F6 | E7DB:BRSET L0094,#$01,LE803 | E7E2:BRCLR L0016,#$01,LE803 | E7EB:BCC LE803",,ram_state_or_intermediate,medium,requires downstream read/use analysis
E7F1,LE7C7,,BCLR,"L0016,#$01",bit_mutation,L0016,$0016,L0016,internal_ram,bit,#$01,,,direct,bit_clear_mask,"E7C7:BRSET L003B,#$04,LE807 | E7CE:BRCLR 0,X,#$01,LE803 | E7D9:BHI LE7F6 | E7DB:BRSET L0094,#$01,LE803 | E7E2:BRCLR L0016,#$01,LE803 | E7EB:BCC LE803",,mode_flag_or_safety_gate,medium,bit-level state mutation
E800,LE7F6,,BSET,"L0016,#$01",bit_mutation,L0016,$0016,L0016,internal_ram,bit,#$01,,,direct,bit_set_mask,"E7DB:BRSET L0094,#$01,LE803 | E7E2:BRCLR L0016,#$01,LE803 | E7EB:BCC LE803 | E7F4:BRA LE803 | E7F6:BRSET L0016,#$01,LE803 | E7FE:BCS LE804",,mode_flag_or_safety_gate,medium,bit-level state mutation
E804,LE804,,STAA,L0162,store,L0162,$0162,L0162,internal_ram,8,,,,direct,A,"E7DB:BRSET L0094,#$01,LE803 | E7E2:BRCLR L0016,#$01,LE803 | E7EB:BCC LE803 | E7F4:BRA LE803 | E7F6:BRSET L0016,#$01,LE803 | E7FE:BCS LE804",,ram_state_or_intermediate,medium,requires downstream read/use analysis
E820,LE808,,BSET,"L0094,#$02",bit_mutation,L0094,$0094,L0094,internal_ram,bit,#$02,,,direct,bit_set_mask,"E7F6:BRSET L0016,#$01,LE803 | E7FE:BCS LE804 | E808:BRSET L003B,#$04,LE846 | E80F:BRCLR 1,X,#$80,LE842 | E81A:BCS LE836 | E81C:BRSET L0094,#$02,LE842",,mode_flag_or_safety_gate,medium,bit-level state mutation
E82F,LE808,,STAB,L0020,store,L0020,$0020,L0020,internal_ram,8,,,,direct,B,"E808:BRSET L003B,#$04,LE846 | E80F:BRCLR 1,X,#$80,LE842 | E81A:BCS LE836 | E81C:BRSET L0094,#$02,LE842 | E823:BRCLR L0017,#$80,LE842 | E82B:BCC LE842",,ram_state_or_intermediate,medium,requires downstream read/use analysis
E831,LE808,,BCLR,"L0017,#$80",bit_mutation,L0017,$0017,L0017,internal_ram,bit,#$80,,,direct,bit_clear_mask,"E808:BRSET L003B,#$04,LE846 | E80F:BRCLR 1,X,#$80,LE842 | E81A:BCS LE836 | E81C:BRSET L0094,#$02,LE842 | E823:BRCLR L0017,#$80,LE842 | E82B:BCC LE842",,mode_flag_or_safety_gate,medium,bit-level state mutation
E83F,LE836,,BSET,"L0017,#$80",bit_mutation,L0017,$0017,L0017,internal_ram,bit,#$80,,,direct,bit_set_mask,"E81C:BRSET L0094,#$02,LE842 | E823:BRCLR L0017,#$80,LE842 | E82B:BCC LE842 | E834:BRA LE842 | E836:BRSET L0017,#$80,LE842 | E83D:BCS LE843",,mode_flag_or_safety_gate,medium,bit-level state mutation
E843,LE843,,STAA,L0163,store,L0163,$0163,L0163,internal_ram,8,,,,direct,A,"E81C:BRSET L0094,#$02,LE842 | E823:BRCLR L0017,#$80,LE842 | E82B:BCC LE842 | E834:BRA LE842 | E836:BRSET L0017,#$80,LE842 | E83D:BCS LE843",,ram_state_or_intermediate,medium,requires downstream read/use analysis
E859,LE847,,BSET,"L0094,#$04",bit_mutation,L0094,$0094,L0094,internal_ram,bit,#$04,,,direct,bit_set_mask,"E834:BRA LE842 | E836:BRSET L0017,#$80,LE842 | E83D:BCS LE843 | E847:BRSET L003B,#$04,LE8C7 | E84E:BRCLR 1,X,#$20,LE8C3 | E855:BRSET L0094,#$04,LE86F",,mode_flag_or_safety_gate,medium,bit-level state mutation
E868,LE847,,STAB,L0021,store,L0021,$0021,L0021,internal_ram,8,,,,direct,B,"E83D:BCS LE843 | E847:BRSET L003B,#$04,LE8C7 | E84E:BRCLR 1,X,#$20,LE8C3 | E855:BRSET L0094,#$04,LE86F | E85C:BRCLR L0017,#$20,LE8C3 | E864:BCC LE8C3",,ram_state_or_intermediate,medium,requires downstream read/use analysis
E86A,LE847,,BCLR,"L0017,#$20",bit_mutation,L0017,$0017,L0017,internal_ram,bit,#$20,,,direct,bit_clear_mask,"E83D:BCS LE843 | E847:BRSET L003B,#$04,LE8C7 | E84E:BRCLR 1,X,#$20,LE8C3 | E855:BRSET L0094,#$04,LE86F | E85C:BRCLR L0017,#$20,LE8C3 | E864:BCC LE8C3",,mode_flag_or_safety_gate,medium,bit-level state mutation
E8C0,LE8BB,,BSET,"L0017,#$20",bit_mutation,L0017,$0017,L0017,internal_ram,bit,#$20,,,direct,bit_set_mask,"E8A4:BRSET L001C,#$01,LE8C3 | E8A8:BRSET L0017,#$02,LE8C3 | E8B3:BLS LE8C3 | E8B5:BRCLR L00A2,#$50,LE8BB | E8B9:BRA LE8C3 | E8BE:BCS LE8C4",,mode_flag_or_safety_gate,medium,bit-level state mutation
E8C4,LE8C4,,STAA,L0164,store,L0164,$0164,L0164,internal_ram,8,,,,direct,A,"E8A4:BRSET L001C,#$01,LE8C3 | E8A8:BRSET L0017,#$02,LE8C3 | E8B3:BLS LE8C3 | E8B5:BRCLR L00A2,#$50,LE8BB | E8B9:BRA LE8C3 | E8BE:BCS LE8C4",,ram_state_or_intermediate,medium,requires downstream read/use analysis
E8DE,LE8C8,,BSET,"L0094,#$08",bit_mutation,L0094,$0094,L0094,internal_ram,bit,#$08,,,direct,bit_set_mask,"E8B9:BRA LE8C3 | E8BE:BCS LE8C4 | E8C8:BRSET L003B,#$04,LE904 | E8CF:BRCLR 1,X,#$02,LE900 | E8D6:BRSET L00A2,#$80,LE8F4 | E8DA:BRSET L0094,#$08,LE900",,mode_flag_or_safety_gate,medium,bit-level state mutation
E8ED,LE8C8,,STAB,L0022,store,L0022,$0022,L0022,internal_ram,8,,,,direct,B,"E8C8:BRSET L003B,#$04,LE904 | E8CF:BRCLR 1,X,#$02,LE900 | E8D6:BRSET L00A2,#$80,LE8F4 | E8DA:BRSET L0094,#$08,LE900 | E8E1:BRCLR L0017,#$02,LE900 | E8E9:BCC LE900",,ram_state_or_intermediate,medium,requires downstream read/use analysis
E8EF,LE8C8,,BCLR,"L0017,#$02",bit_mutation,L0017,$0017,L0017,internal_ram,bit,#$02,,,direct,bit_clear_mask,"E8C8:BRSET L003B,#$04,LE904 | E8CF:BRCLR 1,X,#$02,LE900 | E8D6:BRSET L00A2,#$80,LE8F4 | E8DA:BRSET L0094,#$08,LE900 | E8E1:BRCLR L0017,#$02,LE900 | E8E9:BCC LE900",,mode_flag_or_safety_gate,medium,bit-level state mutation
E8FD,LE8F4,,BSET,"L0017,#$02",bit_mutation,L0017,$0017,L0017,internal_ram,bit,#$02,,,direct,bit_set_mask,"E8DA:BRSET L0094,#$08,LE900 | E8E1:BRCLR L0017,#$02,LE900 | E8E9:BCC LE900 | E8F2:BRA LE900 | E8F4:BRSET L0017,#$02,LE900 | E8FB:BCS LE90",,mode_flag_or_safety_gate,medium,bit-level state mutation
E901,LE901,,STAA,L0165,store,L0165,$0165,L0165,internal_ram,8,,,,direct,A,"E8DA:BRSET L0094,#$08,LE900 | E8E1:BRCLR L0017,#$02,LE900 | E8E9:BCC LE900 | E8F2:BRA LE900 | E8F4:BRSET L0017,#$02,LE900 | E8FB:BCS LE90",,ram_state_or_intermediate,medium,requires downstream read/use analysis
E914,LE905,,BCLR,"L0094,#$30",bit_mutation,L0094,$0094,L0094,internal_ram,bit,#$30,,,direct,bit_clear_mask,"E8F2:BRA LE900 | E8F4:BRSET L0017,#$02,LE900 | E8FB:BCS LE90 | E905:BRSET L003B,#$04,LE936 | E90C:BRCLR 2,X,#$02,LE930 | E910:BRSET L009C,#$01,LE939",,mode_flag_or_safety_gate,medium,bit-level state mutation
E92B,LE905,,STAB,L0023,store,L0023,$0023,L0023,internal_ram,8,,,,direct,B,"E905:BRSET L003B,#$04,LE936 | E90C:BRCLR 2,X,#$02,LE930 | E910:BRSET L009C,#$01,LE939 | E917:BRCLR L0018,#$02,LE930 | E921:BCS LE933 | E927:BCC LE930",,ram_state_or_intermediate,medium,requires downstream read/use analysis
E92D,LE905,,BCLR,"L0018,#$02",bit_mutation,L0018,$0018,L0018,internal_ram,bit,#$02,,,direct,bit_clear_mask,"E905:BRSET L003B,#$04,LE936 | E90C:BRCLR 2,X,#$02,LE930 | E910:BRSET L009C,#$01,LE939 | E917:BRCLR L0018,#$02,LE930 | E921:BCS LE933 | E927:BCC LE930",,mode_flag_or_safety_gate,medium,bit-level state mutation
E943,LE939,,BSET,"L0094,#$10",bit_mutation,L0094,$0094,L0094,internal_ram,bit,#$10,,,direct,bit_set_mask,"E927:BCC LE930 | E930:JMP LE999 | E933:JMP LE99A | E936:JMP LE99D | E939:BRSET L0018,#$02,LE999 | E941:BHI LE94F",,mode_flag_or_safety_gate,medium,bit-level state mutation
E946,LE939,,BCLR,"L0094,#$20",bit_mutation,L0094,$0094,L0094,internal_ram,bit,#$20,,,direct,bit_clear_mask,"E927:BCC LE930 | E930:JMP LE999 | E933:JMP LE99A | E936:JMP LE99D | E939:BRSET L0018,#$02,LE999 | E941:BHI LE94F",,mode_flag_or_safety_gate,medium,bit-level state mutation
E94A,LE939,,STAA,L0182,store,L0182,$0182,L0182,internal_ram,8,,,,direct,A,"E927:BCC LE930 | E930:JMP LE999 | E933:JMP LE99A | E936:JMP LE99D | E939:BRSET L0018,#$02,LE999 | E941:BHI LE94F",,ram_state_or_intermediate,medium,requires downstream read/use analysis
E962,LE94F,,STAA,L0182,store,L0182,$0182,L0182,internal_ram,8,,,,direct,A,"E941:BHI LE94F | E94D:BRA LE99D | E94F:BRCLR L0094,#$10,LE99D | E955:BCC LE96B | E957:BRSET L0094,#$20,LE97F | E960:BEQ LE966",,ram_state_or_intermediate,medium,requires downstream read/use analysis
E966,LE966,,STAA,L0183,store,L0183,$0183,L0183,internal_ram,8,,,,direct,A,"E941:BHI LE94F | E94D:BRA LE99D | E94F:BRCLR L0094,#$10,LE99D | E955:BCC LE96B | E957:BRSET L0094,#$20,LE97F | E960:BEQ LE966",,ram_state_or_intermediate,medium,requires downstream read/use analysis
E96B,LE96B,,BSET,"L0094,#$20",bit_mutation,L0094,$0094,L0094,internal_ram,bit,#$20,,,direct,bit_set_mask,"E94D:BRA LE99D | E94F:BRCLR L0094,#$10,LE99D | E955:BCC LE96B | E957:BRSET L0094,#$20,LE97F | E960:BEQ LE966 | E969:BRA LE99D",,mode_flag_or_safety_gate,medium,bit-level state mutation
E975,LE96B,,STAA,L0183,store,L0183,$0183,L0183,internal_ram,8,,,,direct,A,"E94F:BRCLR L0094,#$10,LE99D | E955:BCC LE96B | E957:BRSET L0094,#$20,LE97F | E960:BEQ LE966 | E969:BRA LE99D | E973:BEQ LE978",,ram_state_or_intermediate,medium,requires downstream read/use analysis
E97F,LE97F,,BCLR,"L0094,#$30",bit_mutation,L0094,$0094,L0094,internal_ram,bit,#$30,,,direct,bit_clear_mask,"E955:BCC LE96B | E957:BRSET L0094,#$20,LE97F | E960:BEQ LE966 | E969:BRA LE99D | E973:BEQ LE978 | E97D:BHI LE984",,mode_flag_or_safety_gate,medium,bit-level state mutation
E98B,LE984,,BCLR,"L0094,#$30",bit_mutation,L0094,$0094,L0094,internal_ram,bit,#$30,,,direct,bit_clear_mask,E960:BEQ LE966 | E969:BRA LE99D | E973:BEQ LE978 | E97D:BHI LE984 | E982:BRA LE99D | E989:BLS LE99D,,mode_flag_or_safety_gate,medium,bit-level state mutation
E996,LE984,,BSET,"L0018,#$02",bit_mutation,L0018,$0018,L0018,internal_ram,bit,#$02,,,direct,bit_set_mask,E969:BRA LE99D | E973:BEQ LE978 | E97D:BHI LE984 | E982:BRA LE99D | E989:BLS LE99D | E994:BCS LE99A,,mode_flag_or_safety_gate,medium,bit-level state mutation
E99A,LE99A,,STAA,L0166,store,L0166,$0166,L0166,internal_ram,8,,,,direct,A,E969:BRA LE99D | E973:BEQ LE978 | E97D:BHI LE984 | E982:BRA LE99D | E989:BLS LE99D | E994:BCS LE99A,,ram_state_or_intermediate,medium,requires downstream read/use analysis
E9AD,LE99E,,BCLR,"L0094,#$80",bit_mutation,L0094,$0094,L0094,internal_ram,bit,#$80,,,direct,bit_clear_mask,"E982:BRA LE99D | E989:BLS LE99D | E994:BCS LE99A | E99E:BRSET L003B,#$04,LE9D2 | E9A5:BRCLR $2,X,#$01,LE9CC | E9A9:BRCLR L009C,#$01,LE9D5",,mode_flag_or_safety_gate,medium,bit-level state mutation
E9B0,LE99E,,BSET,"L0094,#$40",bit_mutation,L0094,$0094,L0094,internal_ram,bit,#$40,,,direct,bit_set_mask,"E982:BRA LE99D | E989:BLS LE99D | E994:BCS LE99A | E99E:BRSET L003B,#$04,LE9D2 | E9A5:BRCLR $2,X,#$01,LE9CC | E9A9:BRCLR L009C,#$01,LE9D5",,mode_flag_or_safety_gate,medium,bit-level state mutation
E9C7,LE99E,,STAB,L0024,store,L0024,$0024,L0024,internal_ram,8,,,,direct,B,"E99E:BRSET L003B,#$04,LE9D2 | E9A5:BRCLR $2,X,#$01,LE9CC | E9A9:BRCLR L009C,#$01,LE9D5 | E9B3:BRCLR L0018,#$01,LE9CC | E9BD:BCS LE9CF | E9C3:BCC LE9CC",,ram_state_or_intermediate,medium,requires downstream read/use analysis
E9C9,LE99E,,BCLR,"L0018,#$01",bit_mutation,L0018,$0018,L0018,internal_ram,bit,#$01,,,direct,bit_clear_mask,"E99E:BRSET L003B,#$04,LE9D2 | E9A5:BRCLR $2,X,#$01,LE9CC | E9A9:BRCLR L009C,#$01,LE9D5 | E9B3:BRCLR L0018,#$01,LE9CC | E9BD:BCS LE9CF | E9C3:BCC LE9CC",,mode_flag_or_safety_gate,medium,bit-level state mutation
E9E4,LE9D5,,STAA,L0185,store,L0185,$0185,L0185,internal_ram,8,,,,direct,A,"E9CC:JMP LEA3B | E9CF:JMP LEA3C | E9D2:JMP LEA3F | E9D5:BRSET L0018,#$01,LEA3B | E9DD:BLS LE9FD | E9DF:BRCLR L0094,#$40,LE9E7",,ram_state_or_intermediate,medium,requires downstream read/use analysis
E9E7,LE9E7,,BCLR,"L0094,#$40",bit_mutation,L0094,$0094,L0094,internal_ram,bit,#$40,,,direct,bit_clear_mask,"E9CC:JMP LEA3B | E9CF:JMP LEA3C | E9D2:JMP LEA3F | E9D5:BRSET L0018,#$01,LEA3B | E9DD:BLS LE9FD | E9DF:BRCLR L0094,#$40,LE9E7",,mode_flag_or_safety_gate,medium,bit-level state mutation
E9EA,LE9E7,,BSET,"L0094,#$80",bit_mutation,L0094,$0094,L0094,internal_ram,bit,#$80,,,direct,bit_set_mask,"E9CC:JMP LEA3B | E9CF:JMP LEA3C | E9D2:JMP LEA3F | E9D5:BRSET L0018,#$01,LEA3B | E9DD:BLS LE9FD | E9DF:BRCLR L0094,#$40,LE9E7",,mode_flag_or_safety_gate,medium,bit-level state mutation
E9F4,LE9E7,,STAA,L0185,store,L0185,$0185,L0185,internal_ram,8,,,,direct,A,"E9CF:JMP LEA3C | E9D2:JMP LEA3F | E9D5:BRSET L0018,#$01,LEA3B | E9DD:BLS LE9FD | E9DF:BRCLR L0094,#$40,LE9E7 | E9F2:BEQ LE9F8",,ram_state_or_intermediate,medium,requires downstream read/use analysis
E9F8,LE9F8,,STAA,L0184,store,L0184,$0184,L0184,internal_ram,8,,,,direct,A,"E9CF:JMP LEA3C | E9D2:JMP LEA3F | E9D5:BRSET L0018,#$01,LEA3B | E9DD:BLS LE9FD | E9DF:BRCLR L0094,#$40,LE9E7 | E9F2:BEQ LE9F8",,ram_state_or_intermediate,medium,requires downstream read/use analysis
EA05,LE9FD,,BSET,"L0094,#$40",bit_mutation,L0094,$0094,L0094,internal_ram,bit,#$40,,,direct,bit_set_mask,"E9DD:BLS LE9FD | E9DF:BRCLR L0094,#$40,LE9E7 | E9F2:BEQ LE9F8 | E9FB:BRA LEA3F | E9FD:BRCLR L0094,#$80,LEA3F | EA03:BLS LEA14",,mode_flag_or_safety_gate,medium,bit-level state mutation
EA0F,LE9FD,,STAA,L0184,store,L0184,$0184,L0184,internal_ram,8,,,,direct,A,"E9DF:BRCLR L0094,#$40,LE9E7 | E9F2:BEQ LE9F8 | E9FB:BRA LEA3F | E9FD:BRCLR L0094,#$80,LEA3F | EA03:BLS LEA14 | EA0D:BEQ LEA3F",,ram_state_or_intermediate,medium,requires downstream read/use analysis
EA22,LEA22,,BCLR,"L0094,#$80",bit_mutation,L0094,$0094,L0094,internal_ram,bit,#$80,,,direct,bit_clear_mask,"E9FD:BRCLR L0094,#$80,LEA3F | EA03:BLS LEA14 | EA0D:BEQ LEA3F | EA12:BRA LEA3F | EA19:BLS LEA22 | EA20:BHI LEA2A",,mode_flag_or_safety_gate,medium,bit-level state mutation
EA25,LEA22,,BSET,"L0094,#$40",bit_mutation,L0094,$0094,L0094,internal_ram,bit,#$40,,,direct,bit_set_mask,"E9FD:BRCLR L0094,#$80,LEA3F | EA03:BLS LEA14 | EA0D:BEQ LEA3F | EA12:BRA LEA3F | EA19:BLS LEA22 | EA20:BHI LEA2A",,mode_flag_or_safety_gate,medium,bit-level state mutation
EA2A,LEA2A,,BCLR,"L0094,#$80",bit_mutation,L0094,$0094,L0094,internal_ram,bit,#$80,,,direct,bit_clear_mask,EA03:BLS LEA14 | EA0D:BEQ LEA3F | EA12:BRA LEA3F | EA19:BLS LEA22 | EA20:BHI LEA2A | EA28:BRA LEA3F,,mode_flag_or_safety_gate,medium,bit-level state mutation
EA2D,LEA2A,,BSET,"L0094,#$40",bit_mutation,L0094,$0094,L0094,internal_ram,bit,#$40,,,direct,bit_set_mask,EA03:BLS LEA14 | EA0D:BEQ LEA3F | EA12:BRA LEA3F | EA19:BLS LEA22 | EA20:BHI LEA2A | EA28:BRA LEA3F,,mode_flag_or_safety_gate,medium,bit-level state mutation
EA38,LEA2A,,BSET,"L0018,#$01",bit_mutation,L0018,$0018,L0018,internal_ram,bit,#$01,,,direct,bit_set_mask,EA0D:BEQ LEA3F | EA12:BRA LEA3F | EA19:BLS LEA22 | EA20:BHI LEA2A | EA28:BRA LEA3F | EA36:BCS LEA3C,,mode_flag_or_safety_gate,medium,bit-level state mutation
EA3C,LEA3C,,STAA,L0167,store,L0167,$0167,L0167,internal_ram,8,,,,direct,A,EA0D:BEQ LEA3F | EA12:BRA LEA3F | EA19:BLS LEA22 | EA20:BHI LEA2A | EA28:BRA LEA3F | EA36:BCS LEA3C,,ram_state_or_intermediate,medium,requires downstream read/use analysis
EA59,LEA40,,BSET,"L0097,#$01",bit_mutation,L0097,$0097,L0097,internal_ram,bit,#$01,,,direct,bit_set_mask,"EA28:BRA LEA3F | EA36:BCS LEA3C | EA40:BRSET L003B,#$04,LEA7B | EA47:BRCLR $04,X,#$10,LEA73 | EA53:BHI LEA65 | EA55:BRSET L0097,#$01,LEA73",,mode_flag_or_safety_gate,medium,bit-level state mutation
EA60,LEA40,,BCLR,"L001A,#$10",bit_mutation,L001A,$001A,L001A,internal_ram,bit,#$10,,,direct,bit_clear_mask,"EA36:BCS LEA3C | EA40:BRSET L003B,#$04,LEA7B | EA47:BRCLR $04,X,#$10,LEA73 | EA53:BHI LEA65 | EA55:BRSET L0097,#$01,LEA73 | EA5C:BRCLR L001A,#$10,LEA73",,mode_flag_or_safety_gate,medium,bit-level state mutation
EA70,LEA65,,BSET,"L001A,#$10",bit_mutation,L001A,$001A,L001A,internal_ram,bit,#$10,,,direct,bit_set_mask,"EA53:BHI LEA65 | EA55:BRSET L0097,#$01,LEA73 | EA5C:BRCLR L001A,#$10,LEA73 | EA63:BRA LEA73 | EA65:BRSET L001A,#$10,LEA73 | EA6E:BCS LEA77",,mode_flag_or_safety_gate,medium,bit-level state mutation
EA77,LEA77,,STY,L0169,store,L0169,$0169,L0169,internal_ram,16,,,,direct,Y,"EA53:BHI LEA65 | EA55:BRSET L0097,#$01,LEA73 | EA5C:BRCLR L001A,#$10,LEA73 | EA63:BRA LEA73 | EA65:BRSET L001A,#$10,LEA73 | EA6E:BCS LEA77",,ram_state_or_intermediate,medium,requires downstream read/use analysis
EA94,LEA7C,,BSET,"L0095,#$02",bit_mutation,L0095,$0095,L0095,internal_ram,bit,#$02,,,direct,bit_set_mask,"EA65:BRSET L001A,#$10,LEA73 | EA6E:BCS LEA77 | EA7C:BRSET L003B,#$04,LEAB0 | EA83:BRCLR $0004,X,#$08,LEAAC | EA8E:BHI LEAA0 | EA90:BRSET L0095,#$02,LEAAC",,mode_flag_or_safety_gate,medium,bit-level state mutation
EA9B,LEA7C,,BCLR,"L001A,#$08",bit_mutation,L001A,$001A,L001A,internal_ram,bit,#$08,,,direct,bit_clear_mask,"EA6E:BCS LEA77 | EA7C:BRSET L003B,#$04,LEAB0 | EA83:BRCLR $0004,X,#$08,LEAAC | EA8E:BHI LEAA0 | EA90:BRSET L0095,#$02,LEAAC | EA97:BRCLR L001A,#$08,LEAAC",,mode_flag_or_safety_gate,medium,bit-level state mutation
EAA9,LEAA0,,BSET,"L001A,#$08",bit_mutation,L001A,$001A,L001A,internal_ram,bit,#$08,,,direct,bit_set_mask,"EA8E:BHI LEAA0 | EA90:BRSET L0095,#$02,LEAAC | EA97:BRCLR L001A,#$08,LEAAC | EA9E:BRA LEAAC | EAA0:BRSET L001A,#$08,LEAAC | EAA7:BCS LEAAD",,mode_flag_or_safety_gate,medium,bit-level state mutation
EAAD,LEAAD,,STAA,L016B,store,L016B,$016B,L016B,internal_ram,8,,,,direct,A,"EA8E:BHI LEAA0 | EA90:BRSET L0095,#$02,LEAAC | EA97:BRCLR L001A,#$08,LEAAC | EA9E:BRA LEAAC | EAA0:BRSET L001A,#$08,LEAAC | EAA7:BCS LEAAD",,ram_state_or_intermediate,medium,requires downstream read/use analysis
EACE,LEAB1,,BCLR,"L001B,#$40",bit_mutation,L001B,$001B,L001B,internal_ram,bit,#$40,,,direct,bit_clear_mask,"EAA7:BCS LEAAD | EAB1:BRSET L003B,#$04,LEAE3 | EAB8:BRCLR $0005,X,#$40,LEADF | EAC3:BCS LEAD3 | EAC5:BRCLR L001B,#$40,LEADF | EACC:BCS LEAE0",,mode_flag_or_safety_gate,medium,bit-level state mutation
EADC,LEAD3,,BSET,"L001B,#$40",bit_mutation,L001B,$001B,L001B,internal_ram,bit,#$40,,,direct,bit_set_mask,"EAC3:BCS LEAD3 | EAC5:BRCLR L001B,#$40,LEADF | EACC:BCS LEAE0 | EAD1:BRA LEADF | EAD3:BRSET L001B,#$40,LEADF | EADA:BCS LEAE0",,mode_flag_or_safety_gate,medium,bit-level state mutation
EAE0,LEAE0,,STAA,L016C,store,L016C,$016C,L016C,internal_ram,8,,,,direct,A,"EAC3:BCS LEAD3 | EAC5:BRCLR L001B,#$40,LEADF | EACC:BCS LEAE0 | EAD1:BRA LEADF | EAD3:BRSET L001B,#$40,LEADF | EADA:BCS LEAE0",,ram_state_or_intermediate,medium,requires downstream read/use analysis
EB01,LEAE4,,BCLR,"L001B,#$20",bit_mutation,L001B,$001B,L001B,internal_ram,bit,#$20,,,direct,bit_clear_mask,"EADA:BCS LEAE0 | EAE4:BRSET L003B,#$04,LEB16 | EAEB:BRCLR $0005,X,#$20,LEB12 | EAF6:BHI LEB06 | EAF8:BRCLR L001B,#$20,LEB12 | EAFF:BCS LEB13",,mode_flag_or_safety_gate,medium,bit-level state mutation
EB0F,LEB06,,BSET,"L001B,#$20",bit_mutation,L001B,$001B,L001B,internal_ram,bit,#$20,,,direct,bit_set_mask,"EAF6:BHI LEB06 | EAF8:BRCLR L001B,#$20,LEB12 | EAFF:BCS LEB13 | EB04:BRA LEB12 | EB06:BRSET L001B,#$20,LEB12 | EB0D:BCS LEB13",,mode_flag_or_safety_gate,medium,bit-level state mutation
EB13,LEB13,,STAA,L016D,store,L016D,$016D,L016D,internal_ram,8,,,,direct,A,"EAF6:BHI LEB06 | EAF8:BRCLR L001B,#$20,LEB12 | EAFF:BCS LEB13 | EB04:BRA LEB12 | EB06:BRSET L001B,#$20,LEB12 | EB0D:BCS LEB13",,ram_state_or_intermediate,medium,requires downstream read/use analysis
EB37,LEB19,,BCLR,"L001B,#$04",bit_mutation,L001B,$001B,L001B,internal_ram,bit,#$04,,,direct,bit_clear_mask,"EB0D:BCS LEB13 | EB19:BRSET L003B,#$04,LEB4C | EB20:BRCLR $0005,X,#$04,LEB48 | EB2C:BHI LEB3C | EB2E:BRCLR L001B,#$04,LEB48 | EB35:BCS LEB49",,mode_flag_or_safety_gate,medium,bit-level state mutation
EB45,LEB3C,,BSET,"L001B,#$04",bit_mutation,L001B,$001B,L001B,internal_ram,bit,#$04,,,direct,bit_set_mask,"EB2C:BHI LEB3C | EB2E:BRCLR L001B,#$04,LEB48 | EB35:BCS LEB49 | EB3A:BRA LEB48 | EB3C:BRSET L001B,#$04,LEB48 | EB43:BCS LEB49",,mode_flag_or_safety_gate,medium,bit-level state mutation
EB49,LEB49,,STAA,L016E,store,L016E,$016E,L016E,internal_ram,8,,,,direct,A,"EB2C:BHI LEB3C | EB2E:BRCLR L001B,#$04,LEB48 | EB35:BCS LEB49 | EB3A:BRA LEB48 | EB3C:BRSET L001B,#$04,LEB48 | EB43:BCS LEB49",,ram_state_or_intermediate,medium,requires downstream read/use analysis
EB6B,LEB4D,,BCLR,"L001B,#$02",bit_mutation,L001B,$001B,L001B,internal_ram,bit,#$02,,,direct,bit_clear_mask,"EB43:BCS LEB49 | EB4D:BRSET L003B,#$04,LEB80 | EB54:BRCLR $0005,X,#$02,LEB7C | EB60:BCS LEB70 | EB62:BRCLR L001B,#$02,LEB7C | EB69:BCS LEB7D",,mode_flag_or_safety_gate,medium,bit-level state mutation
EB79,LEB70,,BSET,"L001B,#$02",bit_mutation,L001B,$001B,L001B,internal_ram,bit,#$02,,,direct,bit_set_mask,"EB60:BCS LEB70 | EB62:BRCLR L001B,#$02,LEB7C | EB69:BCS LEB7D | EB6E:BRA LEB7C | EB70:BRSET L001B,#$02,LEB7C | EB77:BCS LEB7D",,mode_flag_or_safety_gate,medium,bit-level state mutation
EB7D,LEB7D,,STAA,L016F,store,L016F,$016F,L016F,internal_ram,8,,,,direct,A,"EB60:BCS LEB70 | EB62:BRCLR L001B,#$02,LEB7C | EB69:BCS LEB7D | EB6E:BRA LEB7C | EB70:BRSET L001B,#$02,LEB7C | EB77:BCS LEB7D",,ram_state_or_intermediate,medium,requires downstream read/use analysis
EBA0,LEB81,,BCLR,"L001C,#$08",bit_mutation,L001C,$001C,L001C,internal_ram,bit,#$08,,,direct,bit_clear_mask,"EB77:BCS LEB7D | EB81:BRSET L003B,#$04,LEBBF | EB88:BRCLR 6,X,#$08,LEBBB | EB95:BCS LEBA5 | EB97:BRCLR L001C,#$08,LEBBB | EB9E:BCS LEBBC",,mode_flag_or_safety_gate,medium,bit-level state mutation
EBB8,LEBA5,,BSET,"L001C,#$08",bit_mutation,L001C,$001C,L001C,internal_ram,bit,#$08,,,direct,bit_set_mask,"EB9E:BCS LEBBC | EBA3:BRA LEBBB | EBA5:BRSET L001C,#$08,LEBBB | EBA9:BRSET L0017,#$02,LEBBB | EBB1:BNE LEBBB | EBB6:BCS LEBBC",,mode_flag_or_safety_gate,medium,bit-level state mutation
EBBC,LEBBC,,STAA,L0174,store,L0174,$0174,L0174,internal_ram,8,,,,direct,A,"EB9E:BCS LEBBC | EBA3:BRA LEBBB | EBA5:BRSET L001C,#$08,LEBBB | EBA9:BRSET L0017,#$02,LEBBB | EBB1:BNE LEBBB | EBB6:BCS LEBBC",,ram_state_or_intermediate,medium,requires downstream read/use analysis
EBE9,LEBE3,,BSET,"L0095,#$10",bit_mutation,L0095,$0095,L0095,internal_ram,bit,#$10,,,direct,bit_set_mask,"EBC7:BRCLR 6,X,#$04,LEC28 | EBCF:BPL LEBD5 | EBD5:BRCLR L00A2,#$50,LEBDF | EBDD:BRA LEBE3 | EBE3:BHI LEC00 | EBE5:BRSET L0095,#$10,LEC28",,mode_flag_or_safety_gate,medium,bit-level state mutation
EBF9,LEBE3,,STAB,L0029,store,L0029,$0029,L0029,internal_ram,8,,,,direct,B,"EBD5:BRCLR L00A2,#$50,LEBDF | EBDD:BRA LEBE3 | EBE3:BHI LEC00 | EBE5:BRSET L0095,#$10,LEC28 | EBEC:BRCLR L001C,#$04,LEC28 | EBF5:BCC LEC28",,ram_state_or_intermediate,medium,requires downstream read/use analysis
EBFB,LEBE3,,BCLR,"L001C,#$04",bit_mutation,L001C,$001C,L001C,internal_ram,bit,#$04,,,direct,bit_clear_mask,"EBD5:BRCLR L00A2,#$50,LEBDF | EBDD:BRA LEBE3 | EBE3:BHI LEC00 | EBE5:BRSET L0095,#$10,LEC28 | EBEC:BRCLR L001C,#$04,LEC28 | EBF5:BCC LEC28",,mode_flag_or_safety_gate,medium,bit-level state mutation
EC25,LEC00,,BSET,"L001C,#$04",bit_mutation,L001C,$001C,L001C,internal_ram,bit,#$04,,,direct,bit_set_mask,"EC00:BRSET L001C,#$04,LEC28 | EC07:BNE LEC28 | EC10:BCS LEC28 | EC16:BNE LEC28 | EC18:BRSET L0017,#$02,LEC28 | EC23:BCS LEC29",,mode_flag_or_safety_gate,medium,bit-level state mutation
EC29,LEC29,,STAA,L0175,store,L0175,$0175,L0175,internal_ram,8,,,,direct,A,"EC00:BRSET L001C,#$04,LEC28 | EC07:BNE LEC28 | EC10:BCS LEC28 | EC16:BNE LEC28 | EC18:BRSET L0017,#$02,LEC28 | EC23:BCS LEC29",,ram_state_or_intermediate,medium,requires downstream read/use analysis
EC4D,LEC45,,BSET,"L0095,#$20",bit_mutation,L0095,$0095,L0095,internal_ram,bit,#$20,,,direct,bit_set_mask,"EC2D:BRSET L003B,#$04,LEC78 | EC34:BRCLR 6,X,#$02,LEC74 | EC3B:BRSET L008E,#$80,LEC63 | EC42:BPL LEC45 | EC47:BHI LEC63 | EC49:BRSET L0095,#$20,LEC74",,mode_flag_or_safety_gate,medium,bit-level state mutation
EC5C,LEC45,,STAB,L002A,store,L002A,$002A,L002A,internal_ram,8,,,,direct,B,"EC3B:BRSET L008E,#$80,LEC63 | EC42:BPL LEC45 | EC47:BHI LEC63 | EC49:BRSET L0095,#$20,LEC74 | EC50:BRCLR L001C,#$02,LEC74 | EC58:BCC LEC74",,ram_state_or_intermediate,medium,requires downstream read/use analysis
EC5E,LEC45,,BCLR,"L001C,#$02",bit_mutation,L001C,$001C,L001C,internal_ram,bit,#$02,,,direct,bit_clear_mask,"EC3B:BRSET L008E,#$80,LEC63 | EC42:BPL LEC45 | EC47:BHI LEC63 | EC49:BRSET L0095,#$20,LEC74 | EC50:BRCLR L001C,#$02,LEC74 | EC58:BCC LEC74",,mode_flag_or_safety_gate,medium,bit-level state mutation
EC71,LEC63,,BSET,"L001C,#$02",bit_mutation,L001C,$001C,L001C,internal_ram,bit,#$02,,,direct,bit_set_mask,"EC50:BRCLR L001C,#$02,LEC74 | EC58:BCC LEC74 | EC61:BRA LEC74 | EC63:BRSET L001D,#$80,LEC74 | EC6A:BNE LEC74 | EC6F:BCS LEC75",,mode_flag_or_safety_gate,medium,bit-level state mutation
EC75,LEC75,,STAA,L0176,store,L0176,$0176,L0176,internal_ram,8,,,,direct,A,"EC50:BRCLR L001C,#$02,LEC74 | EC58:BCC LEC74 | EC61:BRA LEC74 | EC63:BRSET L001D,#$80,LEC74 | EC6A:BNE LEC74 | EC6F:BCS LEC75",,ram_state_or_intermediate,medium,requires downstream read/use analysis
ECB6,LECA5,,BCLR,"L001D,#$80",bit_mutation,L001D,$001D,L001D,internal_ram,bit,#$80,,,direct,bit_clear_mask,"EC8B:BCS LECC7 | EC8D:BRSET L1D,#$80,LEC9C | EC9A:BRA LECA5 | ECAB:BHI LECBB | ECAD:BRCLR L001D,#$80,LECC7 | ECB4:BCS LECC8",,mode_flag_or_safety_gate,medium,bit-level state mutation
ECC4,LECBB,,BSET,"L001D,#$80",bit_mutation,L001D,$001D,L001D,internal_ram,bit,#$80,,,direct,bit_set_mask,"ECAB:BHI LECBB | ECAD:BRCLR L001D,#$80,LECC7 | ECB4:BCS LECC8 | ECB9:BRA LECC7 | ECBB:BRSET L001D,#$80,LECC7 | ECC2:BCS LECC8",,mode_flag_or_safety_gate,medium,bit-level state mutation
ECC8,LECC8,,STAA,L0178,store,L0178,$0178,L0178,internal_ram,8,,,,direct,A,"ECAB:BHI LECBB | ECAD:BRCLR L001D,#$80,LECC7 | ECB4:BCS LECC8 | ECB9:BRA LECC7 | ECBB:BRSET L001D,#$80,LECC7 | ECC2:BCS LECC8",,ram_state_or_intermediate,medium,requires downstream read/use analysis
ECE2,LECCC,,BSET,"L0095,#$40",bit_mutation,L0095,$0095,L0095,internal_ram,bit,#$40,,,direct,bit_set_mask,"ECBB:BRSET L001D,#$80,LECC7 | ECC2:BCS LECC8 | ECCC:BRSET L003B,#$04,LECFE | ECD3:BRCLR $07,X,#$20,LECFA | ECDA:BRSET L009F,#$08,LECEE | ECDE:BRSET L0095,#$40,LECFA",,mode_flag_or_safety_gate,medium,bit-level state mutation
ECE9,LECCC,,BCLR,"L001D,#$20",bit_mutation,L001D,$001D,L001D,internal_ram,bit,#$20,,,direct,bit_clear_mask,"ECC2:BCS LECC8 | ECCC:BRSET L003B,#$04,LECFE | ECD3:BRCLR $07,X,#$20,LECFA | ECDA:BRSET L009F,#$08,LECEE | ECDE:BRSET L0095,#$40,LECFA | ECE5:BRCLR L001D,#$20,LECFA",,mode_flag_or_safety_gate,medium,bit-level state mutation
ECF7,LECEE,,BSET,"L001D,#$20",bit_mutation,L001D,$001D,L001D,internal_ram,bit,#$20,,,direct,bit_set_mask,"ECDA:BRSET L009F,#$08,LECEE | ECDE:BRSET L0095,#$40,LECFA | ECE5:BRCLR L001D,#$20,LECFA | ECEC:BRA LECFA | ECEE:BRSET L001D,#$20,LECFA | ECF5:BCS LECFB",,mode_flag_or_safety_gate,medium,bit-level state mutation
ECFB,LECFB,,STAA,L0179,store,L0179,$0179,L0179,internal_ram,8,,,,direct,A,"ECDA:BRSET L009F,#$08,LECEE | ECDE:BRSET L0095,#$40,LECFA | ECE5:BRCLR L001D,#$20,LECFA | ECEC:BRA LECFA | ECEE:BRSET L001D,#$20,LECFA | ECF5:BCS LECFB",,ram_state_or_intermediate,medium,requires downstream read/use analysis
ED1F,LECFF,,BCLR,"L001D,#$08",bit_mutation,L001D,$001D,L001D,internal_ram,bit,#$08,,,direct,bit_clear_mask,"ECF5:BCS LECFB | ECFF:BRSET L003B,#$04,LED3E | ED06:BRCLR $07,X,#$08,LED36 | ED10:BRCLR L001D,#$08,LED24 | ED16:BCC LED36 | ED1D:BCS LED3A",,mode_flag_or_safety_gate,medium,bit-level state mutation
ED33,LED24,,BSET,"L001D,#$08",bit_mutation,L001D,$001D,L001D,internal_ram,bit,#$08,,,direct,bit_set_mask,"ED16:BCC LED36 | ED1D:BCS LED3A | ED22:BRA LED36 | ED26:BCS LED36 | ED28:BRSET L001B,#$40,LED36 | ED31:BCS LED3A",,mode_flag_or_safety_gate,medium,bit-level state mutation
ED3A,LED3A,,STY,L017A,store,L017A,$017A,L017A,internal_ram,16,,,,direct,Y,"ED16:BCC LED36 | ED1D:BCS LED3A | ED22:BRA LED36 | ED26:BCS LED36 | ED28:BRSET L001B,#$40,LED36 | ED31:BCS LED3A",,ram_state_or_intermediate,medium,requires downstream read/use analysis
ED59,LED55,,BSET,"L0096,#$01",bit_mutation,L0096,$0096,L0096,internal_ram,bit,#$01,,,direct,bit_set_mask,"ED31:BCS LED3A | ED3F:BRSET L003B,#$04,LED7F | ED46:BRCLR $07,X,#$04,LED7B | ED4D:BRCLR L009E,#$01,LED55 | ED51:BRCLR L009E,#$20,LED6F | ED55:BRSET L0096,#$01,LED7B",,mode_flag_or_safety_gate,medium,bit-level state mutation
ED68,LED55,,STAB,L002B,store,L002B,$002B,L002B,internal_ram,8,,,,direct,B,"ED46:BRCLR $07,X,#$04,LED7B | ED4D:BRCLR L009E,#$01,LED55 | ED51:BRCLR L009E,#$20,LED6F | ED55:BRSET L0096,#$01,LED7B | ED5C:BRCLR L001D,#$04,LED7B | ED64:BCC LED7B",,ram_state_or_intermediate,medium,requires downstream read/use analysis
ED6A,LED55,,BCLR,"L001D,#$04",bit_mutation,L001D,$001D,L001D,internal_ram,bit,#$04,,,direct,bit_clear_mask,"ED46:BRCLR $07,X,#$04,LED7B | ED4D:BRCLR L009E,#$01,LED55 | ED51:BRCLR L009E,#$20,LED6F | ED55:BRSET L0096,#$01,LED7B | ED5C:BRCLR L001D,#$04,LED7B | ED64:BCC LED7B",,mode_flag_or_safety_gate,medium,bit-level state mutation
ED78,LED6F,,BSET,"L001D,#$04",bit_mutation,L001D,$001D,L001D,internal_ram,bit,#$04,,,direct,bit_set_mask,"ED55:BRSET L0096,#$01,LED7B | ED5C:BRCLR L001D,#$04,LED7B | ED64:BCC LED7B | ED6D:BRA LED7B | ED6F:BRSET L001D,#$04,LED7B | ED76:BCS LED7C",,mode_flag_or_safety_gate,medium,bit-level state mutation
ED7C,LED7C,,STAA,L017C,store,L017C,$017C,L017C,internal_ram,8,,,,direct,A,"ED55:BRSET L0096,#$01,LED7B | ED5C:BRCLR L001D,#$04,LED7B | ED64:BCC LED7B | ED6D:BRA LED7B | ED6F:BRSET L001D,#$04,LED7B | ED76:BCS LED7C",,ram_state_or_intermediate,medium,requires downstream read/use analysis
ED9A,LED96,,BSET,"L0096,#$02",bit_mutation,L0096,$0096,L0096,internal_ram,bit,#$02,,,direct,bit_set_mask,"ED76:BCS LED7C | ED80:BRSET L003B,#$04,LEDC0 | ED87:BRCLR 7,X,#$02,LEDBC | ED8E:BRCLR L009E,#$01,LED96 | ED92:BRCLR L009E,#$10,LEDB0 | ED96:BRSET L0096,#$02,LEDBC",,mode_flag_or_safety_gate,medium,bit-level state mutation
EDA9,LED96,,STAB,L002C,store,L002C,$002C,L002C,internal_ram,8,,,,direct,B,"ED87:BRCLR 7,X,#$02,LEDBC | ED8E:BRCLR L009E,#$01,LED96 | ED92:BRCLR L009E,#$10,LEDB0 | ED96:BRSET L0096,#$02,LEDBC | ED9D:BRCLR L001D,#$02,LEDBC | EDA5:BCC LEDBC",,ram_state_or_intermediate,medium,requires downstream read/use analysis
EDAB,LED96,,BCLR,"L001D,#$02",bit_mutation,L001D,$001D,L001D,internal_ram,bit,#$02,,,direct,bit_clear_mask,"ED87:BRCLR 7,X,#$02,LEDBC | ED8E:BRCLR L009E,#$01,LED96 | ED92:BRCLR L009E,#$10,LEDB0 | ED96:BRSET L0096,#$02,LEDBC | ED9D:BRCLR L001D,#$02,LEDBC | EDA5:BCC LEDBC",,mode_flag_or_safety_gate,medium,bit-level state mutation
EDB9,LEDB0,,BSET,"L001D,#$02",bit_mutation,L001D,$001D,L001D,internal_ram,bit,#$02,,,direct,bit_set_mask,"ED96:BRSET L0096,#$02,LEDBC | ED9D:BRCLR L001D,#$02,LEDBC | EDA5:BCC LEDBC | EDAE:BRA LEDBC | EDB0:BRSET L001D,#$02,LEDBC | EDB7:BCS LEDBD",,mode_flag_or_safety_gate,medium,bit-level state mutation
EDBD,LEDBD,,STAA,L017D,store,L017D,$017D,L017D,internal_ram,8,,,,direct,A,"ED96:BRSET L0096,#$02,LEDBC | ED9D:BRCLR L001D,#$02,LEDBC | EDA5:BCC LEDBC | EDAE:BRA LEDBC | EDB0:BRSET L001D,#$02,LEDBC | EDB7:BCS LEDBD",,ram_state_or_intermediate,medium,requires downstream read/use analysis
EDDB,LEDD7,,BSET,"L0096,#$04",bit_mutation,L0096,$0096,L0096,internal_ram,bit,#$04,,,direct,bit_set_mask,"EDB7:BCS LEDBD | EDC1:BRSET L003B,#$04,LEE01 | EDC8:BRCLR $0007,X,#$01,LEDFD | EDCF:BRCLR L009E,#$01,LEDD7 | EDD3:BRSET L009E,#$30,LEDF1 | EDD7:BRSET L0096,#$04,LEDFD",,mode_flag_or_safety_gate,medium,bit-level state mutation
EDEA,LEDD7,,STAB,L002D,store,L002D,$002D,L002D,internal_ram,8,,,,direct,B,"EDC8:BRCLR $0007,X,#$01,LEDFD | EDCF:BRCLR L009E,#$01,LEDD7 | EDD3:BRSET L009E,#$30,LEDF1 | EDD7:BRSET L0096,#$04,LEDFD | EDDE:BRCLR L001D,#$01,LEDFD | EDE6:BCC LEDFD",,ram_state_or_intermediate,medium,requires downstream read/use analysis
EDEC,LEDD7,,BCLR,"L001D,#$01",bit_mutation,L001D,$001D,L001D,internal_ram,bit,#$01,,,direct,bit_clear_mask,"EDC8:BRCLR $0007,X,#$01,LEDFD | EDCF:BRCLR L009E,#$01,LEDD7 | EDD3:BRSET L009E,#$30,LEDF1 | EDD7:BRSET L0096,#$04,LEDFD | EDDE:BRCLR L001D,#$01,LEDFD | EDE6:BCC LEDFD",,mode_flag_or_safety_gate,medium,bit-level state mutation
EDFA,LEDF1,,BSET,"L001D,#$01",bit_mutation,L001D,$001D,L001D,internal_ram,bit,#$01,,,direct,bit_set_mask,"EDD7:BRSET L0096,#$04,LEDFD | EDDE:BRCLR L001D,#$01,LEDFD | EDE6:BCC LEDFD | EDEF:BRA LEDFD | EDF1:BRSET L001D,#$01,LEDFD | EDF8:BCS LEDFE",,mode_flag_or_safety_gate,medium,bit-level state mutation
EDFE,LEDFE,,STAA,L017E,store,L017E,$017E,L017E,internal_ram,8,,,,direct,A,"EDD7:BRSET L0096,#$04,LEDFD | EDDE:BRCLR L001D,#$01,LEDFD | EDE6:BCC LEDFD | EDEF:BRA LEDFD | EDF1:BRSET L001D,#$01,LEDFD | EDF8:BCS LEDFE",,ram_state_or_intermediate,medium,requires downstream read/use analysis
EE14,LEE02,,BSET,"L0095,#$01",bit_mutation,L0095,$0095,L0095,internal_ram,bit,#$01,,,direct,bit_set_mask,"EDEF:BRA LEDFD | EDF1:BRSET L001D,#$01,LEDFD | EDF8:BCS LEDFE | EE02:BRSET L003B,#$04,LEE5E | EE09:BRCLR $0003,X,#$80,LEE5A | EE10:BRSET L0095,#$01,LEE2A",,mode_flag_or_safety_gate,medium,bit-level state mutation
EE23,LEE02,,STAB,L0025,store,L0025,$0025,L0025,internal_ram,8,,,,direct,B,"EDF8:BCS LEDFE | EE02:BRSET L003B,#$04,LEE5E | EE09:BRCLR $0003,X,#$80,LEE5A | EE10:BRSET L0095,#$01,LEE2A | EE17:BRCLR L0019,#$80,LEE5A | EE1F:BCC LEE5A",,ram_state_or_intermediate,medium,requires downstream read/use analysis
EE25,LEE02,,BCLR,"L0019,#$80",bit_mutation,L0019,$0019,L0019,internal_ram,bit,#$80,,,direct,bit_clear_mask,"EDF8:BCS LEDFE | EE02:BRSET L003B,#$04,LEE5E | EE09:BRCLR $0003,X,#$80,LEE5A | EE10:BRSET L0095,#$01,LEE2A | EE17:BRCLR L0019,#$80,LEE5A | EE1F:BCC LEE5A",,mode_flag_or_safety_gate,medium,bit-level state mutation
EE57,LEE2A,,BSET,"L0019,#$80",bit_mutation,L0019,$0019,L0019,internal_ram,bit,#$80,,,direct,bit_set_mask,"EE40:BEQ LEE5A | EE42:BRSET L001C,#$08,LEE5A | EE46:BRSET L001C,#$01,LEE5A | EE4A:BRSET L0017,#$02,LEE5A | EE4E:BRCLR L00A2,#$0C,LEE5A | EE55:BCS LEE5B",,mode_flag_or_safety_gate,medium,bit-level state mutation
EE5B,LEE5B,,STAA,L0168,store,L0168,$0168,L0168,internal_ram,8,,,,direct,A,"EE40:BEQ LEE5A | EE42:BRSET L001C,#$08,LEE5A | EE46:BRSET L001C,#$01,LEE5A | EE4A:BRSET L0017,#$02,LEE5A | EE4E:BRCLR L00A2,#$0C,LEE5A | EE55:BCS LEE5B",,ram_state_or_intermediate,medium,requires downstream read/use analysis
EE7B,LEE61,,BSET,"L0095,#$04",bit_mutation,L0095,$0095,L0095,internal_ram,bit,#$04,,,direct,bit_set_mask,"EE4E:BRCLR L00A2,#$0C,LEE5A | EE55:BCS LEE5B | EE61:BRSET L003B,#$04,LEEBB | EE68:BRCLR 6,X,#$20,LEEB7 | EE75:BHI LEE91 | EE77:BRSET L0095,#$04,LEEB7",,mode_flag_or_safety_gate,medium,bit-level state mutation
EE8A,LEE61,,STAB,L0028,store,L0028,$0028,L0028,internal_ram,8,,,,direct,B,"EE61:BRSET L003B,#$04,LEEBB | EE68:BRCLR 6,X,#$20,LEEB7 | EE75:BHI LEE91 | EE77:BRSET L0095,#$04,LEEB7 | EE7E:BRCLR L001C,#$20,LEEB7 | EE86:BCC LEEB7",,ram_state_or_intermediate,medium,requires downstream read/use analysis
EE8C,LEE61,,BCLR,"L001C,#$20",bit_mutation,L001C,$001C,L001C,internal_ram,bit,#$20,,,direct,bit_clear_mask,"EE61:BRSET L003B,#$04,LEEBB | EE68:BRCLR 6,X,#$20,LEEB7 | EE75:BHI LEE91 | EE77:BRSET L0095,#$04,LEEB7 | EE7E:BRCLR L001C,#$20,LEEB7 | EE86:BCC LEEB7",,mode_flag_or_safety_gate,medium,bit-level state mutation
EEB4,LEE91,,BSET,"L001C,#$20",bit_mutation,L001C,$001C,L001C,internal_ram,bit,#$20,,,direct,bit_set_mask,"EE9B:BRCLR L0089,#$20,LEEB7 | EE9F:BRSET L001C,#$08,LEEB7 | EEA3:BRSET L001C,#$01,LEEB7 | EEA7:BRSET L0017,#$02,LEEB7 | EEAB:BRCLR L00A2,#$0F,LEEB7 | EEB2:BCS LEEB8",,mode_flag_or_safety_gate,medium,bit-level state mutation
EEB8,LEEB8,,STAA,L0172,store,L0172,$0172,L0172,internal_ram,8,,,,direct,A,"EE9B:BRCLR L0089,#$20,LEEB7 | EE9F:BRSET L001C,#$08,LEEB7 | EEA3:BRSET L001C,#$01,LEEB7 | EEA7:BRSET L0017,#$02,LEEB7 | EEAB:BRCLR L00A2,#$0F,LEEB7 | EEB2:BCS LEEB8",,ram_state_or_intermediate,medium,requires downstream read/use analysis
EECE,LEEBC,,BSET,"L0095,#$08",bit_mutation,L0095,$0095,L0095,internal_ram,bit,#$08,,,direct,bit_set_mask,"EEA7:BRSET L0017,#$02,LEEB7 | EEAB:BRCLR L00A2,#$0F,LEEB7 | EEB2:BCS LEEB8 | EEBC:BRSET L003B,#$04,LEF2A | EEC3:BRCLR 6,X,#$10,LEF26 | EECA:BRSET L0095,#$08,LEEDA",,mode_flag_or_safety_gate,medium,bit-level state mutation
EED5,LEEBC,,BCLR,"L001C,#$10",bit_mutation,L001C,$001C,L001C,internal_ram,bit,#$10,,,direct,bit_clear_mask,"EEAB:BRCLR L00A2,#$0F,LEEB7 | EEB2:BCS LEEB8 | EEBC:BRSET L003B,#$04,LEF2A | EEC3:BRCLR 6,X,#$10,LEF26 | EECA:BRSET L0095,#$08,LEEDA | EED1:BRCLR L001C,#$10,LEF26",,mode_flag_or_safety_gate,medium,bit-level state mutation
EF23,LEEDA,,BSET,"L001C,#$10",bit_mutation,L001C,$001C,L001C,internal_ram,bit,#$10,,,direct,bit_set_mask,"EF05:BRSET L001C,#$08,LEF26 | EF10:BLS LEF26 | EF12:BRSET L001C,#$01,LEF26 | EF16:BRSET L0017,#$02,LEF26 | EF1A:BRCLR L00A2,#$0C,LEF26 | EF21:BCS LEF27",,mode_flag_or_safety_gate,medium,bit-level state mutation
EF27,LEF27,,STAA,L0173,store,L0173,$0173,L0173,internal_ram,8,,,,direct,A,"EF05:BRSET L001C,#$08,LEF26 | EF10:BLS LEF26 | EF12:BRSET L001C,#$01,LEF26 | EF16:BRSET L0017,#$02,LEF26 | EF1A:BRCLR L00A2,#$0C,LEF26 | EF21:BCS LEF27",,ram_state_or_intermediate,medium,requires downstream read/use analysis
EF4B,LEF2B,,BCLR,"L001C,#$01",bit_mutation,L001C,$001C,L001C,internal_ram,bit,#$01,,,direct,bit_clear_mask,"EF21:BCS LEF27 | EF2B:BRSET L003B,#$04,LEF87 | EF32:BRCLR 6,X,#$01,LEF83 | EF40:BCS LEF50 | EF42:BRCLR L001C,#$01,LEF83 | EF49:BCS LEF84",,mode_flag_or_safety_gate,medium,bit-level state mutation
EF80,LEF5A,,BSET,"L001C,#$01",bit_mutation,L001C,$001C,L001C,internal_ram,bit,#$01,,,direct,bit_set_mask,"EF5E:BRSET L001C,#$04,LEF83 | EF68:BLS LEF83 | EF6A:BRSET L001C,#$08,LEF83 | EF75:BLS LEF83 | EF77:BRSET L0017,#$02,LEF83 | EF7E:BCS LEF84",,mode_flag_or_safety_gate,medium,bit-level state mutation
EF84,LEF84,,STAA,L0177,store,L0177,$0177,L0177,internal_ram,8,,,,direct,A,"EF5E:BRSET L001C,#$04,LEF83 | EF68:BLS LEF83 | EF6A:BRSET L001C,#$08,LEF83 | EF75:BLS LEF83 | EF77:BRSET L0017,#$02,LEF83 | EF7E:BCS LEF84",,ram_state_or_intermediate,medium,requires downstream read/use analysis
EF9A,LEF88,,BSET,"L0096,#$08",bit_mutation,L0096,$0096,L0096,internal_ram,bit,#$08,,,direct,bit_set_mask,"EF75:BLS LEF83 | EF77:BRSET L0017,#$02,LEF83 | EF7E:BCS LEF84 | EF88:BRSET L003B,#$04,LEFB1 | EF8F:BRCLR $08,X,#$40,LEFAE | EF96:BRSET L0096,#$08,LEFB4",,mode_flag_or_safety_gate,medium,bit-level state mutation
EFA9,LEF88,,STAB,L002E,store,L002E,$002E,L002E,internal_ram,8,,,,direct,B,"EF7E:BCS LEF84 | EF88:BRSET L003B,#$04,LEFB1 | EF8F:BRCLR $08,X,#$40,LEFAE | EF96:BRSET L0096,#$08,LEFB4 | EF9D:BRCLR L001E,#$40,LEFAE | EFA5:BCC LEFAE",,ram_state_or_intermediate,medium,requires downstream read/use analysis
EFAB,LEF88,,BCLR,"L001E,#$40",bit_mutation,L001E,$001E,L001E,internal_ram,bit,#$40,,,direct,bit_clear_mask,"EF7E:BCS LEF84 | EF88:BRSET L003B,#$04,LEFB1 | EF8F:BRCLR $08,X,#$40,LEFAE | EF96:BRSET L0096,#$08,LEFB4 | EF9D:BRCLR L001E,#$40,LEFAE | EFA5:BCC LEFAE",,mode_flag_or_safety_gate,medium,bit-level state mutation
F027,LEFE5,,BSET,"L001E,#$40",bit_mutation,L001E,$001E,L001E,internal_ram,bit,#$40,,,direct,bit_set_mask,"F00C:BRSET L0017,#$20,LF02A | F010:BRSET L001C,#$04,LF02A | F014:BRSET L001C,#$01,LF02A | F01C:BLS LF02A | F01E:BRCLR L00A2,#$2F,LF02A | F025:BCS LF02B",,mode_flag_or_safety_gate,medium,bit-level state mutation
F02B,LF02B,,STAA,L017F,store,L017F,$017F,L017F,internal_ram,8,,,,direct,A,"F00C:BRSET L0017,#$20,LF02A | F010:BRSET L001C,#$04,LF02A | F014:BRSET L001C,#$01,LF02A | F01C:BLS LF02A | F01E:BRCLR L00A2,#$2F,LF02A | F025:BCS LF02B",,ram_state_or_intermediate,medium,requires downstream read/use analysis
F041,LF02F,,BSET,"L0096,#$10",bit_mutation,L0096,$0096,L0096,internal_ram,bit,#$10,,,direct,bit_set_mask,"F01C:BLS LF02A | F01E:BRCLR L00A2,#$2F,LF02A | F025:BCS LF02B | F02F:BRSET L003B,#$04,LF057 | F036:BRCLR $0008,X,#$20,LF055 | F03D:BRSET L0096,#$10,LF059",,mode_flag_or_safety_gate,medium,bit-level state mutation
F050,LF02F,,STAB,L002F,store,L002F,$002F,L002F,internal_ram,8,,,,direct,B,"F025:BCS LF02B | F02F:BRSET L003B,#$04,LF057 | F036:BRCLR $0008,X,#$20,LF055 | F03D:BRSET L0096,#$10,LF059 | F044:BRCLR L001E,#$20,LF0A8 | F04C:BCC LF0A8",,ram_state_or_intermediate,medium,requires downstream read/use analysis
F052,LF02F,,BCLR,"L001E,#$20",bit_mutation,L001E,$001E,L001E,internal_ram,bit,#$20,,,direct,bit_clear_mask,"F025:BCS LF02B | F02F:BRSET L003B,#$04,LF057 | F036:BRCLR $0008,X,#$20,LF055 | F03D:BRSET L0096,#$10,LF059 | F044:BRCLR L001E,#$20,LF0A8 | F04C:BCC LF0A8",,mode_flag_or_safety_gate,medium,bit-level state mutation
F0A5,LF059,,BSET,"L001E,#$20",bit_mutation,L001E,$001E,L001E,internal_ram,bit,#$20,,,direct,bit_set_mask,"F08A:BRSET L001C,#$04,LF0A8 | F08E:BRSET L001C,#$01,LF0A8 | F096:BLS LF0A8 | F098:BRSET L0017,#$02,LF0A8 | F09C:BRCLR L00A2,#$0F,LF0A8 | F0A3:BCS LF0A9",,mode_flag_or_safety_gate,medium,bit-level state mutation
F0A9,LF0A9,,STAA,L0180,store,L0180,$0180,L0180,internal_ram,8,,,,direct,A,"F08A:BRSET L001C,#$04,LF0A8 | F08E:BRSET L001C,#$01,LF0A8 | F096:BLS LF0A8 | F098:BRSET L0017,#$02,LF0A8 | F09C:BRCLR L00A2,#$0F,LF0A8 | F0A3:BCS LF0A9",,ram_state_or_intermediate,medium,requires downstream read/use analysis
F0BF,LF0AD,,BSET,"L0096,#$20",bit_mutation,L0096,$0096,L0096,internal_ram,bit,#$20,,,direct,bit_set_mask,"F098:BRSET L0017,#$02,LF0A8 | F09C:BRCLR L00A2,#$0F,LF0A8 | F0A3:BCS LF0A9 | F0AD:BRSET L003B,#$04,LF0D5 | F0B4:BRCLR $0008,X,#$10,LF0D3 | F0BB:BRSET L0096,#$20,LF0D7",,mode_flag_or_safety_gate,medium,bit-level state mutation
F0CE,LF0AD,,STAB,L0030,store,L0030,$0030,L0030,internal_ram,8,,,,direct,B,"F0A3:BCS LF0A9 | F0AD:BRSET L003B,#$04,LF0D5 | F0B4:BRCLR $0008,X,#$10,LF0D3 | F0BB:BRSET L0096,#$20,LF0D7 | F0C2:BRCLR L001E,#$10,LF0D3 | F0CA:BCC LF12C",,ram_state_or_intermediate,medium,requires downstream read/use analysis
F0D0,LF0AD,,BCLR,"L001E,#$10",bit_mutation,L001E,$001E,L001E,internal_ram,bit,#$10,,,direct,bit_clear_mask,"F0A3:BCS LF0A9 | F0AD:BRSET L003B,#$04,LF0D5 | F0B4:BRCLR $0008,X,#$10,LF0D3 | F0BB:BRSET L0096,#$20,LF0D7 | F0C2:BRCLR L001E,#$10,LF0D3 | F0CA:BCC LF12C",,mode_flag_or_safety_gate,medium,bit-level state mutation
F129,LF0D7,,BSET,"L001E,#$10",bit_mutation,L001E,$001E,L001E,internal_ram,bit,#$10,,,direct,bit_set_mask,"F10E:BRSET L001C,#$04,LF12C | F112:BRSET L001C,#$01,LF12C | F11A:BLS LF12C | F11C:BRSET L0017,#$02,LF12C | F120:BRCLR L00A2,#$0F,LF12C | F127:BCS LF12D",,mode_flag_or_safety_gate,medium,bit-level state mutation
F12D,LF12D,,STAA,L0181,store,L0181,$0181,L0181,internal_ram,8,,,,direct,A,"F10E:BRSET L001C,#$04,LF12C | F112:BRSET L001C,#$01,LF12C | F11A:BLS LF12C | F11C:BRSET L0017,#$02,LF12C | F120:BRCLR L00A2,#$0F,LF12C | F127:BCS LF12D",,ram_state_or_intermediate,medium,requires downstream read/use analysis
F140,LF131,,BSET,"L0096,#$40",bit_mutation,L0096,$0096,L0096,internal_ram,bit,#$40,,,direct,bit_set_mask,"F11C:BRSET L0017,#$02,LF12C | F120:BRCLR L00A2,#$0F,LF12C | F127:BCS LF12D | F131:BRSET L003B,#$04,LF1A1 | F138:BRCLR 8,X,#$04,LF1A1 | F13C:BRSET L0096,#$40,LF156",,mode_flag_or_safety_gate,medium,bit-level state mutation
F14F,LF131,,STAB,L0031,store,L0031,$0031,L0031,internal_ram,8,,,,direct,B,"F127:BCS LF12D | F131:BRSET L003B,#$04,LF1A1 | F138:BRCLR 8,X,#$04,LF1A1 | F13C:BRSET L0096,#$40,LF156 | F143:BRCLR L001E,#$04,LF1A1 | F14B:BCC LF1A1",,ram_state_or_intermediate,medium,requires downstream read/use analysis
F151,LF131,,BCLR,"L001E,#$04",bit_mutation,L001E,$001E,L001E,internal_ram,bit,#$04,,,direct,bit_clear_mask,"F127:BCS LF12D | F131:BRSET L003B,#$04,LF1A1 | F138:BRCLR 8,X,#$04,LF1A1 | F13C:BRSET L0096,#$40,LF156 | F143:BRCLR L001E,#$04,LF1A1 | F14B:BCC LF1A1",,mode_flag_or_safety_gate,medium,bit-level state mutation
F19F,LF168,,STAA,L0032,store,L0032,$0032,L0032,internal_ram,8,,,,direct,A,F188:BMI LF1A1 | F18A:BNE LF1A3 | F191:BLS LF1DC | F193:JSR LF1DD | F196:BCS LF1DC | F19D:BCC LF1D9,,ram_state_or_intermediate,medium,requires downstream read/use analysis
F1BA,LF1A3,,STAA,L0033,store,L0033,$0033,L0033,internal_ram,8,,,,direct,A,F1A1:BRA LF1DC | F1A5:BNE LF1BE | F1AC:BLS LF1DC | F1AE:JSR LF1DD | F1B1:BCS LF1DC | F1B8:BCC LF1D9,,ram_state_or_intermediate,medium,requires downstream read/use analysis
F1D5,LF1BE,,STAA,L0034,store,L0034,$0034,L0034,internal_ram,8,,,,direct,A,F1BC:BRA LF1DC | F1C0:BNE LF1DC | F1C7:BLS LF1DC | F1C9:JSR LF1DD | F1CC:BCS LF1DC | F1D3:BCC LF1D9,,ram_state_or_intermediate,medium,requires downstream read/use analysis
F1D9,LF1D9,,BSET,"L001E,#$04",bit_mutation,L001E,$001E,L001E,internal_ram,bit,#$04,,,direct,bit_set_mask,F1C0:BNE LF1DC | F1C7:BLS LF1DC | F1C9:JSR LF1DD | F1CC:BCS LF1DC | F1D3:BCC LF1D9 | F1D7:BRA LF1DC,,mode_flag_or_safety_gate,medium,bit-level state mutation
F21C,LF20D,,STAA,L082D,store,L082D,$082D,L082D,absolute_memory_or_table,8,,,,direct,A,"F1F9:BCS LF20C | F1FC:BRSET L0017,#$20,LF20C | F200:BRSET L001C,#$04,LF20C | F204:BRSET L001C,#$01,LF20C | F212:JSR LF275 | F217:JSR LF25F",,ram_state_or_intermediate,medium,requires downstream read/use analysis
F22B,LF20D,,STAA,L01A1,store,L01A1,$01A1,L01A1,internal_ram,8,,,,direct,A,"F200:BRSET L001C,#$04,LF20C | F204:BRSET L001C,#$01,LF20C | F212:JSR LF275 | F217:JSR LF25F | F221:JSR LF275 | F226:JSR LF25F",,ram_state_or_intermediate,medium,requires downstream read/use analysis
F238,LF20D,,STAA,L082F,store,L082F,$082F,L082F,absolute_memory_or_table,8,,,,direct,A,"F200:BRSET L001C,#$04,LF20C | F204:BRSET L001C,#$01,LF20C | F212:JSR LF275 | F217:JSR LF25F | F221:JSR LF275 | F226:JSR LF25F",,ram_state_or_intermediate,medium,requires downstream read/use analysis
F23D,LF20D,,STAA,L00A5,store,L00A5,$00A5,L00A5,internal_ram,8,,,,direct,A,"F200:BRSET L001C,#$04,LF20C | F204:BRSET L001C,#$01,LF20C | F212:JSR LF275 | F217:JSR LF25F | F221:JSR LF275 | F226:JSR LF25F",,ram_state_or_intermediate,medium,requires downstream read/use analysis
F241,LF20D,,STAA,L00A7,store,L00A7,$00A7,L00A7,internal_ram,8,,,,direct,A,"F200:BRSET L001C,#$04,LF20C | F204:BRSET L001C,#$01,LF20C | F212:JSR LF275 | F217:JSR LF25F | F221:JSR LF275 | F226:JSR LF25F",,ram_state_or_intermediate,medium,requires downstream read/use analysis
F24E,LF245,,STAA,L00A6,store,L00A6,$00A6,L00A6,internal_ram,8,,,,direct,A,"F204:BRSET L001C,#$01,LF20C | F212:JSR LF275 | F217:JSR LF25F | F221:JSR LF275 | F226:JSR LF25F | F243:BRA LF25E",,ram_state_or_intermediate,medium,requires downstream read/use analysis
F256,LF245,,STAA,L082E,store,L082E,$082E,L082E,absolute_memory_or_table,8,,,,direct,A,"F212:JSR LF275 | F217:JSR LF25F | F221:JSR LF275 | F226:JSR LF25F | F243:BRA LF25E | F250:BRSET L0050,#$01,LF259",,ram_state_or_intermediate,medium,requires downstream read/use analysis
F25B,LF259,,STAA,L01D5,store,L01D5,$01D5,L01D5,internal_ram,8,,,,direct,A,"F212:JSR LF275 | F217:JSR LF25F | F221:JSR LF275 | F226:JSR LF25F | F243:BRA LF25E | F250:BRSET L0050,#$01,LF259",,ram_state_or_intermediate,medium,requires downstream read/use analysis
F25F,LF25F,,BCLR,"L001A,#$02",bit_mutation,L001A,$001A,L001A,internal_ram,bit,#$02,,,direct,bit_clear_mask,"F212:JSR LF275 | F217:JSR LF25F | F221:JSR LF275 | F226:JSR LF25F | F243:BRA LF25E | F250:BRSET L0050,#$01,LF259",,mode_flag_or_safety_gate,medium,bit-level state mutation
F262,LF25F,,STAA,L3030,store,L3030,$3030,L3030,hardware_register_region_30xx,8,,,,direct,A,"F212:JSR LF275 | F217:JSR LF25F | F221:JSR LF275 | F226:JSR LF25F | F243:BRA LF25E | F250:BRSET L0050,#$01,LF259",,hardware_or_asic_state,medium,mapped hardware/ASIC region
F26E,LF267,,BSET,"L003A,#$01",bit_mutation,L003A,$003A,L003A,internal_ram,bit,#$01,,,direct,bit_set_mask,"F221:JSR LF275 | F226:JSR LF25F | F243:BRA LF25E | F250:BRSET L0050,#$01,LF259 | F267:BRSET $30,X,#$80,LF274 | F26C:BNE LF267",,mode_flag_or_safety_gate,medium,bit-level state mutation
F271,LF267,,BSET,"L001A,#$02",bit_mutation,L001A,$001A,L001A,internal_ram,bit,#$02,,,direct,bit_set_mask,"F221:JSR LF275 | F226:JSR LF25F | F243:BRA LF25E | F250:BRSET L0050,#$01,LF259 | F267:BRSET $30,X,#$80,LF274 | F26C:BNE LF267",,mode_flag_or_safety_gate,medium,bit-level state mutation
F275,LF275,,BCLR,"8,X,#$38",bit_mutation,"8,X",,"8,X",unknown,bit,#$38,$3000,$BC6B,unresolved_indexed,bit_clear_mask,"F221:JSR LF275 | F226:JSR LF25F | F243:BRA LF25E | F250:BRSET L0050,#$01,LF259 | F267:BRSET $30,X,#$80,LF274 | F26C:BNE LF267",,mode_flag_or_safety_gate,medium,bit-level state mutation
F27D,LF275,,STAA,"8,X",store,"8,X",,"8,X",unknown,8,,$3000,$BC6B,unresolved_indexed,A,"F221:JSR LF275 | F226:JSR LF25F | F243:BRA LF25E | F250:BRSET L0050,#$01,LF259 | F267:BRSET $30,X,#$80,LF274 | F26C:BNE LF267",,ram_state_or_intermediate,medium,requires downstream read/use analysis
F285,LF285,,STAA,"0,X",store,"0,X",,"0,X",unknown,8,,$02B3,$BC6B,unresolved_indexed,A,"F221:JSR LF275 | F226:JSR LF25F | F243:BRA LF25E | F250:BRSET L0050,#$01,LF259 | F267:BRSET $30,X,#$80,LF274 | F26C:BNE LF267",,ram_state_or_intermediate,medium,requires downstream read/use analysis
F29B,LF297,,STAA,"0,X",store,"0,X",,"0,X",unknown,8,,$02B3,$BC6B,unresolved_indexed,A,"F243:BRA LF25E | F250:BRSET L0050,#$01,LF259 | F267:BRSET $30,X,#$80,LF274 | F26C:BNE LF267 | F28B:BLS LF285 | F299:BCC LF29D",,ram_state_or_intermediate,medium,requires downstream read/use analysis
F2A1,LF29D,,STAB,"0,X",store,"0,X",,"0,X",unknown,8,,$02B3,$BC6B,unresolved_indexed,B,"F250:BRSET L0050,#$01,LF259 | F267:BRSET $30,X,#$80,LF274 | F26C:BNE LF267 | F28B:BLS LF285 | F299:BCC LF29D | F29F:BLS LF2A3",,ram_state_or_intermediate,medium,requires downstream read/use analysis
F2EF,LF2C5,,STAA,L303A,store,L303A,$303A,L303A,hardware_register_region_30xx,8,,,,direct,A,F299:BCC LF29D | F29F:BLS LF2A3 | F2A7:BLS LF297 | F2B7:BEQ LF2C2 | F2C0:BNE LF2B9 | F2EB:BNE LF2C5,,watchdog_cop_sink,high,COP/watchdog register candidate
F2F3,LF2C5,,STAA,L303A,store,L303A,$303A,L303A,hardware_register_region_30xx,8,,,,direct,A,F299:BCC LF29D | F29F:BLS LF2A3 | F2A7:BLS LF297 | F2B7:BEQ LF2C2 | F2C0:BNE LF2B9 | F2EB:BNE LF2C5,,watchdog_cop_sink,high,COP/watchdog register candidate
F301,LF2FD,,CLR,"0,X",clear,"0,X",,"0,X",unknown,8,,$02B3,$0000,unresolved_indexed,zero,F2A7:BLS LF297 | F2B7:BEQ LF2C2 | F2C0:BNE LF2B9 | F2EB:BNE LF2C5 | F2FA:BNE LF2C5 | F2FF:BEQ LF30B,,ram_state_or_intermediate,medium,requires downstream read/use analysis
F315,LF315,,STY,"0,X",store,"0,X",,"0,X",unknown,16,,$02B3,$0000,unresolved_indexed,Y,F2C0:BNE LF2B9 | F2EB:BNE LF2C5 | F2FA:BNE LF2C5 | F2FF:BEQ LF30B | F307:BNE LF2FD | F309:BRA LF325,,ram_state_or_intermediate,medium,requires downstream read/use analysis
F318,LF315,,STY,"2,X",store,"2,X",,"2,X",unknown,16,,$02B3,$0000,unresolved_indexed,Y,F2C0:BNE LF2B9 | F2EB:BNE LF2C5 | F2FA:BNE LF2C5 | F2FF:BEQ LF30B | F307:BNE LF2FD | F309:BRA LF325,,ram_state_or_intermediate,medium,requires downstream read/use analysis
F31B,LF315,,STY,"4,X",store,"4,X",,"4,X",unknown,16,,$02B3,$0000,unresolved_indexed,Y,F2C0:BNE LF2B9 | F2EB:BNE LF2C5 | F2FA:BNE LF2C5 | F2FF:BEQ LF30B | F307:BNE LF2FD | F309:BRA LF325,,ram_state_or_intermediate,medium,requires downstream read/use analysis
F31E,LF315,,STY,"6,X",store,"6,X",,"6,X",unknown,16,,$02B3,$0000,unresolved_indexed,Y,F2C0:BNE LF2B9 | F2EB:BNE LF2C5 | F2FA:BNE LF2C5 | F2FF:BEQ LF30B | F307:BNE LF2FD | F309:BRA LF325,,ram_state_or_intermediate,medium,requires downstream read/use analysis
F33F,LF33A,,STAA,"$0A,X",store,"$0A,X",$0013,L0013,internal_ram,8,,$0009,$F37F,resolved_indexed,A,F2FA:BNE LF2C5 | F2FF:BEQ LF30B | F307:BNE LF2FD | F309:BRA LF325 | F323:BNE LF315 | F330:BNE LF32C,,ram_state_or_intermediate,medium,requires downstream read/use analysis
F346,LF33A,,STAA,"15,X",store,"15,X",,"15,X",unknown,8,,$0009,$F37F,unresolved_indexed,A,F2FA:BNE LF2C5 | F2FF:BEQ LF30B | F307:BNE LF2FD | F309:BRA LF325 | F323:BNE LF315 | F330:BNE LF32C,,ram_state_or_intermediate,medium,requires downstream read/use analysis
F34D,LF33A,,STAA,"$55,X",store,"$55,X",$005E,L005E,internal_ram,8,,$0009,$F37F,resolved_indexed,A,F2FA:BNE LF2C5 | F2FF:BEQ LF30B | F307:BNE LF2FD | F309:BRA LF325 | F323:BNE LF315 | F330:BNE LF32C,,ram_state_or_intermediate,medium,requires downstream read/use analysis
F354,LF33A,,BCLR,"L0004,#$80",bit_mutation,L0004,$0004,L0004,internal_ram,bit,#$80,,,direct,bit_clear_mask,F2FF:BEQ LF30B | F307:BNE LF2FD | F309:BRA LF325 | F323:BNE LF315 | F330:BNE LF32C | F352:BNE LF33A,,mode_flag_or_safety_gate,medium,bit-level state mutation
F357,LF33A,,BCLR,"L0044,#$80",bit_mutation,L0044,$0044,L0044,internal_ram,bit,#$80,,,direct,bit_clear_mask,F2FF:BEQ LF30B | F307:BNE LF2FD | F309:BRA LF325 | F323:BNE LF315 | F330:BNE LF32C | F352:BNE LF33A,,mode_flag_or_safety_gate,medium,bit-level state mutation
F35A,LF33A,,BCLR,"L0072,#$01",bit_mutation,L0072,$0072,L0072,internal_ram,bit,#$01,,,direct,bit_clear_mask,F2FF:BEQ LF30B | F307:BNE LF2FD | F309:BRA LF325 | F323:BNE LF315 | F330:BNE LF32C | F352:BNE LF33A,,mode_flag_or_safety_gate,medium,bit-level state mutation
F35D,LF33A,,BCLR,"L006F,#$10",bit_mutation,L006F,$006F,L006F,internal_ram,bit,#$10,,,direct,bit_clear_mask,F2FF:BEQ LF30B | F307:BNE LF2FD | F309:BRA LF325 | F323:BNE LF315 | F330:BNE LF32C | F352:BNE LF33A,,mode_flag_or_safety_gate,medium,bit-level state mutation
F360,LF33A,,BCLR,"L0070,#$01",bit_mutation,L0070,$0070,L0070,internal_ram,bit,#$01,,,direct,bit_clear_mask,F2FF:BEQ LF30B | F307:BNE LF2FD | F309:BRA LF325 | F323:BNE LF315 | F330:BNE LF32C | F352:BNE LF33A,,mode_flag_or_safety_gate,medium,bit-level state mutation
F364,LF33A,,STAA,L001F,store,L001F,$001F,L001F,internal_ram,8,,,,direct,A,F2FF:BEQ LF30B | F307:BNE LF2FD | F309:BRA LF325 | F323:BNE LF315 | F330:BNE LF32C | F352:BNE LF33A,,ram_state_or_intermediate,medium,requires downstream read/use analysis
F366,LF33A,,STAA,L0020,store,L0020,$0020,L0020,internal_ram,8,,,,direct,A,F2FF:BEQ LF30B | F307:BNE LF2FD | F309:BRA LF325 | F323:BNE LF315 | F330:BNE LF32C | F352:BNE LF33A,,ram_state_or_intermediate,medium,requires downstream read/use analysis
F368,LF33A,,STAA,L0817,store,L0817,$0817,L0817,absolute_memory_or_table,8,,,,direct,A,F2FF:BEQ LF30B | F307:BNE LF2FD | F309:BRA LF325 | F323:BNE LF315 | F330:BNE LF32C | F352:BNE LF33A,,ram_state_or_intermediate,medium,requires downstream read/use analysis
F36B,LF33A,,STAA,L021C,store,L021C,$021C,L021C,internal_ram,8,,,,direct,A,F2FF:BEQ LF30B | F307:BNE LF2FD | F309:BRA LF325 | F323:BNE LF315 | F330:BNE LF32C | F352:BNE LF33A,,ram_state_or_intermediate,medium,requires downstream read/use analysis
F36E,LF33A,,STAA,L081C,store,L081C,$081C,L081C,absolute_memory_or_table,8,,,,direct,A,F2FF:BEQ LF30B | F307:BNE LF2FD | F309:BRA LF325 | F323:BNE LF315 | F330:BNE LF32C | F352:BNE LF33A,,ram_state_or_intermediate,medium,requires downstream read/use analysis
F374,LF33A,,STAA,L0015,store,L0015,$0015,L0015,internal_ram,8,,,,direct,A,F307:BNE LF2FD | F309:BRA LF325 | F323:BNE LF315 | F330:BNE LF32C | F352:BNE LF33A | F371:JSR LF326,,ram_state_or_intermediate,medium,requires downstream read/use analysis
F37C,LF33A,,STX,LFFFF,store,LFFFF,$FFFF,LFFFF,absolute_memory_or_table,16,,,,direct,X,F307:BNE LF2FD | F309:BRA LF325 | F323:BNE LF315 | F330:BNE LF32C | F352:BNE LF33A | F371:JSR LF326,,ram_state_or_intermediate,medium,requires downstream read/use analysis
F37F,LF33A,,STX,LCE00,store,LCE00,$CE00,LCE00,absolute_memory_or_table,16,,,,direct,X,F307:BNE LF2FD | F309:BRA LF325 | F323:BNE LF315 | F330:BNE LF32C | F352:BNE LF33A | F371:JSR LF326,,ram_state_or_intermediate,medium,requires downstream read/use analysis
F38C,LF387,,STAA,"$0A,X",store,"$0A,X",$0013,L0013,internal_ram,8,,$0009,$F3E3,resolved_indexed,A,F307:BNE LF2FD | F309:BRA LF325 | F323:BNE LF315 | F330:BNE LF32C | F352:BNE LF33A | F371:JSR LF326,,ram_state_or_intermediate,medium,requires downstream read/use analysis
F393,LF387,,STAA,"$15,X",store,"$15,X",$001E,L001E,internal_ram,8,,$0009,$F3E3,resolved_indexed,A,F307:BNE LF2FD | F309:BRA LF325 | F323:BNE LF315 | F330:BNE LF32C | F352:BNE LF33A | F371:JSR LF326,,ram_state_or_intermediate,medium,requires downstream read/use analysis
F39A,LF387,,BCLR,"L0094,#$F0",bit_mutation,L0094,$0094,L0094,internal_ram,bit,#$F0,,,direct,bit_clear_mask,F309:BRA LF325 | F323:BNE LF315 | F330:BNE LF32C | F352:BNE LF33A | F371:JSR LF326 | F398:BNE LF387,,mode_flag_or_safety_gate,medium,bit-level state mutation
F39D,LF387,,BCLR,"L008E,#$80",bit_mutation,L008E,$008E,L008E,internal_ram,bit,#$80,,,direct,bit_clear_mask,F309:BRA LF325 | F323:BNE LF315 | F330:BNE LF32C | F352:BNE LF33A | F371:JSR LF326 | F398:BNE LF387,,mode_flag_or_safety_gate,medium,bit-level state mutation
F3A1,LF387,,STAA,L001F,store,L001F,$001F,L001F,internal_ram,8,,,,direct,A,F309:BRA LF325 | F323:BNE LF315 | F330:BNE LF32C | F352:BNE LF33A | F371:JSR LF326 | F398:BNE LF387,,ram_state_or_intermediate,medium,requires downstream read/use analysis
F3A3,LF387,,STAA,L0020,store,L0020,$0020,L0020,internal_ram,8,,,,direct,A,F309:BRA LF325 | F323:BNE LF315 | F330:BNE LF32C | F352:BNE LF33A | F371:JSR LF326 | F398:BNE LF387,,ram_state_or_intermediate,medium,requires downstream read/use analysis
F3A5,LF387,,STAA,L0021,store,L0021,$0021,L0021,internal_ram,8,,,,direct,A,F309:BRA LF325 | F323:BNE LF315 | F330:BNE LF32C | F352:BNE LF33A | F371:JSR LF326 | F398:BNE LF387,,ram_state_or_intermediate,medium,requires downstream read/use analysis
F3A7,LF387,,STAA,L0022,store,L0022,$0022,L0022,internal_ram,8,,,,direct,A,F309:BRA LF325 | F323:BNE LF315 | F330:BNE LF32C | F352:BNE LF33A | F371:JSR LF326 | F398:BNE LF387,,ram_state_or_intermediate,medium,requires downstream read/use analysis
F3A9,LF387,,STAA,L0023,store,L0023,$0023,L0023,internal_ram,8,,,,direct,A,F309:BRA LF325 | F323:BNE LF315 | F330:BNE LF32C | F352:BNE LF33A | F371:JSR LF326 | F398:BNE LF387,,ram_state_or_intermediate,medium,requires downstream read/use analysis
F3AB,LF387,,STAA,L0024,store,L0024,$0024,L0024,internal_ram,8,,,,direct,A,F309:BRA LF325 | F323:BNE LF315 | F330:BNE LF32C | F352:BNE LF33A | F371:JSR LF326 | F398:BNE LF387,,ram_state_or_intermediate,medium,requires downstream read/use analysis
F3AD,LF387,,STAA,L0026,store,L0026,$0026,L0026,internal_ram,8,,,,direct,A,F309:BRA LF325 | F323:BNE LF315 | F330:BNE LF32C | F352:BNE LF33A | F371:JSR LF326 | F398:BNE LF387,,ram_state_or_intermediate,medium,requires downstream read/use analysis
F3AF,LF387,,STAA,L0027,store,L0027,$0027,L0027,internal_ram,8,,,,direct,A,F309:BRA LF325 | F323:BNE LF315 | F330:BNE LF32C | F352:BNE LF33A | F371:JSR LF326 | F398:BNE LF387,,ram_state_or_intermediate,medium,requires downstream read/use analysis
F3B1,LF387,,STAA,L0028,store,L0028,$0028,L0028,internal_ram,8,,,,direct,A,F309:BRA LF325 | F323:BNE LF315 | F330:BNE LF32C | F352:BNE LF33A | F371:JSR LF326 | F398:BNE LF387,,ram_state_or_intermediate,medium,requires downstream read/use analysis
F3B3,LF387,,STAA,L0029,store,L0029,$0029,L0029,internal_ram,8,,,,direct,A,F309:BRA LF325 | F323:BNE LF315 | F330:BNE LF32C | F352:BNE LF33A | F371:JSR LF326 | F398:BNE LF387,,ram_state_or_intermediate,medium,requires downstream read/use analysis
F3B5,LF387,,STAA,L002A,store,L002A,$002A,L002A,internal_ram,8,,,,direct,A,F309:BRA LF325 | F323:BNE LF315 | F330:BNE LF32C | F352:BNE LF33A | F371:JSR LF326 | F398:BNE LF387,,ram_state_or_intermediate,medium,requires downstream read/use analysis
F3B7,LF387,,STAA,L002B,store,L002B,$002B,L002B,internal_ram,8,,,,direct,A,F309:BRA LF325 | F323:BNE LF315 | F330:BNE LF32C | F352:BNE LF33A | F371:JSR LF326 | F398:BNE LF387,,ram_state_or_intermediate,medium,requires downstream read/use analysis
F3B9,LF387,,STAA,L002C,store,L002C,$002C,L002C,internal_ram,8,,,,direct,A,F309:BRA LF325 | F323:BNE LF315 | F330:BNE LF32C | F352:BNE LF33A | F371:JSR LF326 | F398:BNE LF387,,ram_state_or_intermediate,medium,requires downstream read/use analysis
F3BB,LF387,,STAA,L002D,store,L002D,$002D,L002D,internal_ram,8,,,,direct,A,F309:BRA LF325 | F323:BNE LF315 | F330:BNE LF32C | F352:BNE LF33A | F371:JSR LF326 | F398:BNE LF387,,ram_state_or_intermediate,medium,requires downstream read/use analysis
F3BD,LF387,,STAA,L002F,store,L002F,$002F,L002F,internal_ram,8,,,,direct,A,F309:BRA LF325 | F323:BNE LF315 | F330:BNE LF32C | F352:BNE LF33A | F371:JSR LF326 | F398:BNE LF387,,ram_state_or_intermediate,medium,requires downstream read/use analysis
F3BF,LF387,,STAA,L0030,store,L0030,$0030,L0030,internal_ram,8,,,,direct,A,F309:BRA LF325 | F323:BNE LF315 | F330:BNE LF32C | F352:BNE LF33A | F371:JSR LF326 | F398:BNE LF387,,ram_state_or_intermediate,medium,requires downstream read/use analysis
F3C1,LF387,,STAA,L0031,store,L0031,$0031,L0031,internal_ram,8,,,,direct,A,F309:BRA LF325 | F323:BNE LF315 | F330:BNE LF32C | F352:BNE LF33A | F371:JSR LF326 | F398:BNE LF387,,ram_state_or_intermediate,medium,requires downstream read/use analysis
F3C3,LF387,,STAA,L0182,store,L0182,$0182,L0182,internal_ram,8,,,,direct,A,F309:BRA LF325 | F323:BNE LF315 | F330:BNE LF32C | F352:BNE LF33A | F371:JSR LF326 | F398:BNE LF387,,ram_state_or_intermediate,medium,requires downstream read/use analysis
F3C6,LF387,,STAA,L0183,store,L0183,$0183,L0183,internal_ram,8,,,,direct,A,F309:BRA LF325 | F323:BNE LF315 | F330:BNE LF32C | F352:BNE LF33A | F371:JSR LF326 | F398:BNE LF387,,ram_state_or_intermediate,medium,requires downstream read/use analysis
F3C9,LF387,,STAA,L0184,store,L0184,$0184,L0184,internal_ram,8,,,,direct,A,F309:BRA LF325 | F323:BNE LF315 | F330:BNE LF32C | F352:BNE LF33A | F371:JSR LF326 | F398:BNE LF387,,ram_state_or_intermediate,medium,requires downstream read/use analysis
F3CC,LF387,,STAA,L0185,store,L0185,$0185,L0185,internal_ram,8,,,,direct,A,F309:BRA LF325 | F323:BNE LF315 | F330:BNE LF32C | F352:BNE LF33A | F371:JSR LF326 | F398:BNE LF387,,ram_state_or_intermediate,medium,requires downstream read/use analysis
F3CF,LF387,,STAA,L0032,store,L0032,$0032,L0032,internal_ram,8,,,,direct,A,F309:BRA LF325 | F323:BNE LF315 | F330:BNE LF32C | F352:BNE LF33A | F371:JSR LF326 | F398:BNE LF387,,ram_state_or_intermediate,medium,requires downstream read/use analysis
F3D1,LF387,,STAA,L0033,store,L0033,$0033,L0033,internal_ram,8,,,,direct,A,F309:BRA LF325 | F323:BNE LF315 | F330:BNE LF32C | F352:BNE LF33A | F371:JSR LF326 | F398:BNE LF387,,ram_state_or_intermediate,medium,requires downstream read/use analysis
F3D3,LF387,,STAA,L0034,store,L0034,$0034,L0034,internal_ram,8,,,,direct,A,F309:BRA LF325 | F323:BNE LF315 | F330:BNE LF32C | F352:BNE LF33A | F371:JSR LF326 | F398:BNE LF387,,ram_state_or_intermediate,medium,requires downstream read/use analysis
F3D8,LF387,,STAA,L0015,store,L0015,$0015,L0015,internal_ram,8,,,,direct,A,F323:BNE LF315 | F330:BNE LF32C | F352:BNE LF33A | F371:JSR LF326 | F398:BNE LF387 | F3D5:JSR LF326,,ram_state_or_intermediate,medium,requires downstream read/use analysis
F3E6,LF387,,ROR,"$08,X",read_modify_write,"$08,X",$0011,L0011,internal_ram,8,,$0009,$F3E3,resolved_indexed,target_rotate_right,F323:BNE LF315 | F330:BNE LF32C | F352:BNE LF33A | F371:JSR LF326 | F398:BNE LF387 | F3D5:JSR LF326,,ram_state_or_intermediate,medium,requires downstream read/use analysis
F3EB,LF387,,ROR,"$39,X",read_modify_write,"$39,X",$0042,L0042,internal_ram,8,,$0009,$F3E3,resolved_indexed,target_rotate_right,F323:BNE LF315 | F330:BNE LF32C | F352:BNE LF33A | F371:JSR LF326 | F398:BNE LF387 | F3D5:JSR LF326,,ram_state_or_intermediate,medium,requires downstream read/use analysis
F3FD,LF3FD,,STD,L3FFC,store,L3FFC,$3FFC,L3FFC,asic_hardware_region_3fxx,16,,,,direct,D,"F352:BNE LF33A | F371:JSR LF326 | F398:BNE LF387 | F3D5:JSR LF326 | F3F2:JSR LF3ED | F3F7:BRCLR L0072,#$80,LF3FD",,iac_output_sink_or_state,medium,IAC phase/output/enable candidate; direct writer bench-gated
F409,LF3FD,,STAB,L3060,store,L3060,$3060,L3060,hardware_register_region_30xx,8,,,,direct,B,"F352:BNE LF33A | F371:JSR LF326 | F398:BNE LF387 | F3D5:JSR LF326 | F3F2:JSR LF3ED | F3F7:BRCLR L0072,#$80,LF3FD",,iac_output_sink_or_state,medium,IAC phase/output/enable candidate; direct writer bench-gated
F40D,LF3FD,,STAA,L004B,store,L004B,$004B,L004B,internal_ram,8,,,,direct,A,"F352:BNE LF33A | F371:JSR LF326 | F398:BNE LF387 | F3D5:JSR LF326 | F3F2:JSR LF3ED | F3F7:BRCLR L0072,#$80,LF3FD",,ram_state_or_intermediate,medium,requires downstream read/use analysis
F411,LF3FD,,STAA,L3062,store,L3062,$3062,L3062,hardware_register_region_30xx,8,,,,direct,A,"F352:BNE LF33A | F371:JSR LF326 | F398:BNE LF387 | F3D5:JSR LF326 | F3F2:JSR LF3ED | F3F7:BRCLR L0072,#$80,LF3FD",,iac_output_sink_or_state,medium,IAC phase/output/enable candidate; direct writer bench-gated
F417,LF3FD,,STAA,L004D,store,L004D,$004D,L004D,internal_ram,8,,,,direct,A,"F352:BNE LF33A | F371:JSR LF326 | F398:BNE LF387 | F3D5:JSR LF326 | F3F2:JSR LF3ED | F3F7:BRCLR L0072,#$80,LF3FD",,ram_state_or_intermediate,medium,requires downstream read/use analysis
F41B,LF3FD,,STAA,L3067,store,L3067,$3067,L3067,hardware_register_region_30xx,8,,,,direct,A,"F352:BNE LF33A | F371:JSR LF326 | F398:BNE LF387 | F3D5:JSR LF326 | F3F2:JSR LF3ED | F3F7:BRCLR L0072,#$80,LF3FD",,hardware_or_asic_state,medium,mapped hardware/ASIC region
F449,LF447,,STD,"0,X",store,"0,X",,"0,X",unknown,16,,$0009,$F3E3,unresolved_indexed,D,"F3F7:BRCLR L0072,#$80,LF3FD | F425:BLT LF42D | F42B:BRA LF447 | F434:BRA LF447 | F43E:BCS LF443 | F441:BRA LF447",,ram_state_or_intermediate,medium,requires downstream read/use analysis
F48A,LF488,,STD,"0,X",store,"0,X",,"0,X",unknown,16,,$0009,$F3E3,unresolved_indexed,D,F441:BRA LF447 | F45E:BCS LF463 | F461:BRA LF466 | F46B:BEQ LF470 | F47F:BCS LF484 | F482:BRA LF488,,ram_state_or_intermediate,medium,requires downstream read/use analysis
F56F,LF550,,STAA,"5,X",store,"5,X",,"5,X",unknown,8,,$0009,$F3E3,unresolved_indexed,A,F50F:BCC LF517 | F515:BRA LF51D | F525:BCC LF52D | F52B:BRA LF533 | F539:BCC LF542 | F540:BRA LF549,,ram_state_or_intermediate,medium,requires downstream read/use analysis
F578,LF550,,STD,"4,X",store,"4,X",,"4,X",unknown,16,,$0009,$F3E3,unresolved_indexed,D,F50F:BCC LF517 | F515:BRA LF51D | F525:BCC LF52D | F52B:BRA LF533 | F539:BCC LF542 | F540:BRA LF549,,ram_state_or_intermediate,medium,requires downstream read/use analysis
F57E,LF550,,CLR,"6,X",clear,"6,X",,"6,X",unknown,8,,$0009,$F3E3,unresolved_indexed,zero,F50F:BCC LF517 | F515:BRA LF51D | F525:BCC LF52D | F52B:BRA LF533 | F539:BCC LF542 | F540:BRA LF549,,ram_state_or_intermediate,medium,requires downstream read/use analysis
F583,LF550,,ROL,"6,X",read_modify_write,"6,X",,"6,X",unknown,8,,$0009,$F3E3,unresolved_indexed,target_rotate_left,F50F:BCC LF517 | F515:BRA LF51D | F525:BCC LF52D | F52B:BRA LF533 | F539:BCC LF542 | F540:BRA LF549,,ram_state_or_intermediate,medium,requires downstream read/use analysis
F585,LF550,,STD,"$04,X",store,"$04,X",$000D,L000D,internal_ram,16,,$0009,$F3E3,resolved_indexed,D,F50F:BCC LF517 | F515:BRA LF51D | F525:BCC LF52D | F52B:BRA LF533 | F539:BCC LF542 | F540:BRA LF549,,ram_state_or_intermediate,medium,requires downstream read/use analysis
F590,LF550,,STAB,"4,X",store,"4,X",,"4,X",unknown,8,,$0009,$F3E3,unresolved_indexed,B,F50F:BCC LF517 | F515:BRA LF51D | F525:BCC LF52D | F52B:BRA LF533 | F539:BCC LF542 | F540:BRA LF549,,ram_state_or_intermediate,medium,requires downstream read/use analysis
F592,LF550,,STD,"2,X",store,"2,X",,"2,X",unknown,16,,$0009,$F3E3,unresolved_indexed,D,F50F:BCC LF517 | F515:BRA LF51D | F525:BCC LF52D | F52B:BRA LF533 | F539:BCC LF542 | F540:BRA LF549,,ram_state_or_intermediate,medium,requires downstream read/use analysis
F59A,LF550,,STD,"$04,X",store,"$04,X",$000D,L000D,internal_ram,16,,$0009,$F3E3,resolved_indexed,D,F515:BRA LF51D | F525:BCC LF52D | F52B:BRA LF533 | F539:BCC LF542 | F540:BRA LF549 | F595:BEQ LF59C,,ram_state_or_intermediate,medium,requires downstream read/use analysis
F5AB,LF5A2,,STD,"$05,X",store,"$05,X",$000E,L000E,internal_ram,16,,$0009,$F3E3,resolved_indexed,D,F515:BRA LF51D | F525:BCC LF52D | F52B:BRA LF533 | F539:BCC LF542 | F540:BRA LF549 | F595:BEQ LF59C,,ram_state_or_intermediate,medium,requires downstream read/use analysis
F5B4,LF5A2,,STD,"$04,X",store,"$04,X",$000D,L000D,internal_ram,16,,$0009,$F3E3,resolved_indexed,D,F515:BRA LF51D | F525:BCC LF52D | F52B:BRA LF533 | F539:BCC LF542 | F540:BRA LF549 | F595:BEQ LF59C,,ram_state_or_intermediate,medium,requires downstream read/use analysis
F5BA,LF5A2,,CLR,"$03,X",clear,"$03,X",$000C,L000C,internal_ram,8,,$0009,$F3E3,resolved_indexed,zero,F515:BRA LF51D | F525:BCC LF52D | F52B:BRA LF533 | F539:BCC LF542 | F540:BRA LF549 | F595:BEQ LF59C,,ram_state_or_intermediate,medium,requires downstream read/use analysis
F5BF,LF5A2,,ROL,"$03,X",read_modify_write,"$03,X",$000C,L000C,internal_ram,8,,$0009,$F3E3,resolved_indexed,target_rotate_left,F515:BRA LF51D | F525:BCC LF52D | F52B:BRA LF533 | F539:BCC LF542 | F540:BRA LF549 | F595:BEQ LF59C,,ram_state_or_intermediate,medium,requires downstream read/use analysis
F5C1,LF5A2,,STD,"$04,X",store,"$04,X",$000D,L000D,internal_ram,16,,$0009,$F3E3,resolved_indexed,D,F515:BRA LF51D | F525:BCC LF52D | F52B:BRA LF533 | F539:BCC LF542 | F540:BRA LF549 | F595:BEQ LF59C,,ram_state_or_intermediate,medium,requires downstream read/use analysis
F5D8,LF5D6,,STAA,L0F00,store,L0F00,$0F00,L0F00,absolute_memory_or_table,8,,,,direct,A,"F52B:BRA LF533 | F539:BCC LF542 | F540:BRA LF549 | F595:BEQ LF59C | F5CF:BRCLR L0086,#$40,LF5D6 | F5D3:JSR L1806",,ram_state_or_intermediate,medium,requires downstream read/use analysis
F602,LF5E8,,BSET,"L003B,#$40",bit_mutation,L003B,$003B,L003B,internal_ram,bit,#$40,,,direct,bit_set_mask,"F5E2:BNE LF5E7 | F5E4:JSR L180C | F5EC:BNE LF64D | F5F8:BEQ LF64D | F5FC:BEQ LF64D | F5FE:BRSET L003B,#$40,LF64A",,mode_flag_or_safety_gate,medium,bit-level state mutation
F605,LF5E8,,STX,L0362,store,L0362,$0362,L0362,internal_ram,16,,,,direct,X,"F5E2:BNE LF5E7 | F5E4:JSR L180C | F5EC:BNE LF64D | F5F8:BEQ LF64D | F5FC:BEQ LF64D | F5FE:BRSET L003B,#$40,LF64A",,ram_state_or_intermediate,medium,requires downstream read/use analysis
F60B,LF5E8,,STAA,L302F,store,L302F,$302F,L302F,hardware_register_region_30xx,8,,,,direct,A,"F5E2:BNE LF5E7 | F5E4:JSR L180C | F5EC:BNE LF64D | F5F8:BEQ LF64D | F5FC:BEQ LF64D | F5FE:BRSET L003B,#$40,LF64A",,hardware_or_asic_state,medium,mapped hardware/ASIC region
F60E,LF5E8,,STAA,L0361,store,L0361,$0361,L0361,internal_ram,8,,,,direct,A,"F5E2:BNE LF5E7 | F5E4:JSR L180C | F5EC:BNE LF64D | F5F8:BEQ LF64D | F5FC:BEQ LF64D | F5FE:BRSET L003B,#$40,LF64A",,ram_state_or_intermediate,medium,requires downstream read/use analysis
F613,LF5E8,,STAB,L0365,store,L0365,$0365,L0365,internal_ram,8,,,,direct,B,"F5E2:BNE LF5E7 | F5E4:JSR L180C | F5EC:BNE LF64D | F5F8:BEQ LF64D | F5FC:BEQ LF64D | F5FE:BRSET L003B,#$40,LF64A",,ram_state_or_intermediate,medium,requires downstream read/use analysis
F627,LF622,,STAA,"0,Y",store,"0,Y",,"0,Y",unknown,8,,$518F,$F3E3,unresolved_indexed,A,"F5EC:BNE LF64D | F5F8:BEQ LF64D | F5FC:BEQ LF64D | F5FE:BRSET L003B,#$40,LF64A | F617:BEQ LF632 | F61D:BNE LF632",,ram_state_or_intermediate,medium,requires downstream read/use analysis
F634,LF632,,STAB,L0360,store,L0360,$0360,L0360,internal_ram,8,,,,direct,B,"F5F8:BEQ LF64D | F5FC:BEQ LF64D | F5FE:BRSET L003B,#$40,LF64A | F617:BEQ LF632 | F61D:BNE LF632 | F630:BNE LF622",,ram_state_or_intermediate,medium,requires downstream read/use analysis
F63F,LF632,,STD,L3FFC,store,L3FFC,$3FFC,L3FFC,asic_hardware_region_3fxx,16,,,,direct,D,"F5FC:BEQ LF64D | F5FE:BRSET L003B,#$40,LF64A | F617:BEQ LF632 | F61D:BNE LF632 | F630:BNE LF622 | F63A:JSR LF3ED",,iac_output_sink_or_state,medium,IAC phase/output/enable candidate; direct writer bench-gated
F645,LF632,,STAA,L302D,store,L302D,$302D,L302D,hardware_register_region_30xx,8,,,,direct,A,"F5FC:BEQ LF64D | F5FE:BRSET L003B,#$40,LF64A | F617:BEQ LF632 | F61D:BNE LF632 | F630:BNE LF622 | F63A:JSR LF3ED",,hardware_or_asic_state,medium,mapped hardware/ASIC region
F64A,LF64A,,BSET,"L003B,#$20",bit_mutation,L003B,$003B,L003B,internal_ram,bit,#$20,,,direct,bit_set_mask,"F5FE:BRSET L003B,#$40,LF64A | F617:BEQ LF632 | F61D:BNE LF632 | F630:BNE LF622 | F63A:JSR LF3ED | F648:BRA LF64D",,mode_flag_or_safety_gate,medium,bit-level state mutation
F65C,LF64E,,STAA,L0130,store,L0130,$0130,L0130,internal_ram,8,,,,direct,A,"F5FE:BRSET L003B,#$40,LF64A | F617:BEQ LF632 | F61D:BNE LF632 | F630:BNE LF622 | F63A:JSR LF3ED | F648:BRA LF64D",,ram_state_or_intermediate,medium,requires downstream read/use analysis
F674,LF64E,,STAA,L0131,store,L0131,$0131,L0131,internal_ram,8,,,,direct,A,"F5FE:BRSET L003B,#$40,LF64A | F617:BEQ LF632 | F61D:BNE LF632 | F630:BNE LF622 | F63A:JSR LF3ED | F648:BRA LF64D",,ram_state_or_intermediate,medium,requires downstream read/use analysis
F68A,LF64E,,BSET,"L003B,#$08",bit_mutation,L003B,$003B,L003B,internal_ram,bit,#$08,,,direct,bit_set_mask,"F630:BNE LF622 | F63A:JSR LF3ED | F648:BRA LF64D | F677:BRCLR L0042,#$02,LF6CD | F683:BNE LF6F5 | F688:BNE LF6F5",,mode_flag_or_safety_gate,medium,bit-level state mutation
F6BE,LF6BD,,STAB,L0103,store,L0103,$0103,L0103,internal_ram,8,,,,direct,B,"F696:BRCLR $02,X,#$08,LF69C | F69C:BRCLR $01,X,#$10,LF6A6 | F6A0:BRCLR $02,X,#$10,LF6A6 | F6AE:BEQ LF6BD | F6B4:BEQ LF6BD | F6BA:BEQ LF6BD",,ram_state_or_intermediate,medium,requires downstream read/use analysis
F6C8,LF6C1,,STAA,L010A,store,L010A,$010A,L010A,internal_ram,8,,,,direct,A,"F69C:BRCLR $01,X,#$10,LF6A6 | F6A0:BRCLR $02,X,#$10,LF6A6 | F6AE:BEQ LF6BD | F6B4:BEQ LF6BD | F6BA:BEQ LF6BD | F6C1:BRCLR $05,X,#$80,LF6CF",,ram_state_or_intermediate,medium,requires downstream read/use analysis
F6DE,LF6DE,,STAA,L011A,store,L011A,$011A,L011A,internal_ram,8,,,,direct,A,"F6BA:BEQ LF6BD | F6C1:BRCLR $05,X,#$80,LF6CF | F6CB:BRA LF6CF | F6CD:BRA LF6F5 | F6CF:BRCLR L003B,#$08,LF6EC | F6D8:BRCLR $07,X,#$40,LF6DE",,ram_state_or_intermediate,medium,requires downstream read/use analysis
F6EC,LF6EC,,STAA,L011A,store,L011A,$011A,L011A,internal_ram,8,,,,direct,A,"F6C1:BRCLR $05,X,#$80,LF6CF | F6CB:BRA LF6CF | F6CD:BRA LF6F5 | F6CF:BRCLR L003B,#$08,LF6EC | F6D8:BRCLR $07,X,#$40,LF6DE | F6E6:BRCLR $07,X,#$80,LF6EC",,ram_state_or_intermediate,medium,requires downstream read/use analysis
F6F2,LF6EC,,STAA,L0111,store,L0111,$0111,L0111,internal_ram,8,,,,direct,A,"F6C1:BRCLR $05,X,#$80,LF6CF | F6CB:BRA LF6CF | F6CD:BRA LF6F5 | F6CF:BRCLR L003B,#$08,LF6EC | F6D8:BRCLR $07,X,#$40,LF6DE | F6E6:BRCLR $07,X,#$80,LF6EC",,ram_state_or_intermediate,medium,requires downstream read/use analysis
F703,LF702,,STAA,L0399,store,L0399,$0399,L0399,internal_ram,8,,,,direct,A,"F6CF:BRCLR L003B,#$08,LF6EC | F6D8:BRCLR $07,X,#$40,LF6DE | F6E6:BRCLR $07,X,#$80,LF6EC | F6F5:BRCLR L003B,#$08,LF715 | F6F9:BRCLR L0042,#$02,LF702 | F700:BEQ LF715",,ram_state_or_intermediate,medium,requires downstream read/use analysis
F706,LF702,,STAA,L010A,store,L010A,$010A,L010A,internal_ram,8,,,,direct,A,"F6CF:BRCLR L003B,#$08,LF6EC | F6D8:BRCLR $07,X,#$40,LF6DE | F6E6:BRCLR $07,X,#$80,LF6EC | F6F5:BRCLR L003B,#$08,LF715 | F6F9:BRCLR L0042,#$02,LF702 | F700:BEQ LF715",,ram_state_or_intermediate,medium,requires downstream read/use analysis
F709,LF702,,STAA,L0103,store,L0103,$0103,L0103,internal_ram,8,,,,direct,A,"F6CF:BRCLR L003B,#$08,LF6EC | F6D8:BRCLR $07,X,#$40,LF6DE | F6E6:BRCLR $07,X,#$80,LF6EC | F6F5:BRCLR L003B,#$08,LF715 | F6F9:BRCLR L0042,#$02,LF702 | F700:BEQ LF715",,ram_state_or_intermediate,medium,requires downstream read/use analysis
F70C,LF702,,STAA,L0111,store,L0111,$0111,L0111,internal_ram,8,,,,direct,A,"F6CF:BRCLR L003B,#$08,LF6EC | F6D8:BRCLR $07,X,#$40,LF6DE | F6E6:BRCLR $07,X,#$80,LF6EC | F6F5:BRCLR L003B,#$08,LF715 | F6F9:BRCLR L0042,#$02,LF702 | F700:BEQ LF715",,ram_state_or_intermediate,medium,requires downstream read/use analysis
F70F,LF702,,STAA,L0118,store,L0118,$0118,L0118,internal_ram,8,,,,direct,A,"F6CF:BRCLR L003B,#$08,LF6EC | F6D8:BRCLR $07,X,#$40,LF6DE | F6E6:BRCLR $07,X,#$80,LF6EC | F6F5:BRCLR L003B,#$08,LF715 | F6F9:BRCLR L0042,#$02,LF702 | F700:BEQ LF715",,ram_state_or_intermediate,medium,requires downstream read/use analysis
F712,LF702,,BCLR,"L003B,#$08",bit_mutation,L003B,$003B,L003B,internal_ram,bit,#$08,,,direct,bit_clear_mask,"F6CF:BRCLR L003B,#$08,LF6EC | F6D8:BRCLR $07,X,#$40,LF6DE | F6E6:BRCLR $07,X,#$80,LF6EC | F6F5:BRCLR L003B,#$08,LF715 | F6F9:BRCLR L0042,#$02,LF702 | F700:BEQ LF715",,mode_flag_or_safety_gate,medium,bit-level state mutation
F720,LF715,,BSET,"L003B,#$10",bit_mutation,L003B,$003B,L003B,internal_ram,bit,#$10,,,direct,bit_set_mask,"F6E6:BRCLR $07,X,#$80,LF6EC | F6F5:BRCLR L003B,#$08,LF715 | F6F9:BRCLR L0042,#$02,LF702 | F700:BEQ LF715 | F715:BRCLR L0042,#$01,LF739 | F71E:BNE LF739",,mode_flag_or_safety_gate,medium,bit-level state mutation
F731,LF715,,BSET,"L0045,#$10",bit_mutation,L0045,$0045,L0045,internal_ram,bit,#$10,,,direct,bit_set_mask,"F700:BEQ LF715 | F715:BRCLR L0042,#$01,LF739 | F71E:BNE LF739 | F728:BEQ LF736 | F72A:BRSET L0045,#$10,LF739 | F72E:JSR LF280",,mode_flag_or_safety_gate,medium,bit-level state mutation
F736,LF736,,BCLR,"L0045,#$10",bit_mutation,L0045,$0045,L0045,internal_ram,bit,#$10,,,direct,bit_clear_mask,"F715:BRCLR L0042,#$01,LF739 | F71E:BNE LF739 | F728:BEQ LF736 | F72A:BRSET L0045,#$10,LF739 | F72E:JSR LF280 | F734:BRA LF739",,mode_flag_or_safety_gate,medium,bit-level state mutation
F74F,LF748,,BSET,"L0045,#$80",bit_mutation,L0045,$0045,L0045,internal_ram,bit,#$80,,,direct,bit_set_mask,"F734:BRA LF739 | F739:BRSET L003B,#$02,LF748 | F73D:BRCLR L003B,#$10,LF754 | F746:BEQ LF754 | F748:BRSET L0045,#$80,LF757 | F74C:JSR LF333",,mode_flag_or_safety_gate,medium,bit-level state mutation
F754,LF754,,BCLR,"L0045,#$80",bit_mutation,L0045,$0045,L0045,internal_ram,bit,#$80,,,direct,bit_clear_mask,"F739:BRSET L003B,#$02,LF748 | F73D:BRCLR L003B,#$10,LF754 | F746:BEQ LF754 | F748:BRSET L0045,#$80,LF757 | F74C:JSR LF333 | F752:BRA LF757",,mode_flag_or_safety_gate,medium,bit-level state mutation
F762,LF757,,BSET,"L0045,#$40",bit_mutation,L0045,$0045,L0045,internal_ram,bit,#$40,,,direct,bit_set_mask,"F748:BRSET L0045,#$80,LF757 | F74C:JSR LF333 | F752:BRA LF757 | F757:BRCLR L003B,#$01,LF767 | F75B:BRSET L0045,#$40,LF76A | F75F:JSR LF380",,mode_flag_or_safety_gate,medium,bit-level state mutation
F767,LF767,,BCLR,"L0045,#$40",bit_mutation,L0045,$0045,L0045,internal_ram,bit,#$40,,,direct,bit_clear_mask,"F74C:JSR LF333 | F752:BRA LF757 | F757:BRCLR L003B,#$01,LF767 | F75B:BRSET L0045,#$40,LF76A | F75F:JSR LF380 | F765:BRA LF76A",,mode_flag_or_safety_gate,medium,bit-level state mutation
F777,LF777,,BCLR,"L003B,#$10",bit_mutation,L003B,$003B,L003B,internal_ram,bit,#$10,,,direct,bit_clear_mask,"F75B:BRSET L0045,#$40,LF76A | F75F:JSR LF380 | F765:BRA LF76A | F76A:BRCLR L003B,#$10,LF780 | F76E:BRCLR L0042,#$01,LF777 | F775:BEQ LF780",,mode_flag_or_safety_gate,medium,bit-level state mutation
F77A,LF777,,CLR,L038E,clear,L038E,$038E,L038E,internal_ram,8,,,,direct,zero,"F75B:BRSET L0045,#$40,LF76A | F75F:JSR LF380 | F765:BRA LF76A | F76A:BRCLR L003B,#$10,LF780 | F76E:BRCLR L0042,#$01,LF777 | F775:BEQ LF780",,ram_state_or_intermediate,medium,requires downstream read/use analysis
F77D,LF777,,BCLR,"L0044,#$04",bit_mutation,L0044,$0044,L0044,internal_ram,bit,#$04,,,direct,bit_clear_mask,"F75B:BRSET L0045,#$40,LF76A | F75F:JSR LF380 | F765:BRA LF76A | F76A:BRCLR L003B,#$10,LF780 | F76E:BRCLR L0042,#$01,LF777 | F775:BEQ LF780",,mode_flag_or_safety_gate,medium,bit-level state mutation
F78C,LF781,,STAA,L0367,store,L0367,$0367,L0367,internal_ram,8,,,,direct,A,"F765:BRA LF76A | F76A:BRCLR L003B,#$10,LF780 | F76E:BRCLR L0042,#$01,LF777 | F775:BEQ LF780 | F782:BRCLR L0042,#$03,LF7BA | F78A:BEQ LF793",,ram_state_or_intermediate,medium,requires downstream read/use analysis
F793,LF793,,CLR,L0399,clear,L0399,$0399,L0399,internal_ram,8,,,,direct,zero,"F76A:BRCLR L003B,#$10,LF780 | F76E:BRCLR L0042,#$01,LF777 | F775:BEQ LF780 | F782:BRCLR L0042,#$03,LF7BA | F78A:BEQ LF793 | F791:BCS LF7BA",,ram_state_or_intermediate,medium,requires downstream read/use analysis
F796,LF793,,CLR,L038E,clear,L038E,$038E,L038E,internal_ram,8,,,,direct,zero,"F76A:BRCLR L003B,#$10,LF780 | F76E:BRCLR L0042,#$01,LF777 | F775:BEQ LF780 | F782:BRCLR L0042,#$03,LF7BA | F78A:BEQ LF793 | F791:BCS LF7BA",,ram_state_or_intermediate,medium,requires downstream read/use analysis
F799,LF793,,BCLR,"L0042,#$03",bit_mutation,L0042,$0042,L0042,internal_ram,bit,#$03,,,direct,bit_clear_mask,"F76A:BRCLR L003B,#$10,LF780 | F76E:BRCLR L0042,#$01,LF777 | F775:BEQ LF780 | F782:BRCLR L0042,#$03,LF7BA | F78A:BEQ LF793 | F791:BCS LF7BA",,mode_flag_or_safety_gate,medium,bit-level state mutation
F79C,LF793,,BCLR,"L0045,#$D0",bit_mutation,L0045,$0045,L0045,internal_ram,bit,#$D0,,,direct,bit_clear_mask,"F76A:BRCLR L003B,#$10,LF780 | F76E:BRCLR L0042,#$01,LF777 | F775:BEQ LF780 | F782:BRCLR L0042,#$03,LF7BA | F78A:BEQ LF793 | F791:BCS LF7BA",,mode_flag_or_safety_gate,medium,bit-level state mutation
F79F,LF793,,BCLR,"L003B,#$43",bit_mutation,L003B,$003B,L003B,internal_ram,bit,#$43,,,direct,bit_clear_mask,"F76A:BRCLR L003B,#$10,LF780 | F76E:BRCLR L0042,#$01,LF777 | F775:BEQ LF780 | F782:BRCLR L0042,#$03,LF7BA | F78A:BEQ LF793 | F791:BCS LF7BA",,mode_flag_or_safety_gate,medium,bit-level state mutation
F7AA,LF793,,STD,L3FFC,store,L3FFC,$3FFC,L3FFC,asic_hardware_region_3fxx,16,,,,direct,D,"F76E:BRCLR L0042,#$01,LF777 | F775:BEQ LF780 | F782:BRCLR L0042,#$03,LF7BA | F78A:BEQ LF793 | F791:BCS LF7BA | F7A5:JSR LF3ED",,iac_output_sink_or_state,medium,IAC phase/output/enable candidate; direct writer bench-gated
F7AF,LF793,,STAA,L302D,store,L302D,$302D,L302D,hardware_register_region_30xx,8,,,,direct,A,"F76E:BRCLR L0042,#$01,LF777 | F775:BEQ LF780 | F782:BRCLR L0042,#$03,LF7BA | F78A:BEQ LF793 | F791:BCS LF7BA | F7A5:JSR LF3ED",,hardware_or_asic_state,medium,mapped hardware/ASIC region
F7B4,LF793,,STD,L0362,store,L0362,$0362,L0362,internal_ram,16,,,,direct,D,"F76E:BRCLR L0042,#$01,LF777 | F775:BEQ LF780 | F782:BRCLR L0042,#$03,LF7BA | F78A:BEQ LF793 | F791:BCS LF7BA | F7A5:JSR LF3ED",,ram_state_or_intermediate,medium,requires downstream read/use analysis
F7B7,LF793,,STD,L0360,store,L0360,$0360,L0360,internal_ram,16,,,,direct,D,"F76E:BRCLR L0042,#$01,LF777 | F775:BEQ LF780 | F782:BRCLR L0042,#$03,LF7BA | F78A:BEQ LF793 | F791:BCS LF7BA | F7A5:JSR LF3ED",,ram_state_or_intermediate,medium,requires downstream read/use analysis
F7C3,LF7BA,,STX,L0368,store,L0368,$0368,L0368,internal_ram,16,,,,direct,X,"F775:BEQ LF780 | F782:BRCLR L0042,#$03,LF7BA | F78A:BEQ LF793 | F791:BCS LF7BA | F7A5:JSR LF3ED | F7BB:BRCLR L003B,#$18,LF7D3",,ram_state_or_intermediate,medium,requires downstream read/use analysis
F7CE,LF7BA,,STX,L036A,store,L036A,$036A,L036A,internal_ram,16,,,,direct,X,"F782:BRCLR L0042,#$03,LF7BA | F78A:BEQ LF793 | F791:BCS LF7BA | F7A5:JSR LF3ED | F7BB:BRCLR L003B,#$18,LF7D3 | F7C9:BCS LF7E9",,ram_state_or_intermediate,medium,requires downstream read/use analysis
F7D9,LF7D3,,STX,L036A,store,L036A,$036A,L036A,internal_ram,16,,,,direct,X,"F791:BCS LF7BA | F7A5:JSR LF3ED | F7BB:BRCLR L003B,#$18,LF7D3 | F7C9:BCS LF7E9 | F7D1:BRA LF7E9 | F7D6:BEQ LF7E9",,ram_state_or_intermediate,medium,requires downstream read/use analysis
F7E3,LF7D3,,STD,L036A,store,L036A,$036A,L036A,internal_ram,16,,,,direct,D,"F7A5:JSR LF3ED | F7BB:BRCLR L003B,#$18,LF7D3 | F7C9:BCS LF7E9 | F7D1:BRA LF7E9 | F7D6:BEQ LF7E9 | F7DF:BCS LF7E9",,ram_state_or_intermediate,medium,requires downstream read/use analysis
F7E6,LF7D3,,STD,L0368,store,L0368,$0368,L0368,internal_ram,16,,,,direct,D,"F7A5:JSR LF3ED | F7BB:BRCLR L003B,#$18,LF7D3 | F7C9:BCS LF7E9 | F7D1:BRA LF7E9 | F7D6:BEQ LF7E9 | F7DF:BCS LF7E9",,ram_state_or_intermediate,medium,requires downstream read/use analysis
F811,LF807,,STAA,"$2D,X",store,"$2D,X",$302D,L302D,hardware_register_region_30xx,8,,$3000,$B319,resolved_indexed,A,"F7FA:BRCLR $2D,X,#$80,LF807 | F7FE:BRCLR $2E,X,#$80,LF821 | F802:JSR LF822 | F805:BRA LF821 | F807:BRCLR $2D,X,#$40,LF821 | F80B:BRCLR $2E,X,#$40,LF821",,hardware_or_asic_state,medium,mapped hardware/ASIC region
F81B,LF807,,STD,L3FFC,store,L3FFC,$3FFC,L3FFC,asic_hardware_region_3fxx,16,,,,direct,D,"F7FE:BRCLR $2E,X,#$80,LF821 | F802:JSR LF822 | F805:BRA LF821 | F807:BRCLR $2D,X,#$40,LF821 | F80B:BRCLR $2E,X,#$40,LF821 | F816:JSR LF3ED",,iac_output_sink_or_state,medium,IAC phase/output/enable candidate; direct writer bench-gated
F81E,LF807,,BCLR,"L003B,#$40",bit_mutation,L003B,$003B,L003B,internal_ram,bit,#$40,,,direct,bit_clear_mask,"F7FE:BRCLR $2E,X,#$80,LF821 | F802:JSR LF822 | F805:BRA LF821 | F807:BRCLR $2D,X,#$40,LF821 | F80B:BRCLR $2E,X,#$40,LF821 | F816:JSR LF3ED",,mode_flag_or_safety_gate,medium,bit-level state mutation
F84A,LF84A,,STAA,L0365,store,L0365,$0365,L0365,internal_ram,8,,,,direct,A,"F80B:BRCLR $2E,X,#$40,LF821 | F816:JSR LF3ED | F829:BNE LF852 | F82D:BRCLR L0042,#$03,LF84A | F83A:BNE LF83F | F842:BNE LF84A",,ram_state_or_intermediate,medium,requires downstream read/use analysis
F8CC,LF8C9,,STAB,L0366,store,L0366,$0366,L0366,internal_ram,8,,,,direct,B,"F8A5:BEQ LF8B4 | F8AB:BNE LF8AF | F8B2:BRA LF8B8 | F8BB:BCS LF8DC | F8C0:BHI LF8DC | F8C3:BRSET L0050,#$08,LF8C9",,ram_state_or_intermediate,medium,requires downstream read/use analysis
F8CF,LF8C9,,BSET,"L003B,#$80",bit_mutation,L003B,$003B,L003B,internal_ram,bit,#$80,,,direct,bit_set_mask,"F8A5:BEQ LF8B4 | F8AB:BNE LF8AF | F8B2:BRA LF8B8 | F8BB:BCS LF8DC | F8C0:BHI LF8DC | F8C3:BRSET L0050,#$08,LF8C9",,mode_flag_or_safety_gate,medium,bit-level state mutation
F8D4,LF8D4,,BCLR,"L003B,#$80",bit_mutation,L003B,$003B,L003B,internal_ram,bit,#$80,,,direct,bit_clear_mask,"F8AB:BNE LF8AF | F8B2:BRA LF8B8 | F8BB:BCS LF8DC | F8C0:BHI LF8DC | F8C3:BRSET L0050,#$08,LF8C9 | F8D2:BRA LF8E6",,mode_flag_or_safety_gate,medium,bit-level state mutation
F8E6,LF8E6,,STAA,L302F,store,L302F,$302F,L302F,hardware_register_region_30xx,8,,,,direct,A,"F8C0:BHI LF8DC | F8C3:BRSET L0050,#$08,LF8C9 | F8D2:BRA LF8E6 | F8DA:BRA LF8E6 | F8DE:BRA LF8E6 | F8E0:BNE LF8F4",,hardware_or_asic_state,medium,mapped hardware/ASIC region
F8EC,LF8E6,,STAA,L0361,store,L0361,$0361,L0361,internal_ram,8,,,,direct,A,"F8C0:BHI LF8DC | F8C3:BRSET L0050,#$08,LF8C9 | F8D2:BRA LF8E6 | F8DA:BRA LF8E6 | F8DE:BRA LF8E6 | F8E0:BNE LF8F4",,ram_state_or_intermediate,medium,requires downstream read/use analysis
F8EF,LF8E6,,INC,L0360,read_modify_write,L0360,$0360,L0360,internal_ram,8,,,,direct,target_plus_1,"F8C0:BHI LF8DC | F8C3:BRSET L0050,#$08,LF8C9 | F8D2:BRA LF8E6 | F8DA:BRA LF8E6 | F8DE:BRA LF8E6 | F8E0:BNE LF8F4",,ram_state_or_intermediate,medium,requires downstream read/use analysis
F8F6,LF8F4,,BCLR,"L003B,#$80",bit_mutation,L003B,$003B,L003B,internal_ram,bit,#$80,,,direct,bit_clear_mask,"F8C3:BRSET L0050,#$08,LF8C9 | F8D2:BRA LF8E6 | F8DA:BRA LF8E6 | F8DE:BRA LF8E6 | F8E0:BNE LF8F4 | F8F2:BRA LF90A",,mode_flag_or_safety_gate,medium,bit-level state mutation
F8F9,LF8F4,,STD,L0360,store,L0360,$0360,L0360,internal_ram,16,,,,direct,D,"F8C3:BRSET L0050,#$08,LF8C9 | F8D2:BRA LF8E6 | F8DA:BRA LF8E6 | F8DE:BRA LF8E6 | F8E0:BNE LF8F4 | F8F2:BRA LF90A",,ram_state_or_intermediate,medium,requires downstream read/use analysis
F8FC,LF8F4,,STD,L0362,store,L0362,$0362,L0362,internal_ram,16,,,,direct,D,"F8C3:BRSET L0050,#$08,LF8C9 | F8D2:BRA LF8E6 | F8DA:BRA LF8E6 | F8DE:BRA LF8E6 | F8E0:BNE LF8F4 | F8F2:BRA LF90A",,ram_state_or_intermediate,medium,requires downstream read/use analysis
F907,LF8F4,,STAA,L302D,store,L302D,$302D,L302D,hardware_register_region_30xx,8,,,,direct,A,"F8C3:BRSET L0050,#$08,LF8C9 | F8D2:BRA LF8E6 | F8DA:BRA LF8E6 | F8DE:BRA LF8E6 | F8E0:BNE LF8F4 | F8F2:BRA LF90A",,hardware_or_asic_state,medium,mapped hardware/ASIC region
F914,LF90B,,CLR,L0367,clear,L0367,$0367,L0367,internal_ram,8,,,,direct,zero,"F8C3:BRSET L0050,#$08,LF8C9 | F8D2:BRA LF8E6 | F8DA:BRA LF8E6 | F8DE:BRA LF8E6 | F8E0:BNE LF8F4 | F8F2:BRA LF90A",,ram_state_or_intermediate,medium,requires downstream read/use analysis
F91F,LF90B,,STAB,L0361,store,L0361,$0361,L0361,internal_ram,8,,,,direct,B,F8D2:BRA LF8E6 | F8DA:BRA LF8E6 | F8DE:BRA LF8E6 | F8E0:BNE LF8F4 | F8F2:BRA LF90A | F919:BNE LF939,,ram_state_or_intermediate,medium,requires downstream read/use analysis
F93F,LF93B,,BSET,"L0042,#$01",bit_mutation,L0042,$0042,L0042,internal_ram,bit,#$01,,,direct,bit_set_mask,"F925:BNE LF955 | F92A:BRCLR L0050,#$08,LF931 | F933:BEQ LF93B | F937:BNE LF931 | F939:BRA LF9B6 | F93D:BNE LF944",,mode_flag_or_safety_gate,medium,bit-level state mutation
F948,LF944,,BSET,"L0042,#$02",bit_mutation,L0042,$0042,L0042,internal_ram,bit,#$02,,,direct,bit_set_mask,F933:BEQ LF93B | F937:BNE LF931 | F939:BRA LF9B6 | F93D:BNE LF944 | F942:BRA LF94B | F946:BNE LF94B,,mode_flag_or_safety_gate,medium,bit-level state mutation
F94B,LF94B,,STX,L0362,store,L0362,$0362,L0362,internal_ram,16,,,,direct,X,F933:BEQ LF93B | F937:BNE LF931 | F939:BRA LF9B6 | F93D:BNE LF944 | F942:BRA LF94B | F946:BNE LF94B,,ram_state_or_intermediate,medium,requires downstream read/use analysis
F950,LF94B,,STAA,L302D,store,L302D,$302D,L302D,hardware_register_region_30xx,8,,,,direct,A,F933:BEQ LF93B | F937:BNE LF931 | F939:BRA LF9B6 | F93D:BNE LF944 | F942:BRA LF94B | F946:BNE LF94B,,hardware_or_asic_state,medium,mapped hardware/ASIC region
F960,LF955,,STAA,L0365,store,L0365,$0365,L0365,internal_ram,8,,,,direct,A,F942:BRA LF94B | F946:BNE LF94B | F953:BRA LF9B0 | F956:BNE LF965 | F95A:BCS LF9B6 | F95E:BHI LF9B6,,ram_state_or_intermediate,medium,requires downstream read/use analysis
F97F,LF965,,STX,L0362,store,L0362,$0362,L0362,internal_ram,16,,,,direct,X,"F963:BRA LF9B0 | F969:BCC LF9B9 | F96C:BNE LF984 | F96E:BRCLR L0042,#$03,LF9AB | F974:BHI LF9B6 | F97D:BEQ LF9B6",,ram_state_or_intermediate,medium,requires downstream read/use analysis
F9A8,LF99C,,STX,L0362,store,L0362,$0362,L0362,internal_ram,16,,,,direct,X,"F97D:BEQ LF9B6 | F982:BRA LF9AB | F984:BRCLR L0042,#$03,LF9AB | F991:BNE LF9AB | F995:BNE LF9AB | F999:BCS LF99C",,ram_state_or_intermediate,medium,requires downstream read/use analysis
F9AE,LF9AB,,STAA,"0,X",store,"0,X",,"0,X",unknown,8,,$FBD7,$B319,unresolved_indexed,A,"F97D:BEQ LF9B6 | F982:BRA LF9AB | F984:BRCLR L0042,#$03,LF9AB | F991:BNE LF9AB | F995:BNE LF9AB | F999:BCS LF99C",,ram_state_or_intermediate,medium,requires downstream read/use analysis
F9B0,LF9B0,,INC,L0360,read_modify_write,L0360,$0360,L0360,internal_ram,8,,,,direct,target_plus_1,"F97D:BEQ LF9B6 | F982:BRA LF9AB | F984:BRCLR L0042,#$03,LF9AB | F991:BNE LF9AB | F995:BNE LF9AB | F999:BCS LF99C",,ram_state_or_intermediate,medium,requires downstream read/use analysis
F9C0,LF9B9,,STAB,L0364,store,L0364,$0364,L0364,internal_ram,8,,,,direct,B,F991:BNE LF9AB | F995:BNE LF9AB | F999:BCS LF99C | F9B3:JMP LFA5A | F9B6:JMP LFA4D | F9BC:BNE LF9B6,,ram_state_or_intermediate,medium,requires downstream read/use analysis
F9D6,LF9D6,,BCLR,"L003B,#$03",bit_mutation,L003B,$003B,L003B,internal_ram,bit,#$03,,,direct,bit_clear_mask,"F999:BCS LF99C | F9B3:JMP LFA5A | F9B6:JMP LFA4D | F9BC:BNE LF9B6 | F9CA:BRSET L0050,#$08,LFA10 | F9D0:BNE LF9D6",,mode_flag_or_safety_gate,medium,bit-level state mutation
F9DC,LF9D6,,STAB,"0,Y",store,"0,Y",,"0,Y",unknown,8,,$FBD7,$0399,unresolved_indexed,B,"F999:BCS LF99C | F9B3:JMP LFA5A | F9B6:JMP LFA4D | F9BC:BNE LF9B6 | F9CA:BRSET L0050,#$08,LFA10 | F9D0:BNE LF9D6",,ram_state_or_intermediate,medium,requires downstream read/use analysis
F9ED,LF9EB,,STAB,L0042,store,L0042,$0042,L0042,internal_ram,8,,,,direct,B,"F9B6:JMP LFA4D | F9BC:BNE LF9B6 | F9CA:BRSET L0050,#$08,LFA10 | F9D0:BNE LF9D6 | F9DF:BNE LF9F1 | F9E7:BNE LF9EB",,ram_state_or_intermediate,medium,requires downstream read/use analysis
F9FC,LF9F1,,BSET,"L003B,#$02",bit_mutation,L003B,$003B,L003B,internal_ram,bit,#$02,,,direct,bit_set_mask,F9D0:BNE LF9D6 | F9DF:BNE LF9F1 | F9E7:BNE LF9EB | F9EF:BRA LFA21 | F9F3:BNE LFA06 | F9FA:BEQ LFA01,,mode_flag_or_safety_gate,medium,bit-level state mutation
FA01,LFA01,,BSET,"L003B,#$01",bit_mutation,L003B,$003B,L003B,internal_ram,bit,#$01,,,direct,bit_set_mask,F9DF:BNE LF9F1 | F9E7:BNE LF9EB | F9EF:BRA LFA21 | F9F3:BNE LFA06 | F9FA:BEQ LFA01 | F9FF:BRA LFA21,,mode_flag_or_safety_gate,medium,bit-level state mutation
FA18,LFA16,,STAB,"0,Y",store,"0,Y",,"0,Y",unknown,8,,$036C,$0399,unresolved_indexed,B,F9FA:BEQ LFA01 | F9FF:BRA LFA21 | FA04:BRA LFA21 | FA08:BNE LFA21 | FA0C:BLS LFA10 | FA11:BEQ LFA21,,ram_state_or_intermediate,medium,requires downstream read/use analysis
FA28,LFA28,,STX,L0362,store,L0362,$0362,L0362,internal_ram,16,,,,direct,X,"FA04:BRA LFA21 | FA08:BNE LFA21 | FA0C:BLS LFA10 | FA11:BEQ LFA21 | FA1F:BNE LFA16 | FA24:BRSET $0004,X,#$80,LFA4D",,ram_state_or_intermediate,medium,requires downstream read/use analysis
FA30,LFA28,,STAA,L302F,store,L302F,$302F,L302F,hardware_register_region_30xx,8,,,,direct,A,"FA04:BRA LFA21 | FA08:BNE LFA21 | FA0C:BLS LFA10 | FA11:BEQ LFA21 | FA1F:BNE LFA16 | FA24:BRSET $0004,X,#$80,LFA4D",,hardware_or_asic_state,medium,mapped hardware/ASIC region
FA33,LFA28,,STAA,L0361,store,L0361,$0361,L0361,internal_ram,8,,,,direct,A,"FA04:BRA LFA21 | FA08:BNE LFA21 | FA0C:BLS LFA10 | FA11:BEQ LFA21 | FA1F:BNE LFA16 | FA24:BRSET $0004,X,#$80,LFA4D",,ram_state_or_intermediate,medium,requires downstream read/use analysis
FA38,LFA28,,STAB,L0360,store,L0360,$0360,L0360,internal_ram,8,,,,direct,B,"FA04:BRA LFA21 | FA08:BNE LFA21 | FA0C:BLS LFA10 | FA11:BEQ LFA21 | FA1F:BNE LFA16 | FA24:BRSET $0004,X,#$80,LFA4D",,ram_state_or_intermediate,medium,requires downstream read/use analysis
FA43,LFA28,,STD,L3FFC,store,L3FFC,$3FFC,L3FFC,asic_hardware_region_3fxx,16,,,,direct,D,"FA08:BNE LFA21 | FA0C:BLS LFA10 | FA11:BEQ LFA21 | FA1F:BNE LFA16 | FA24:BRSET $0004,X,#$80,LFA4D | FA3E:JSR LF3ED",,iac_output_sink_or_state,medium,IAC phase/output/enable candidate; direct writer bench-gated
FA48,LFA28,,STAA,L302D,store,L302D,$302D,L302D,hardware_register_region_30xx,8,,,,direct,A,"FA08:BNE LFA21 | FA0C:BLS LFA10 | FA11:BEQ LFA21 | FA1F:BNE LFA16 | FA24:BRSET $0004,X,#$80,LFA4D | FA3E:JSR LF3ED",,hardware_or_asic_state,medium,mapped hardware/ASIC region
FA4F,LFA4D,,STD,L0362,store,L0362,$0362,L0362,internal_ram,16,,,,direct,D,"FA0C:BLS LFA10 | FA11:BEQ LFA21 | FA1F:BNE LFA16 | FA24:BRSET $0004,X,#$80,LFA4D | FA3E:JSR LF3ED | FA4B:BRA LFA5A",,ram_state_or_intermediate,medium,requires downstream read/use analysis
FA52,LFA4D,,STD,L0360,store,L0360,$0360,L0360,internal_ram,16,,,,direct,D,"FA0C:BLS LFA10 | FA11:BEQ LFA21 | FA1F:BNE LFA16 | FA24:BRSET $0004,X,#$80,LFA4D | FA3E:JSR LF3ED | FA4B:BRA LFA5A",,ram_state_or_intermediate,medium,requires downstream read/use analysis
FA57,LFA4D,,STAA,L302D,store,L302D,$302D,L302D,hardware_register_region_30xx,8,,,,direct,A,"FA0C:BLS LFA10 | FA11:BEQ LFA21 | FA1F:BNE LFA16 | FA24:BRSET $0004,X,#$80,LFA4D | FA3E:JSR LF3ED | FA4B:BRA LFA5A",,hardware_or_asic_state,medium,mapped hardware/ASIC region
FA87,LFA83,,STAA,L303A,store,L303A,$303A,L303A,hardware_register_region_30xx,8,,,,direct,A,FA63:JSR LF275 | FA68:JSR LF25F | FA70:BCC LFA82 | FA74:BCS LFA82				: BR IF A/D VAL LT 800 mvdc | FA78:JSR LF25F | FA80:BHI LFA83,near_output_control_dispatcher_FAA5,watchdog_cop_sink,high,COP/watchdog register candidate
FA8A,LFA83,,STAB,L303A,store,L303A,$303A,L303A,hardware_register_region_30xx,8,,,,direct,B,FA63:JSR LF275 | FA68:JSR LF25F | FA70:BCC LFA82 | FA74:BCS LFA82				: BR IF A/D VAL LT 800 mvdc | FA78:JSR LF25F | FA80:BHI LFA83,near_output_control_dispatcher_FAA5,watchdog_cop_sink,high,COP/watchdog register candidate
FA9F,LFA9F,,BSET,"L0001,#$01",bit_mutation,L0001,$0001,L0001,internal_ram,bit,#$01,,,direct,bit_set_mask,"FA78:JSR LF25F | FA80:BHI LFA83 | FA92:BEQ LFA9F | FA94:JSR LF3E4 | FA99:BNE LFAA9 | FA9B:BRCLR L0001,#$01,LFAA9",near_output_control_dispatcher_FAA5,mode_flag_or_safety_gate,medium,bit-level state mutation
FAAD,LFAA9,,BCLR,"L0001,#$01",bit_mutation,L0001,$0001,L0001,internal_ram,bit,#$01,,,direct,bit_clear_mask,"FA94:JSR LF3E4 | FA99:BNE LFAA9 | FA9B:BRCLR L0001,#$01,LFAA9 | FAA5:JSR 0,X | FAA7:BRA LFAC7 | FAAB:BNE LFACA",near_output_control_dispatcher_FAA5,mode_flag_or_safety_gate,medium,bit-level state mutation
FABC,LFAB9,,STAA,"0,X",store,"0,X",,"0,X",unknown,8,,$3000,$0390,unresolved_indexed,A,"FA94:JSR LF3E4 | FA99:BNE LFAA9 | FA9B:BRCLR L0001,#$01,LFAA9 | FAA5:JSR 0,X | FAA7:BRA LFAC7 | FAAB:BNE LFACA",near_output_control_dispatcher_FAA5,ram_state_or_intermediate,medium,requires downstream read/use analysis
FAC4,LFAB9,,COM,L0364,read_modify_write,L0364,$0364,L0364,internal_ram,8,,,,direct,ones_complement_target,"FA99:BNE LFAA9 | FA9B:BRCLR L0001,#$01,LFAA9 | FAA5:JSR 0,X | FAA7:BRA LFAC7 | FAAB:BNE LFACA | FAC2:BNE LFAB9",near_output_control_dispatcher_FAA5,ram_state_or_intermediate,medium,requires downstream read/use analysis
FADC,LFACA,,STX,L3FCC,store,L3FCC,$3FCC,L3FCC,asic_hardware_region_3fxx,16,,,,direct,X,"FAA7:BRA LFAC7 | FAAB:BNE LFACA | FAC2:BNE LFAB9 | FAC7:JMP LFBD4 | FACE:BNE LFB39 | FAD4:BRCLR 0,Y,#$80,LFB39",,hardware_or_asic_state,medium,mapped hardware/ASIC region
FAE5,LFACA,,STX,L3FEA,store,L3FEA,$3FEA,L3FEA,asic_hardware_region_3fxx,16,,,,direct,X,"FAAB:BNE LFACA | FAC2:BNE LFAB9 | FAC7:JMP LFBD4 | FACE:BNE LFB39 | FAD4:BRCLR 0,Y,#$80,LFB39 | FADF:JSR LFBD6",,hardware_or_asic_state,medium,mapped hardware/ASIC region
FAEE,LFACA,,STD,L3FCE,store,L3FCE,$3FCE,L3FCE,asic_hardware_region_3fxx,16,,,,direct,D,"FAC2:BNE LFAB9 | FAC7:JMP LFBD4 | FACE:BNE LFB39 | FAD4:BRCLR 0,Y,#$80,LFB39 | FADF:JSR LFBD6 | FAE8:JSR LFBD6",,fuel_pw_hardware_sink,high,EFI pulsewidth command sink; active compact route bench-gated
FAF7,LFACA,,STX,L3FDC,store,L3FDC,$3FDC,L3FDC,asic_hardware_region_3fxx,16,,,,direct,X,"FAC7:JMP LFBD4 | FACE:BNE LFB39 | FAD4:BRCLR 0,Y,#$80,LFB39 | FADF:JSR LFBD6 | FAE8:JSR LFBD6 | FAF1:JSR LFBD6",,spark_stock_handoff_sink_or_state,medium,preserved stock spark handoff owns this target
FB03,LFACA,,STD,L3FF6,store,L3FF6,$3FF6,L3FF6,asic_hardware_region_3fxx,16,,,,direct,D,"FACE:BNE LFB39 | FAD4:BRCLR 0,Y,#$80,LFB39 | FADF:JSR LFBD6 | FAE8:JSR LFBD6 | FAF1:JSR LFBD6 | FAFA:JSR LFBD6",,spark_stock_handoff_sink_or_state,medium,preserved stock spark handoff owns this target
FB0D,LFB0D,,STAB,L0002,store,L0002,$0002,L0002,internal_ram,8,,,,direct,B,"FAD4:BRCLR 0,Y,#$80,LFB39 | FADF:JSR LFBD6 | FAE8:JSR LFBD6 | FAF1:JSR LFBD6 | FAFA:JSR LFBD6 | FB0A:BLS LFB0D",,ram_state_or_intermediate,medium,requires downstream read/use analysis
FB28,LFB26,,STAB,L3062,store,L3062,$3062,L3062,hardware_register_region_30xx,8,,,,direct,B,FAFA:JSR LFBD6 | FB0A:BLS LFB0D | FB11:BNE LFAC7 | FB1A:BEQ LFB24 | FB1E:BEQ LFB24 | FB22:BRA LFB26,,iac_output_sink_or_state,medium,IAC phase/output/enable candidate; direct writer bench-gated
FB3E,LFB39,,STAA,L3062,store,L3062,$3062,L3062,hardware_register_region_30xx,8,,,,direct,A,FB0A:BLS LFB0D | FB11:BNE LFAC7 | FB1A:BEQ LFB24 | FB1E:BEQ LFB24 | FB22:BRA LFB26 | FB37:BRA LFB4A,,iac_output_sink_or_state,medium,IAC phase/output/enable candidate; direct writer bench-gated
FB44,LFB39,,STD,L3FCE,store,L3FCE,$3FCE,L3FCE,asic_hardware_region_3fxx,16,,,,direct,D,FB0A:BLS LFB0D | FB11:BNE LFAC7 | FB1A:BEQ LFB24 | FB1E:BEQ LFB24 | FB22:BRA LFB26 | FB37:BRA LFB4A,,fuel_pw_hardware_sink,high,EFI pulsewidth command sink; active compact route bench-gated
FB51,LFB4A,,STAA,L3060,store,L3060,$3060,L3060,hardware_register_region_30xx,8,,,,direct,A,FB11:BNE LFAC7 | FB1A:BEQ LFB24 | FB1E:BEQ LFB24 | FB22:BRA LFB26 | FB37:BRA LFB4A | FB47:JSR LFBD6,,iac_output_sink_or_state,medium,IAC phase/output/enable candidate; direct writer bench-gated
FB5B,LFB4A,,STAA,L3062,store,L3062,$3062,L3062,hardware_register_region_30xx,8,,,,direct,A,FB11:BNE LFAC7 | FB1A:BEQ LFB24 | FB1E:BEQ LFB24 | FB22:BRA LFB26 | FB37:BRA LFB4A | FB47:JSR LFBD6,,iac_output_sink_or_state,medium,IAC phase/output/enable candidate; direct writer bench-gated
FB69,LFB4A,,STD,L3FFC,store,L3FFC,$3FFC,L3FFC,asic_hardware_region_3fxx,16,,,,direct,D,FB1A:BEQ LFB24 | FB1E:BEQ LFB24 | FB22:BRA LFB26 | FB37:BRA LFB4A | FB47:JSR LFBD6 | FB62:JSR LFBD6,,iac_output_sink_or_state,medium,IAC phase/output/enable candidate; direct writer bench-gated
FB78,LFB4A,,STX,L3FD4,store,L3FD4,$3FD4,L3FD4,asic_hardware_region_3fxx,16,,,,direct,X,FB22:BRA LFB26 | FB37:BRA LFB4A | FB47:JSR LFBD6 | FB62:JSR LFBD6 | FB6C:JSR LFBD6 | FB73:BNE LFB98,,hardware_or_asic_state,medium,mapped hardware/ASIC region
FB7D,LFB4A,,STX,L3FD6,store,L3FD6,$3FD6,L3FD6,asic_hardware_region_3fxx,16,,,,direct,X,FB22:BRA LFB26 | FB37:BRA LFB4A | FB47:JSR LFBD6 | FB62:JSR LFBD6 | FB6C:JSR LFBD6 | FB73:BNE LFB98,,hardware_or_asic_state,medium,mapped hardware/ASIC region
FB82,LFB4A,,STX,L3FD8,store,L3FD8,$3FD8,L3FD8,asic_hardware_region_3fxx,16,,,,direct,X,FB22:BRA LFB26 | FB37:BRA LFB4A | FB47:JSR LFBD6 | FB62:JSR LFBD6 | FB6C:JSR LFBD6 | FB73:BNE LFB98,,hardware_or_asic_state,medium,mapped hardware/ASIC region
FB87,LFB4A,,STX,L3FDA,store,L3FDA,$3FDA,L3FDA,asic_hardware_region_3fxx,16,,,,direct,X,FB22:BRA LFB26 | FB37:BRA LFB4A | FB47:JSR LFBD6 | FB62:JSR LFBD6 | FB6C:JSR LFBD6 | FB73:BNE LFB98,,hardware_or_asic_state,medium,mapped hardware/ASIC region
FB8A,LFB4A,,STX,L306A,store,L306A,$306A,L306A,hardware_register_region_30xx,16,,,,direct,X,FB22:BRA LFB26 | FB37:BRA LFB4A | FB47:JSR LFBD6 | FB62:JSR LFBD6 | FB6C:JSR LFBD6 | FB73:BNE LFB98,,hardware_or_asic_state,medium,mapped hardware/ASIC region
FB8D,LFB4A,,STX,L306C,store,L306C,$306C,L306C,hardware_register_region_30xx,16,,,,direct,X,FB22:BRA LFB26 | FB37:BRA LFB4A | FB47:JSR LFBD6 | FB62:JSR LFBD6 | FB6C:JSR LFBD6 | FB73:BNE LFB98,,hardware_or_asic_state,medium,mapped hardware/ASIC region
FB90,LFB4A,,STX,L306E,store,L306E,$306E,L306E,hardware_register_region_30xx,16,,,,direct,X,FB22:BRA LFB26 | FB37:BRA LFB4A | FB47:JSR LFBD6 | FB62:JSR LFBD6 | FB6C:JSR LFBD6 | FB73:BNE LFB98,,hardware_or_asic_state,medium,mapped hardware/ASIC region
FB93,LFB4A,,STX,L3068,store,L3068,$3068,L3068,hardware_register_region_30xx,16,,,,direct,X,FB22:BRA LFB26 | FB37:BRA LFB4A | FB47:JSR LFBD6 | FB62:JSR LFBD6 | FB6C:JSR LFBD6 | FB73:BNE LFB98,,hardware_or_asic_state,medium,mapped hardware/ASIC region
FB9B,LFB98,,STX,L3FD4,store,L3FD4,$3FD4,L3FD4,asic_hardware_region_3fxx,16,,,,direct,X,FB37:BRA LFB4A | FB47:JSR LFBD6 | FB62:JSR LFBD6 | FB6C:JSR LFBD6 | FB73:BNE LFB98 | FB96:BRA LFBD4,,hardware_or_asic_state,medium,mapped hardware/ASIC region
FBA3,LFB98,,STX,L3FD6,store,L3FD6,$3FD6,L3FD6,asic_hardware_region_3fxx,16,,,,direct,X,FB37:BRA LFB4A | FB47:JSR LFBD6 | FB62:JSR LFBD6 | FB6C:JSR LFBD6 | FB73:BNE LFB98 | FB96:BRA LFBD4,,hardware_or_asic_state,medium,mapped hardware/ASIC region
FBAB,LFB98,,STX,L3FD8,store,L3FD8,$3FD8,L3FD8,asic_hardware_region_3fxx,16,,,,direct,X,FB37:BRA LFB4A | FB47:JSR LFBD6 | FB62:JSR LFBD6 | FB6C:JSR LFBD6 | FB73:BNE LFB98 | FB96:BRA LFBD4,,hardware_or_asic_state,medium,mapped hardware/ASIC region
FBB3,LFB98,,STX,L3FDA,store,L3FDA,$3FDA,L3FDA,asic_hardware_region_3fxx,16,,,,direct,X,FB37:BRA LFB4A | FB47:JSR LFBD6 | FB62:JSR LFBD6 | FB6C:JSR LFBD6 | FB73:BNE LFB98 | FB96:BRA LFBD4,,hardware_or_asic_state,medium,mapped hardware/ASIC region
FBB9,LFB98,,STX,L306A,store,L306A,$306A,L306A,hardware_register_region_30xx,16,,,,direct,X,FB37:BRA LFB4A | FB47:JSR LFBD6 | FB62:JSR LFBD6 | FB6C:JSR LFBD6 | FB73:BNE LFB98 | FB96:BRA LFBD4,,hardware_or_asic_state,medium,mapped hardware/ASIC region
FBBF,LFB98,,STX,L306C,store,L306C,$306C,L306C,hardware_register_region_30xx,16,,,,direct,X,FB37:BRA LFB4A | FB47:JSR LFBD6 | FB62:JSR LFBD6 | FB6C:JSR LFBD6 | FB73:BNE LFB98 | FB96:BRA LFBD4,,hardware_or_asic_state,medium,mapped hardware/ASIC region
FBC5,LFB98,,STX,L306E,store,L306E,$306E,L306E,hardware_register_region_30xx,16,,,,direct,X,FB37:BRA LFB4A | FB47:JSR LFBD6 | FB62:JSR LFBD6 | FB6C:JSR LFBD6 | FB73:BNE LFB98 | FB96:BRA LFBD4,,hardware_or_asic_state,medium,mapped hardware/ASIC region
FBCB,LFB98,,STX,L3068,store,L3068,$3068,L3068,hardware_register_region_30xx,16,,,,direct,X,FB37:BRA LFB4A | FB47:JSR LFBD6 | FB62:JSR LFBD6 | FB6C:JSR LFBD6 | FB73:BNE LFB98 | FB96:BRA LFBD4,,hardware_or_asic_state,medium,mapped hardware/ASIC region
FC04,LFBD6,,BSET,"L0000,#$08",bit_mutation,L0000,$0000,L0000,internal_ram,bit,#$08,,,direct,bit_set_mask,FB62:JSR LFBD6 | FB6C:JSR LFBD6 | FB73:BNE LFB98 | FB96:BRA LFBD4 | FBD1:JSR LFA28 | FBD4:BRA LFBD4,,mode_flag_or_safety_gate,medium,bit-level state mutation
FC09,LFC07,,BSET,"L0000,#$04",bit_mutation,L0000,$0000,L0000,internal_ram,bit,#$04,,,direct,bit_set_mask,FB6C:JSR LFBD6 | FB73:BNE LFB98 | FB96:BRA LFBD4 | FBD1:JSR LFA28 | FBD4:BRA LFBD4 | FC07:BRA LFC07,,mode_flag_or_safety_gate,medium,bit-level state mutation
FC11,LFC11,,BSET,"L0000,#$02",bit_mutation,L0000,$0000,L0000,internal_ram,bit,#$02,,,direct,bit_set_mask,FB6C:JSR LFBD6 | FB73:BNE LFB98 | FB96:BRA LFBD4 | FBD1:JSR LFA28 | FBD4:BRA LFBD4 | FC07:BRA LFC07,,mode_flag_or_safety_gate,medium,bit-level state mutation
FC16,LFC11,,STAA,L3023,store,L3023,$3023,L3023,hardware_register_region_30xx,8,,,,direct,A,FB6C:JSR LFBD6 | FB73:BNE LFB98 | FB96:BRA LFBD4 | FBD1:JSR LFA28 | FBD4:BRA LFBD4 | FC07:BRA LFC07,,hardware_or_asic_state,medium,mapped hardware/ASIC region
FC1A,LFC11,,BSET,"L0000,#$10",bit_mutation,L0000,$0000,L0000,internal_ram,bit,#$10,,,direct,bit_set_mask,FB6C:JSR LFBD6 | FB73:BNE LFB98 | FB96:BRA LFBD4 | FBD1:JSR LFA28 | FBD4:BRA LFBD4 | FC07:BRA LFC07,,mode_flag_or_safety_gate,medium,bit-level state mutation
FC1F,LFC1D,,BSET,"L0000,#$20",bit_mutation,L0000,$0000,L0000,internal_ram,bit,#$20,,,direct,bit_set_mask,FB73:BNE LFB98 | FB96:BRA LFBD4 | FBD1:JSR LFA28 | FBD4:BRA LFBD4 | FC07:BRA LFC07 | FC1D:BRA LFC1D,,mode_flag_or_safety_gate,medium,bit-level state mutation
FC24,LFC1D,,BSET,"L0000,#$40",bit_mutation,L0000,$0000,L0000,internal_ram,bit,#$40,,,direct,bit_set_mask,FB96:BRA LFBD4 | FBD1:JSR LFA28 | FBD4:BRA LFBD4 | FC07:BRA LFC07 | FC1D:BRA LFC1D | FC22:BRA LFC2C,,mode_flag_or_safety_gate,medium,bit-level state mutation
FC29,LFC27,,BSET,"L0000,#$80",bit_mutation,L0000,$0000,L0000,internal_ram,bit,#$80,,,direct,bit_set_mask,FBD1:JSR LFA28 | FBD4:BRA LFBD4 | FC07:BRA LFC07 | FC1D:BRA LFC1D | FC22:BRA LFC2C | FC27:BRA LFC27,,mode_flag_or_safety_gate,medium,bit-level state mutation
FC31,LFC2F,,STAA,L3022,store,L3022,$3022,L3022,hardware_register_region_30xx,8,,,,direct,A,FBD4:BRA LFBD4 | FC07:BRA LFC07 | FC1D:BRA LFC1D | FC22:BRA LFC2C | FC27:BRA LFC27 | FC2C:JMP L7100,,hardware_or_asic_state,medium,mapped hardware/ASIC region
FC36,LFC2F,,STAA,L3023,store,L3023,$3023,L3023,hardware_register_region_30xx,8,,,,direct,A,FBD4:BRA LFBD4 | FC07:BRA LFC07 | FC1D:BRA LFC1D | FC22:BRA LFC2C | FC27:BRA LFC27 | FC2C:JMP L7100,,hardware_or_asic_state,medium,mapped hardware/ASIC region
FC3C,LFC2F,,STAA,L3024,store,L3024,$3024,L3024,hardware_register_region_30xx,8,,,,direct,A,FBD4:BRA LFBD4 | FC07:BRA LFC07 | FC1D:BRA LFC1D | FC22:BRA LFC2C | FC27:BRA LFC27 | FC2C:JMP L7100,,hardware_or_asic_state,medium,mapped hardware/ASIC region
FC41,LFC2F,,STAA,L3025,store,L3025,$3025,L3025,hardware_register_region_30xx,8,,,,direct,A,FBD4:BRA LFBD4 | FC07:BRA LFC07 | FC1D:BRA LFC1D | FC22:BRA LFC2C | FC27:BRA LFC27 | FC2C:JMP L7100,,hardware_or_asic_state,medium,mapped hardware/ASIC region
