pc,bank/page,opcode,mnemonic,access_type,effective_address,address_class,subsystem,minimal_os_required,risk,width,bitmask,value_source,x_base/y_base,routine_label,interrupt_context,callers,engine_state_seen,notes,confidence
0x7108,BMHM_$31_main_window_ORG_0x7100,source_listing_no_bytes,"STAA $3D,X",W,0x103D,HC11_REG,OTHER,NO_UNLESS_DEPENDENCY_PROVES,LOW,8,,A=0x03,X=0x1000,L7100,mainline/unknown,0xFC2C,,CPU INIT REG | indexed_resolved,high
0x710F,BMHM_$31_main_window_ORG_0x7100,source_listing_no_bytes,"STAA $39,X",W,0x3039,HC11_REG,BOOT_WATCHDOG_CPU,YES,HIGH,8,,A=0xB8,X=0x3000,L7100,mainline/unknown,0xFC2C,,OPTION | OPTION REG | indexed_resolved,high
0x7113,BMHM_$31_main_window_ORG_0x7100,source_listing_no_bytes,"STAA $24,X",W,0x3024,HC11_REG,BOOT_WATCHDOG_CPU,YES,HIGH,8,,A=0x03,X=0x3000,L7100,mainline/unknown,0xFC2C,,TMSK2 timer prescale/RTI mask | TMSK2 | indexed_resolved,high
0x7115,BMHM_$31_main_window_ORG_0x7100,source_listing_no_bytes,"BCLR $38,X,#$20",RMW,0x3038,HC11_REG,BOOT_WATCHDOG_CPU,YES,HIGH,bit,0x20,clear 0x20,X=0x3000,L7100,mainline/unknown,0xFC2C,,"OPT2 | CLR b5, OPT2, 4X CLK OUT | indexed_resolved",high
0x711A,BMHM_$31_main_window_ORG_0x7100,source_listing_no_bytes,"STAA $35,X",W,0x3035,HC11_REG,HC11_CORE,NO_UNLESS_DEPENDENCY_PROVES,LOW,8,,A=0x1B,X=0x3000,L7100,mainline/unknown,0xFC2C,,BPROT EEPROM block protect | BPROT | indexed_resolved,high
0x7120,BMHM_$31_main_window_ORG_0x7100,source_listing_no_bytes,"STAA 0,X",W,0x3000,HC11_REG,BOOT_WATCHDOG_CPU,YES,HIGH,8,,A=0x00,X=0x3000,L7100,mainline/unknown,0xFC2C,,PORTA / timer pin status | indexed_resolved,high
0x7122,BMHM_$31_main_window_ORG_0x7100,source_listing_no_bytes,"STAA $08,X",W,0x3008,HC11_REG,SENSOR_ADC,YES,HIGH,8,,A=0x00,X=0x3000,L7100,mainline/unknown,0xFC2C,,PORTE / ADC input port | indexed_resolved,high
0x7128,BMHM_$31_main_window_ORG_0x7100,source_listing_no_bytes,STD L306E,W,0x306E,UNKNOWN_HW,IO_LATCH_OUTPUT,YES,HIGH,16,,D,,L7100,mainline/unknown,0xFC2C,,External 306x I/O latch candidate,high
0x713A,BMHM_$31_main_window_ORG_0x7100,source_listing_no_bytes,STX L3FFC,W,0x3FFC,ASIC_3FXX,IO_LATCH_OUTPUT,YES,HIGH,16,,X,,L7100,mainline/unknown,0xFC2C,,ASIC I/O D port / external output latch | I/O D PORT ..,high
0x7140,BMHM_$31_main_window_ORG_0x7100,source_listing_no_bytes,LDD L3FFC,R,0x3FFC,ASIC_3FXX,IO_LATCH_OUTPUT,YES,MEDIUM,16,,memory,,L7100,mainline/unknown,0xFC2C,,ASIC I/O D port / external output latch | I/O D PORT ..,high
0x714A,BMHM_$31_main_window_ORG_0x7100,source_listing_no_bytes,STD L3FFC,W,0x3FFC,ASIC_3FXX,IO_LATCH_OUTPUT,YES,HIGH,16,,D,,L7100,mainline/unknown,0xFC2C,,ASIC I/O D port / external output latch | I/O D PORT ..,high
0x7150,BMHM_$31_main_window_ORG_0x7100,source_listing_no_bytes,"LDD $2E,X",R,0x302E,ALDL,ALDL_SCI,YES,MEDIUM,16,,memory,X=0x3000,L7100,mainline/unknown,0xFC2C,SCI,"SCSR SCI status | SCSR, GET SCI STATUS & RX BYTE | indexed_resolved",high
0x7154,BMHM_$31_main_window_ORG_0x7100,source_listing_no_bytes,"STAB $2D,X",W,0x302D,ALDL,ALDL_SCI,YES,HIGH,8,,B=0x26,X=0x3000,L7100,mainline/unknown,0xFC2C,SCI,SCCR2 SCI control 2 | SCI CNT'L REG #2 | indexed_resolved,high
0x715B,BMHM_$31_main_window_ORG_0x7100,source_listing_no_bytes,"STD 0,X",W,0x3FC0-0x3FF8,ASIC_3FXX,OTHER,NO_UNLESS_DEPENDENCY_PROVES,LOW,16,,D,X=0x3FC0,L7100,mainline/unknown,0xFC2C,,loop clears even ASIC words from $3FC0 through before $3FFA | ASIC last DRP/ref period counter | indexed_resolved,medium_range_inferred
0x71BD,BMHM_$31_main_window_ORG_0x7100,source_listing_no_bytes,STX L3FFC,W,0x3FFC,ASIC_3FXX,IO_LATCH_OUTPUT,YES,HIGH,16,,X,,L7100,mainline/unknown,0xFC2C,,ASIC I/O D port / external output latch | I/O D PORT ..,high
0x71C6,BMHM_$31_main_window_ORG_0x7100,source_listing_no_bytes,LDAA L303F,R,0x303F,HC11_REG,BOOT_WATCHDOG_CPU,YES,MEDIUM,8,,memory,,L7100,mainline/unknown,0xFC2C,,CONFIG/EPROM config candidate,high
0x71EF,BMHM_$31_main_window_ORG_0x7100,source_listing_no_bytes,LDD L3FFC,R,0x3FFC,ASIC_3FXX,IO_LATCH_OUTPUT,YES,MEDIUM,16,,memory,,L7100,mainline/unknown,0xFC2C,,ASIC I/O D port / external output latch | I/O D PORT ..,high
0x71F7,BMHM_$31_main_window_ORG_0x7100,source_listing_no_bytes,STD L3FFC,W,0x3FFC,ASIC_3FXX,IO_LATCH_OUTPUT,YES,HIGH,16,,D,,L7100,mainline/unknown,0xFC2C,,ASIC I/O D port / external output latch | I/O D PORT ..,high
0x741F,BMHM_$31_main_window_ORG_0x7100,source_listing_no_bytes,LDD L3FCA,R,0x3FCA,ASIC_3FXX,ASIC_STATUS_REF,YES,MEDIUM,16,,memory,,L7100,mainline/unknown,0xFC2C,,ASIC 16-bit RPM/event counter,high
0x7425,BMHM_$31_main_window_ORG_0x7100,source_listing_no_bytes,LDD L3012,R,0x3012,HC11_REG,HC11_CORE,NO_UNLESS_DEPENDENCY_PROVES,LOW,16,,memory,,L7100,mainline/unknown,0xFC2C,,TIC2 | GET TIC 2 VALUE,high
0x7443,BMHM_$31_main_window_ORG_0x7100,source_listing_no_bytes,STAA L303A,W,0x303A,HC11_REG,BOOT_WATCHDOG_CPU,YES,HIGH,8,,A=0x55,,L7100,mainline/unknown,0xFC2C,,COPRST watchdog clear | ARM COP TIMER CLEARING MECHANISM,high
0x7448,BMHM_$31_main_window_ORG_0x7100,source_listing_no_bytes,STAA L303A,W,0x303A,HC11_REG,BOOT_WATCHDOG_CPU,YES,HIGH,8,,A=0xAA,,L7100,mainline/unknown,0xFC2C,,COPRST watchdog clear | CLEAR COP,high
0x745B,BMHM_$31_main_window_ORG_0x7100,source_listing_no_bytes,STAA L3023,W,0x3023,HC11_REG,FUEL_SCHED_TIMER,YES,HIGH,8,,A=0xFF,,L7459,mainline/unknown,0x71C0,,TFLG1 timer interrupt flags / write-one-clear | TFLG 1,high
0x745E,BMHM_$31_main_window_ORG_0x7100,source_listing_no_bytes,LDD L300E,R,0x300E,HC11_REG,HC11_CORE,NO_UNLESS_DEPENDENCY_PROVES,LOW,16,,memory,,L7459,mainline/unknown,0x71C0,RUN,TCNT 16-bit free-running counter | 16 BIT FREE RUN CNT'R,high
0x7464,BMHM_$31_main_window_ORG_0x7100,source_listing_no_bytes,STD L301A,W,0x301A,HC11_REG,HC11_CORE,NO_UNLESS_DEPENDENCY_PROVES,LOW,16,,D,,L7459,mainline/unknown,0x71C0,,TOC3 | TOC3,high
0x7469,BMHM_$31_main_window_ORG_0x7100,source_listing_no_bytes,STAA L3022,W,0x3022,HC11_REG,FUEL_SCHED_TIMER,YES,HIGH,8,,A=0xA0,,L7459,mainline/unknown,0x71C0,,TMSK1 timer interrupt mask | TMSK1,high
0x74D6,BMHM_$31_main_window_ORG_0x7100,source_listing_no_bytes,STD L3FCC,W,0x3FCC,ASIC_3FXX,ASIC_COMMAND_OUTPUT,YES,HIGH,16,,D=0xD000,,L74D3,mainline/unknown,0x740F,,ASIC fuel/scheduler command candidate A,high
0x74DF,BMHM_$31_main_window_ORG_0x7100,source_listing_no_bytes,STD L3FEA,W,0x3FEA,ASIC_3FXX,ASIC_COMMAND_OUTPUT,YES,HIGH,16,,D=0xDFFF,,L74D3,mainline/unknown,0x740F,,ASIC fuel/scheduler command candidate B,high
0x74F1,BMHM_$31_main_window_ORG_0x7100,source_listing_no_bytes,LDD L300E,R,0x300E,HC11_REG,HC11_CORE,NO_UNLESS_DEPENDENCY_PROVES,LOW,16,,memory,,L74D3,IRQ/DRP/ref interrupt,0x740F,RUN,TCNT 16-bit free-running counter | 16 BIT FREE RUN CNT'R,high
0x7501,BMHM_$31_main_window_ORG_0x7100,source_listing_no_bytes,"ADDD 0,X",R,"0,X",UNKNOWN_HW,OTHER,NO_UNLESS_DEPENDENCY_PROVES,LOW,16,,ADDD,X=unknown,L74D3,IRQ/DRP/ref interrupt,0x740F,,ADD TBL VAL TO D | indexed_unresolved,low_unresolved
0x7503,BMHM_$31_main_window_ORG_0x7100,source_listing_no_bytes,STD L3016,W,0x3016,HC11_REG,SPARK_EST,YES,HIGH,16,,D,,L74D3,IRQ/DRP/ref interrupt,0x740F,,TOC1 | TOC 1,high
0x7509,BMHM_$31_main_window_ORG_0x7100,source_listing_no_bytes,"BCLR 0,X,#$40",RMW,0x3062,UNKNOWN_HW,SPARK_EST,YES,HIGH,bit,0x40,clear 0x40,X=0x3062,L74D3,IRQ/DRP/ref interrupt,0x740F,,External 306x hardware latch/status candidate | CLR b6 | indexed_resolved,high
0x750C,BMHM_$31_main_window_ORG_0x7100,source_listing_no_bytes,"BSET 0,X,#$40",RMW,0x3062,UNKNOWN_HW,SPARK_EST,YES,HIGH,bit,0x40,set 0x40,X=0x3062,L74D3,IRQ/DRP/ref interrupt,0x740F,,External 306x hardware latch/status candidate | SET b6 | indexed_resolved,high
0x7518,BMHM_$31_main_window_ORG_0x7100,source_listing_no_bytes,STAB L306F,W,0x306F,UNKNOWN_HW,IO_LATCH_OUTPUT,YES,HIGH,8,,B=0xFF,,L74D3,IRQ/DRP/ref interrupt,0x740F,,External 306x I/O latch/status candidate,high
0x7521,BMHM_$31_main_window_ORG_0x7100,source_listing_no_bytes,STAA L3030,W,0x3030,HC11_REG,SENSOR_ADC,YES,HIGH,8,,A,,L74D3,IRQ/DRP/ref interrupt,0x740F,,ADCTL A/D control | A/D CNT'L REG,high
0x7528,BMHM_$31_main_window_ORG_0x7100,source_listing_no_bytes,LDAA L3031,R,0x3031,HC11_REG,SENSOR_ADC,YES,MEDIUM,8,,memory,,L74D3,IRQ/DRP/ref interrupt,0x740F,,"ADR1 A/D result 1 | GET A/D RESULT, CH 1",high
0x754D,BMHM_$31_main_window_ORG_0x7100,source_listing_no_bytes,"STAA $23,X",W,0x3023,HC11_REG,FUEL_SCHED_TIMER,YES,HIGH,8,,A=0x01,X=0x3000,L74D3,IRQ/DRP/ref interrupt,0x740F,,TFLG1 timer interrupt flags / write-one-clear | TFLG1 | indexed_resolved,high
0x7597,BMHM_$31_main_window_ORG_0x7100,source_listing_no_bytes,"BRSET $23,X,#$01,L75F7",R,0x3023,HC11_REG,FUEL_SCHED_TIMER,YES,MEDIUM,bit,0x01,bit test 0x01,X=0x3000,L74D3,IRQ/DRP/ref interrupt,0x740F,CRANK,"TFLG1 timer interrupt flags / write-one-clear | TFLG1, INPUT CAPT, | indexed_resolved",high
0x75CB,BMHM_$31_main_window_ORG_0x7100,source_listing_no_bytes,"BSET $20,X,#$03",RMW,"$20,X,#$03",UNKNOWN_HW,OTHER,NO_UNLESS_DEPENDENCY_PROVES,LOW,bit,0x03,set 0x03,X=unknown,L74D3,IRQ/DRP/ref interrupt,0x740F,CRANK,"SET b0 & b1, TCTL1, | indexed_unresolved",low_unresolved
0x75CE,BMHM_$31_main_window_ORG_0x7100,source_listing_no_bytes,"BSET $0B,X,#$08",RMW,"$0B,X,#$08",UNKNOWN_HW,OTHER,NO_UNLESS_DEPENDENCY_PROVES,LOW,bit,0x08,set 0x08,X=unknown,L74D3,IRQ/DRP/ref interrupt,0x740F,CRANK,"SET b3, COMP FORCE 5 | indexed_unresolved",low_unresolved
0x75DD,BMHM_$31_main_window_ORG_0x7100,source_listing_no_bytes,"ADDD $0E,X",R,"$0E,X",UNKNOWN_HW,OTHER,NO_UNLESS_DEPENDENCY_PROVES,LOW,16,,ADDD,X=unknown,L74D3,IRQ/DRP/ref interrupt,0x740F,RUN|CRANK,16 BIT FREE RUN CNT'R | indexed_unresolved,low_unresolved
0x75E2,BMHM_$31_main_window_ORG_0x7100,source_listing_no_bytes,"BCLR $20,X,#$01",RMW,"$20,X,#$01",UNKNOWN_HW,OTHER,NO_UNLESS_DEPENDENCY_PROVES,LOW,bit,0x01,clear 0x01,X=unknown,L74D3,IRQ/DRP/ref interrupt,0x740F,CRANK,"CLR b0, | indexed_unresolved",low_unresolved
0x75E5,BMHM_$31_main_window_ORG_0x7100,source_listing_no_bytes,"LDD $0E,X",R,"$0E,X",UNKNOWN_HW,OTHER,NO_UNLESS_DEPENDENCY_PROVES,LOW,16,,memory,X=unknown,L74D3,IRQ/DRP/ref interrupt,0x740F,RUN|CRANK,16 BIT FREE RUN CNT'R | indexed_unresolved,low_unresolved
0x75F3,BMHM_$31_main_window_ORG_0x7100,source_listing_no_bytes,"STD $1E,X",W,"$1E,X",UNKNOWN_HW,OTHER,NO_UNLESS_DEPENDENCY_PROVES,LOW,16,,D,X=unknown,L74D3,IRQ/DRP/ref interrupt,0x740F,CRANK,TIC4/TOC5 | indexed_unresolved,low_unresolved
0x75F9,BMHM_$31_main_window_ORG_0x7100,source_listing_no_bytes,"STAA $23,X",W,"$23,X",UNKNOWN_HW,OTHER,NO_UNLESS_DEPENDENCY_PROVES,LOW,8,,A=0x01,X=unknown,L74D3,IRQ/DRP/ref interrupt,0x740F,CRANK,CLR TFLG 1 | indexed_unresolved,low_unresolved
0x75FE,BMHM_$31_main_window_ORG_0x7100,source_listing_no_bytes,"BSET $20,X,#$0C",RMW,"$20,X,#$0C",UNKNOWN_HW,OTHER,NO_UNLESS_DEPENDENCY_PROVES,LOW,bit,0x0C,set 0x0C,X=unknown,L74D3,IRQ/DRP/ref interrupt,0x740F,CRANK,"SET b2, b3 | indexed_unresolved",low_unresolved
0x7601,BMHM_$31_main_window_ORG_0x7100,source_listing_no_bytes,"BSET $0B,X,#$10",RMW,"$0B,X,#$10",UNKNOWN_HW,OTHER,NO_UNLESS_DEPENDENCY_PROVES,LOW,bit,0x10,set 0x10,X=unknown,L74D3,IRQ/DRP/ref interrupt,0x740F,CRANK,SET b4 | indexed_unresolved,low_unresolved
0x7610,BMHM_$31_main_window_ORG_0x7100,source_listing_no_bytes,"ADDD $0E,X",R,"$0E,X",UNKNOWN_HW,OTHER,NO_UNLESS_DEPENDENCY_PROVES,LOW,16,,ADDD,X=unknown,L74D3,IRQ/DRP/ref interrupt,0x740F,CRANK,SET UP CPU TIMER | indexed_unresolved,low_unresolved
0x7615,BMHM_$31_main_window_ORG_0x7100,source_listing_no_bytes,"BCLR $20,X,#$04",RMW,"$20,X,#$04",UNKNOWN_HW,OTHER,NO_UNLESS_DEPENDENCY_PROVES,LOW,bit,0x04,clear 0x04,X=unknown,L74D3,IRQ/DRP/ref interrupt,0x740F,CRANK,indexed_unresolved,low_unresolved
0x7618,BMHM_$31_main_window_ORG_0x7100,source_listing_no_bytes,"LDD $0E,X",R,"$0E,X",UNKNOWN_HW,OTHER,NO_UNLESS_DEPENDENCY_PROVES,LOW,16,,memory,X=unknown,L74D3,IRQ/DRP/ref interrupt,0x740F,RUN|CRANK,GET CPU FREE RUN 16 BIT TIMER | indexed_unresolved,low_unresolved
0x7626,BMHM_$31_main_window_ORG_0x7100,source_listing_no_bytes,"STD $1C,X",W,"$1C,X",UNKNOWN_HW,OTHER,NO_UNLESS_DEPENDENCY_PROVES,LOW,16,,D,X=unknown,L74D3,IRQ/DRP/ref interrupt,0x740F,CRANK,indexed_unresolved,low_unresolved
0x76E1,BMHM_$31_main_window_ORG_0x7100,source_listing_no_bytes,"STAA $23,X",W,0x3023,HC11_REG,FUEL_SCHED_TIMER,YES,HIGH,8,,A=0x01,X=0x3000,L7650,IRQ/DRP/ref interrupt,0x7532,,TFLG1 timer interrupt flags / write-one-clear | indexed_resolved,high
0x772B,BMHM_$31_main_window_ORG_0x7100,source_listing_no_bytes,"BRCLR $23,X,#$01,L774C",R,0x3023,HC11_REG,FUEL_SCHED_TIMER,YES,MEDIUM,bit,0x01,bit test 0x01,X=0x3000,L7650,IRQ/DRP/ref interrupt,0x7532,,TFLG1 timer interrupt flags / write-one-clear | indexed_resolved,high
0x7731,BMHM_$31_main_window_ORG_0x7100,source_listing_no_bytes,"STAA $23,X",W,0x3023,HC11_REG,FUEL_SCHED_TIMER,YES,HIGH,8,,A=0x01,X=0x3000,L7650,IRQ/DRP/ref interrupt,0x7532,,TFLG1 timer interrupt flags / write-one-clear | indexed_resolved,high
0x7765,BMHM_$31_main_window_ORG_0x7100,source_listing_no_bytes,LDD L3FFA,R,0x3FFA,ASIC_3FXX,ASIC_STATUS_REF,YES,MEDIUM,16,,memory,,L7765,IRQ/DRP/ref interrupt,0x76D9,,ASIC packed hardware status,high
0x77D6,BMHM_$31_main_window_ORG_0x7100,source_listing_no_bytes,"ADDD $0E,X",R,0x300E,HC11_REG,HC11_CORE,NO_UNLESS_DEPENDENCY_PROVES,LOW,16,,ADDD,X=0x3000,L77C7,IRQ-called fuel timer setup helper,0x7754;0x77BB,RUN,TCNT 16-bit free-running counter | 16 BIT FREE RUN CNT'R | indexed_resolved,high
0x77DD,BMHM_$31_main_window_ORG_0x7100,source_listing_no_bytes,"STAA $23,X",W,0x3023,HC11_REG,FUEL_SCHED_TIMER,YES,HIGH,8,,A=0x08,X=0x3000,L77C7,IRQ-called fuel timer setup helper,0x7754;0x77BB,,"TFLG1 timer interrupt flags / write-one-clear | CLR FLAG, TFLG1 | indexed_resolved",high
0x77DF,BMHM_$31_main_window_ORG_0x7100,source_listing_no_bytes,"BSET $22,X,#$08",RMW,0x3022,HC11_REG,FUEL_SCHED_TIMER,YES,HIGH,bit,0x08,set 0x08,X=0x3000,L77C7,IRQ-called fuel timer setup helper,0x7754;0x77BB,,"TMSK1 timer interrupt mask | SET b3, TMSK1 TIC4/TOC5 INT ENABLE | indexed_resolved",high
0x77E2,BMHM_$31_main_window_ORG_0x7100,source_listing_no_bytes,"BRCLR 0,X,#$08,L77EE",R,0x3000,HC11_REG,BOOT_WATCHDOG_CPU,YES,MEDIUM,bit,0x08,bit test 0x08,X=0x3000,L77C7,IRQ-called fuel timer setup helper,0x7754;0x77BB,,PORTA / timer pin status | indexed_resolved,high
0x77E9,BMHM_$31_main_window_ORG_0x7100,source_listing_no_bytes,"CPD $1E,X",R,0x301E,HC11_REG,FUEL_SCHED_TIMER,YES,MEDIUM,16,,CPD,X=0x3000,L77C7,IRQ-called fuel timer setup helper,0x7754;0x77BB,,TOC5/TIC4 compare | TIC4/TOC5 | indexed_resolved,high
0x77EE,BMHM_$31_main_window_ORG_0x7100,source_listing_no_bytes,"BSET $20,X,#$03",RMW,0x3020,HC11_REG,FUEL_SCHED_TIMER,YES,HIGH,bit,0x03,set 0x03,X=0x3000,L77C7,IRQ-called fuel timer setup helper,0x7754;0x77BB,,TCTL1 output compare action | indexed_resolved,high
0x77F4,BMHM_$31_main_window_ORG_0x7100,source_listing_no_bytes,"STD $1E,X",W,0x301E,HC11_REG,FUEL_SCHED_TIMER,YES,HIGH,16,,D,X=0x3000,L77C7,IRQ-called fuel timer setup helper,0x7754;0x77BB,,TOC5/TIC4 compare | TIC4/TOC5	VALUE | indexed_resolved,high
0x7806,BMHM_$31_main_window_ORG_0x7100,source_listing_no_bytes,"ADDD $0E,X",R,0x300E,HC11_REG,HC11_CORE,NO_UNLESS_DEPENDENCY_PROVES,LOW,16,,ADDD,X=0x3000,L77F7,IRQ-called fuel timer setup helper,0x773B;0x77BE,RUN,TCNT 16-bit free-running counter | 16 BIT FREE RUN CNT'R | indexed_resolved,high
0x780D,BMHM_$31_main_window_ORG_0x7100,source_listing_no_bytes,"STAA $23,X",W,0x3023,HC11_REG,FUEL_SCHED_TIMER,YES,HIGH,8,,A=0x10,X=0x3000,L77F7,IRQ-called fuel timer setup helper,0x773B;0x77BE,,"TFLG1 timer interrupt flags / write-one-clear | CLR FLAG, TFLG1 | indexed_resolved",high
0x780F,BMHM_$31_main_window_ORG_0x7100,source_listing_no_bytes,"BSET $22,X,#$10",RMW,0x3022,HC11_REG,FUEL_SCHED_TIMER,YES,HIGH,bit,0x10,set 0x10,X=0x3000,L77F7,IRQ-called fuel timer setup helper,0x773B;0x77BE,,"TMSK1 timer interrupt mask | SET b4, TMSK1 TOC 4 INT ENABLE | indexed_resolved",high
0x7812,BMHM_$31_main_window_ORG_0x7100,source_listing_no_bytes,"BRCLR 0,X,#$10,L781E",R,0x3000,HC11_REG,BOOT_WATCHDOG_CPU,YES,MEDIUM,bit,0x10,bit test 0x10,X=0x3000,L77F7,IRQ-called fuel timer setup helper,0x773B;0x77BE,,PORTA / timer pin status | BR IF NOT b4 | indexed_resolved,high
0x7819,BMHM_$31_main_window_ORG_0x7100,source_listing_no_bytes,"CPD $1C,X",R,0x301C,HC11_REG,FUEL_SCHED_TIMER,YES,MEDIUM,16,,CPD,X=0x3000,L77F7,IRQ-called fuel timer setup helper,0x773B;0x77BE,,TOC4 compare | TOC 4 | indexed_resolved,high
0x781E,BMHM_$31_main_window_ORG_0x7100,source_listing_no_bytes,"BSET $20,X,#$0C",RMW,0x3020,HC11_REG,FUEL_SCHED_TIMER,YES,HIGH,bit,0x0C,set 0x0C,X=0x3000,L77F7,IRQ-called fuel timer setup helper,0x773B;0x77BE,,"TCTL1 output compare action | SET b2 & b3, TCTL1 OL4 & OM4 | indexed_resolved",high
0x7824,BMHM_$31_main_window_ORG_0x7100,source_listing_no_bytes,"STD $1C,X",W,0x301C,HC11_REG,FUEL_SCHED_TIMER,YES,HIGH,16,,D,X=0x3000,L77F7,IRQ-called fuel timer setup helper,0x773B;0x77BE,,TOC4 compare | TOC 4 VALUE | indexed_resolved,high
0x784C,BMHM_$31_main_window_ORG_0x7100,source_listing_no_bytes,"LDAA 0,X",R,"0,X",UNKNOWN_HW,OTHER,NO_UNLESS_DEPENDENCY_PROVES,LOW,8,,memory,X=unknown,L7827,mainline/unknown,0x7569;0x7EA0,,GET TBL VAL | indexed_unresolved,low_unresolved
0x787A,BMHM_$31_main_window_ORG_0x7100,source_listing_no_bytes,"STAA $23,X",W,0x3023,HC11_REG,FUEL_SCHED_TIMER,YES,HIGH,8,,A=0x08,X=0x3000,L785A,TOC5/TIC4 interrupt,0x75D1;0x774C,,TFLG1 timer interrupt flags / write-one-clear | TFLAG | indexed_resolved,high
0x787C,BMHM_$31_main_window_ORG_0x7100,source_listing_no_bytes,"BRCLR 0,X,#$08,L78C5",R,0x3000,HC11_REG,BOOT_WATCHDOG_CPU,YES,MEDIUM,bit,0x08,bit test 0x08,X=0x3000,L785A,TOC5/TIC4 interrupt,0x75D1;0x774C,,"PORTA / timer pin status | BR IF NOT b3, (NO INTERUPT) | indexed_resolved",high
0x7880,BMHM_$31_main_window_ORG_0x7100,source_listing_no_bytes,"BCLR $22,X,#$08",RMW,0x3022,HC11_REG,FUEL_SCHED_TIMER,YES,HIGH,bit,0x08,clear 0x08,X=0x3000,L785A,TOC5/TIC4 interrupt,0x75D1;0x774C,,"TMSK1 timer interrupt mask | CLR b3, TMASK1, TIC4/TOC5 INHIB | indexed_resolved",high
0x7883,BMHM_$31_main_window_ORG_0x7100,source_listing_no_bytes,"BCLR $20,X,#$01",RMW,0x3020,HC11_REG,FUEL_SCHED_TIMER,YES,HIGH,bit,0x01,clear 0x01,X=0x3000,L785A,TOC5/TIC4 interrupt,0x75D1;0x774C,,"TCTL1 output compare action | CLR b0, TCTL1, OL5 DISCON FM PIN | indexed_resolved",high
0x7898,BMHM_$31_main_window_ORG_0x7100,source_listing_no_bytes,"ADDD $1E,X",R,0x301E,HC11_REG,FUEL_SCHED_TIMER,YES,MEDIUM,16,,ADDD,X=0x3000,L785A,TOC5/TIC4 interrupt,0x75D1;0x774C,,TOC5/TIC4 compare | TIC4/TOC5 | indexed_resolved,high
0x78B0,BMHM_$31_main_window_ORG_0x7100,source_listing_no_bytes,"ADDD $1E,X",R,0x301E,HC11_REG,FUEL_SCHED_TIMER,YES,MEDIUM,16,,ADDD,X=0x3000,L785A,TOC5/TIC4 interrupt,0x75D1;0x774C,,TOC5/TIC4 compare | TIC4/TOC5 | indexed_resolved,high
0x78B5,BMHM_$31_main_window_ORG_0x7100,source_listing_no_bytes,"LDD $0E,X",R,0x300E,HC11_REG,HC11_CORE,NO_UNLESS_DEPENDENCY_PROVES,LOW,16,,memory,X=0x3000,L785A,TOC5/TIC4 interrupt,0x75D1;0x774C,RUN,TCNT 16-bit free-running counter | 16 BIT FREE RUN CNT'R | indexed_resolved,high
0x78C5,BMHM_$31_main_window_ORG_0x7100,source_listing_no_bytes,"BSET $20,X,#$01",RMW,0x3020,HC11_REG,FUEL_SCHED_TIMER,YES,HIGH,bit,0x01,set 0x01,X=0x3000,L785A,TOC5/TIC4 interrupt,0x75D1;0x774C,,TCTL1 output compare action | SET b0 | indexed_resolved,high
0x78C8,BMHM_$31_main_window_ORG_0x7100,source_listing_no_bytes,"LDD $0E,X",R,0x300E,HC11_REG,HC11_CORE,NO_UNLESS_DEPENDENCY_PROVES,LOW,16,,memory,X=0x3000,L785A,TOC5/TIC4 interrupt,0x75D1;0x774C,RUN,TCNT 16-bit free-running counter | 16 BIT FREE RUN CNT'R | indexed_resolved,high
0x78D6,BMHM_$31_main_window_ORG_0x7100,source_listing_no_bytes,"STD $1E,X",W,0x301E,HC11_REG,FUEL_SCHED_TIMER,YES,HIGH,16,,D,X=0x3000,L785A,TOC5/TIC4 interrupt,0x75D1;0x774C,,TOC5/TIC4 compare | TIC4/TOC5	VALUE | indexed_resolved,high
0x78DE,BMHM_$31_main_window_ORG_0x7100,source_listing_no_bytes,"STAA $23,X",W,0x3023,HC11_REG,FUEL_SCHED_TIMER,YES,HIGH,8,,A=0x10,X=0x3000,L785A,TOC4 interrupt,0x75D1;0x774C,,"TFLG1 timer interrupt flags / write-one-clear | TFLG1, | indexed_resolved",high
0x78E0,BMHM_$31_main_window_ORG_0x7100,source_listing_no_bytes,"BRCLR 0,X,#$10,L7929",R,0x3000,HC11_REG,BOOT_WATCHDOG_CPU,YES,MEDIUM,bit,0x10,bit test 0x10,X=0x3000,L785A,TOC4 interrupt,0x75D1;0x774C,,"PORTA / timer pin status | BR IF NOT b4, TOC3 | indexed_resolved",high
0x78E4,BMHM_$31_main_window_ORG_0x7100,source_listing_no_bytes,"BCLR $22,X,#$10",RMW,0x3022,HC11_REG,FUEL_SCHED_TIMER,YES,HIGH,bit,0x10,clear 0x10,X=0x3000,L785A,TOC4 interrupt,0x75D1;0x774C,,"TMSK1 timer interrupt mask | SET b4, TOC4 INT ENABLE | indexed_resolved",high
0x78E7,BMHM_$31_main_window_ORG_0x7100,source_listing_no_bytes,"BCLR $20,X,#$04",RMW,0x3020,HC11_REG,FUEL_SCHED_TIMER,YES,HIGH,bit,0x04,clear 0x04,X=0x3000,L785A,TOC4 interrupt,0x75D1;0x774C,,"TCTL1 output compare action | SET b2, TCTL1, OL4 TGGLE OC LINE | indexed_resolved",high
0x78FC,BMHM_$31_main_window_ORG_0x7100,source_listing_no_bytes,"ADDD $1C,X",R,0x301C,HC11_REG,FUEL_SCHED_TIMER,YES,MEDIUM,16,,ADDD,X=0x3000,L785A,TOC4 interrupt,0x75D1;0x774C,,TOC4 compare | TOC4 | indexed_resolved,high
0x7914,BMHM_$31_main_window_ORG_0x7100,source_listing_no_bytes,"ADDD $1C,X",R,0x301C,HC11_REG,FUEL_SCHED_TIMER,YES,MEDIUM,16,,ADDD,X=0x3000,L785A,TOC4 interrupt,0x75D1;0x774C,,TOC4 compare | TOC4 | indexed_resolved,high
0x7919,BMHM_$31_main_window_ORG_0x7100,source_listing_no_bytes,"LDD $0E,X",R,0x300E,HC11_REG,HC11_CORE,NO_UNLESS_DEPENDENCY_PROVES,LOW,16,,memory,X=0x3000,L785A,TOC4 interrupt,0x75D1;0x774C,,"TCNT 16-bit free-running counter | TCNT, 16 BIT TIMER | indexed_resolved",high
0x7929,BMHM_$31_main_window_ORG_0x7100,source_listing_no_bytes,"BSET $20,X,#$04",RMW,0x3020,HC11_REG,FUEL_SCHED_TIMER,YES,HIGH,bit,0x04,set 0x04,X=0x3000,L785A,TOC4 interrupt,0x75D1;0x774C,,"TCTL1 output compare action | TCTL1, OL4 TOGGLE TOC4 OUT LINE | indexed_resolved",high
0x792C,BMHM_$31_main_window_ORG_0x7100,source_listing_no_bytes,"LDD $0E,X",R,0x300E,HC11_REG,HC11_CORE,NO_UNLESS_DEPENDENCY_PROVES,LOW,16,,memory,X=0x3000,L785A,TOC4 interrupt,0x75D1;0x774C,,"TCNT 16-bit free-running counter | TCNT, 16 BIT TIMER | indexed_resolved",high
0x793A,BMHM_$31_main_window_ORG_0x7100,source_listing_no_bytes,"STD $1C,X",W,0x301C,HC11_REG,FUEL_SCHED_TIMER,YES,HIGH,16,,D,X=0x3000,L785A,TOC4 interrupt,0x75D1;0x774C,,TOC4 compare | TOC4 | indexed_resolved,high
0x793D,BMHM_$31_main_window_ORG_0x7100,source_listing_no_bytes,LDD L301A,R,0x301A,HC11_REG,HC11_CORE,NO_UNLESS_DEPENDENCY_PROVES,LOW,16,,memory,,L785A,TOC3/6.25ms major-loop interrupt,0x75D1;0x774C,,TOC3 | TOC3,high
0x7943,BMHM_$31_main_window_ORG_0x7100,source_listing_no_bytes,STD L301A,W,0x301A,HC11_REG,HC11_CORE,NO_UNLESS_DEPENDENCY_PROVES,LOW,16,,D,,L785A,TOC3/6.25ms major-loop interrupt,0x75D1;0x774C,,TOC3 | TOC3,high
0x7948,BMHM_$31_main_window_ORG_0x7100,source_listing_no_bytes,STAA L3023,W,0x3023,HC11_REG,FUEL_SCHED_TIMER,YES,HIGH,8,,A=0x20,,L785A,TOC3/6.25ms major-loop interrupt,0x75D1;0x774C,,TFLG1 timer interrupt flags / write-one-clear,high
0x79EA,BMHM_$31_main_window_ORG_0x7100,source_listing_no_bytes,STAA L303A,W,0x303A,HC11_REG,BOOT_WATCHDOG_CPU,YES,HIGH,8,,A=0xAA,,L7989,TOC3/6.25ms major-loop interrupt,0x7A81,,COPRST watchdog clear,high
0x79ED,BMHM_$31_main_window_ORG_0x7100,source_listing_no_bytes,STAB L303A,W,0x303A,HC11_REG,BOOT_WATCHDOG_CPU,YES,HIGH,8,,B=0x55,,L7989,TOC3/6.25ms major-loop interrupt,0x7A81,,COPRST watchdog clear,high
0x7A4D,BMHM_$31_main_window_ORG_0x7100,source_listing_no_bytes,"LDX 0,X",R,"0,X",UNKNOWN_HW,OTHER,NO_UNLESS_DEPENDENCY_PROVES,LOW,16,,memory,X=unknown,L7989,TOC3/6.25ms major-loop interrupt,0x7A81,,GET MAJOR LOOP ADDRESS FM TBL | indexed_unresolved,low_unresolved
0x7A4F,BMHM_$31_main_window_ORG_0x7100,source_listing_no_bytes,"JSR 0,X",EXEC,"0,X",UNKNOWN_HW,OTHER,NO_UNLESS_DEPENDENCY_PROVES,LOW,,,control transfer,X=unknown,L7989,TOC3/6.25ms major-loop interrupt,0x7A81,,CALL MAJOR LOOP SUB'S | indexed_unresolved,low_unresolved
0x7A62,BMHM_$31_main_window_ORG_0x7100,source_listing_no_bytes,LDD L300E,R,0x300E,HC11_REG,HC11_CORE,NO_UNLESS_DEPENDENCY_PROVES,LOW,16,,memory,,L7989,TOC3/6.25ms major-loop interrupt,0x7A81,RUN,TCNT 16-bit free-running counter | 16 BIT FREE RUN CNT'R,high
0x7A65,BMHM_$31_main_window_ORG_0x7100,source_listing_no_bytes,SUBD L301A,R,0x301A,HC11_REG,HC11_CORE,NO_UNLESS_DEPENDENCY_PROVES,LOW,16,,SUBD,,L7989,TOC3/6.25ms major-loop interrupt,0x7A81,,TOC3 | TOC3,high
0x7A72,BMHM_$31_main_window_ORG_0x7100,source_listing_no_bytes,"CPD 0,X",R,"0,X",UNKNOWN_HW,OTHER,NO_UNLESS_DEPENDENCY_PROVES,LOW,16,,CPD,X=unknown,L7989,TOC3/6.25ms major-loop interrupt,0x7A81,,indexed_unresolved,low_unresolved
0x7A77,BMHM_$31_main_window_ORG_0x7100,source_listing_no_bytes,"STD 0,X",W,"0,X",UNKNOWN_HW,OTHER,NO_UNLESS_DEPENDENCY_PROVES,LOW,16,,D,X=unknown,L7989,TOC3/6.25ms major-loop interrupt,0x7A81,,indexed_unresolved,low_unresolved
0x7B73,BMHM_$31_main_window_ORG_0x7A85,source_listing_no_bytes,STAA L3030,W,0x3030,HC11_REG,SENSOR_ADC,YES,HIGH,8,,A=0x07,,L7B6D,mainline/unknown,0x797A,,ADCTL A/D control,high
0x7B79,BMHM_$31_main_window_ORG_0x7A85,source_listing_no_bytes,"BRCLR $0030,X,#$80,L7B79",R,0x3030,HC11_REG,SENSOR_ADC,YES,MEDIUM,bit,0x80,bit test 0x80,X=0x3000,L7B6D,mainline/unknown,0x797A,,ADCTL A/D control | indexed_resolved,high
0x7B7E,BMHM_$31_main_window_ORG_0x7A85,source_listing_no_bytes,LDAB L3031,R,0x3031,HC11_REG,SENSOR_ADC,YES,MEDIUM,8,,memory,,L7B6D,mainline/unknown,0x797A,,ADR1 A/D result 1,high
0x7B81,BMHM_$31_main_window_ORG_0x7A85,source_listing_no_bytes,ADDB L3032,R,0x3032,HC11_REG,SENSOR_ADC,YES,MEDIUM,8,,ADDB,,L7B6D,mainline/unknown,0x797A,,ADR2 A/D result 2,high
0x7B86,BMHM_$31_main_window_ORG_0x7A85,source_listing_no_bytes,ADDB L3033,R,0x3033,HC11_REG,SENSOR_ADC,YES,MEDIUM,8,,ADDB,,L7B6D,mainline/unknown,0x797A,,ADR3 A/D result 3,high
0x7B8B,BMHM_$31_main_window_ORG_0x7A85,source_listing_no_bytes,ADDB L3034,R,0x3034,HC11_REG,SENSOR_ADC,YES,MEDIUM,8,,ADDB,,L7B6D,mainline/unknown,0x797A,,ADR4 A/D result 4,high
0x7BA3,BMHM_$31_main_window_ORG_0x7A85,source_listing_no_bytes,STD L3068,W,0x3068,UNKNOWN_HW,IO_LATCH_OUTPUT,YES,HIGH,16,,D,,L7B6D,mainline/unknown,0x797A,,External 306x output command candidate,high
0x7BF6,BMHM_$31_main_window_ORG_0x7A85,source_listing_no_bytes,LDD L3FFA,R,0x3FFA,ASIC_3FXX,ASIC_STATUS_REF,YES,MEDIUM,16,,memory,,L7BA7,mainline/unknown,0x79F2,,ASIC packed hardware status,high
0x7C00,BMHM_$31_main_window_ORG_0x7A85,source_listing_no_bytes,LDD L3FC4,R,0x3FC4,ASIC_3FXX,ASIC_STATUS_REF,YES,MEDIUM,16,,memory,,L7BA7,mainline/unknown,0x79F2,,ASIC period/status latch candidate,high
0x7C63,BMHM_$31_main_window_ORG_0x7A85,source_listing_no_bytes,"SUBD 0,X",R,"0,X",UNKNOWN_HW,OTHER,NO_UNLESS_DEPENDENCY_PROVES,LOW,16,,SUBD,X=unknown,L7C13,mainline/unknown,0x7B9B,,indexed_unresolved,low_unresolved
0x7D89,BMHM_$31_main_window_ORG_0x7A85,source_listing_no_bytes,STAB L3039,W,0x3039,HC11_REG,BOOT_WATCHDOG_CPU,YES,HIGH,8,,B=0x08,,L7D4B,mainline/unknown,0x7A19,,OPTION,high
0x7DB3,BMHM_$31_main_window_ORG_0x7A85,source_listing_no_bytes,STAA L303A,W,0x303A,HC11_REG,BOOT_WATCHDOG_CPU,YES,HIGH,8,,A=0x55,,L7D4B,mainline/unknown,0x7A19,,COPRST watchdog clear | COP1,high
0x8426,BMHM_$31_main_window_ORG_0x7A85,source_listing_no_bytes,STD L3FCE,W,0x3FCE,ASIC_3FXX,ASIC_COMMAND_OUTPUT,YES,HIGH,16,,D,,L82ED,mainline/unknown,0x8238,FUEL_CALC,ASIC EFI PW / fuel pulse-width handoff,high
0x842C,BMHM_$31_main_window_ORG_0x7A85,source_listing_no_bytes,LDD L3FC0,R,0x3FC0,ASIC_3FXX,ASIC_STATUS_REF,YES,MEDIUM,16,,memory,,L82ED,mainline/unknown,0x8238,FUEL_CALC,ASIC last DRP/ref period counter,high
0x8512,BMHM_$31_main_window_ORG_0x7A85,source_listing_no_bytes,STD L3FCE,W,0x3FCE,ASIC_3FXX,ASIC_COMMAND_OUTPUT,YES,HIGH,16,,D=0x7FFF,,L84F5,mainline/unknown,0x7EA3;0x7EAF,,ASIC EFI PW / fuel pulse-width handoff,high
0x8571,BMHM_$31_main_window_ORG_0x7A85,source_listing_no_bytes,STD L3FF2,W,0x3FF2,ASIC_3FXX,ASIC_UNKNOWN,TEST_ITEM,HIGH_UNCLASSIFIED,16,,D,,L8548,mainline/unknown,0x762D;0x84AA,,ASIC output/scheduler candidate,high
0x8577,BMHM_$31_main_window_ORG_0x7A85,source_listing_no_bytes,LDD L3FFC,R,0x3FFC,ASIC_3FXX,IO_LATCH_OUTPUT,YES,MEDIUM,16,,memory,,L8548,mainline/unknown,0x762D;0x84AA,,ASIC I/O D port / external output latch | I/O D PORT ..,high
0x857F,BMHM_$31_main_window_ORG_0x7A85,source_listing_no_bytes,STD L3FFC,W,0x3FFC,ASIC_3FXX,IO_LATCH_OUTPUT,YES,HIGH,16,,D,,L8548,mainline/unknown,0x762D;0x84AA,,ASIC I/O D port / external output latch | I/O D PORT ..,high
0x8587,BMHM_$31_main_window_ORG_0x7A85,source_listing_no_bytes,STD L3FFC,W,0x3FFC,ASIC_3FXX,IO_LATCH_OUTPUT,YES,HIGH,16,,D,,L8548,mainline/unknown,0x762D;0x84AA,,ASIC I/O D port / external output latch | I/O D PORT ..,high
0x858B,BMHM_$31_main_window_ORG_0x7A85,source_listing_no_bytes,LDX L3FC0,R,0x3FC0,ASIC_3FXX,ASIC_STATUS_REF,YES,MEDIUM,16,,memory,,L858B,mainline/unknown,0x85CA,,ASIC last DRP/ref period counter | LAST REF PERIOD CNT'R,high
0x8629,BMHM_$31_main_window_ORG_0x7A85,source_listing_no_bytes,LDX L3FCA,R,0x3FCA,ASIC_3FXX,ASIC_STATUS_REF,YES,MEDIUM,16,,memory,,L85B2,mainline/unknown,0x7E66,,ASIC 16-bit RPM/event counter | 16 BIT RPM COUNTER,high
0x86A1,BMHM_$31_main_window_ORG_0x7A85,source_listing_no_bytes,"STAA 0,X",W,"0,X",UNKNOWN_HW,OTHER,NO_UNLESS_DEPENDENCY_PROVES,LOW,8,,A,X=unknown,L863D,mainline/unknown,0x8530,,indexed_unresolved,low_unresolved
0x8CDC,BMHM_$31_main_window_ORG_0x7A85,source_listing_no_bytes,"LDAA 0,X",R,"0,X",UNKNOWN_HW,OTHER,NO_UNLESS_DEPENDENCY_PROVES,LOW,8,,memory,X=unknown,L8C6D,mainline/unknown,0x8A8F,,indexed_unresolved,low_unresolved
0x8CEB,BMHM_$31_main_window_ORG_0x7A85,source_listing_no_bytes,"LDAA 1,X",R,"1,X",UNKNOWN_HW,OTHER,NO_UNLESS_DEPENDENCY_PROVES,LOW,8,,memory,X=unknown,L8C6D,mainline/unknown,0x8A8F,,indexed_unresolved,low_unresolved
0x8D05,BMHM_$31_main_window_ORG_0x7A85,source_listing_no_bytes,"LDAA 0,X",R,"0,X",UNKNOWN_HW,OTHER,NO_UNLESS_DEPENDENCY_PROVES,LOW,8,,memory,X=unknown,L8C6D,mainline/unknown,0x8A8F,,indexed_unresolved,low_unresolved
0x8D21,BMHM_$31_main_window_ORG_0x7A85,source_listing_no_bytes,"LDAA 1,X",R,"1,X",UNKNOWN_HW,OTHER,NO_UNLESS_DEPENDENCY_PROVES,LOW,8,,memory,X=unknown,L8C6D,mainline/unknown,0x8A8F,,indexed_unresolved,low_unresolved
0x8D7D,BMHM_$31_main_window_ORG_0x7A85,source_listing_no_bytes,"LDAA 0,X",R,"0,X",UNKNOWN_HW,OTHER,NO_UNLESS_DEPENDENCY_PROVES,LOW,8,,memory,X=unknown,L8D73,mainline/unknown,0x8CC8,,indexed_unresolved,low_unresolved
0x8E78,BMHM_$31_main_window_ORG_0x7A85,source_listing_no_bytes,"LDAA 0,X",R,"0,X",UNKNOWN_HW,OTHER,NO_UNLESS_DEPENDENCY_PROVES,LOW,8,,memory,X=unknown,L8D73,mainline/unknown,0x8CC8,,GET BLM FOR THIS CELL | indexed_unresolved,low_unresolved
0x8E9A,BMHM_$31_main_window_ORG_0x7A85,source_listing_no_bytes,"STAA 0,X",W,"0,X",UNKNOWN_HW,OTHER,NO_UNLESS_DEPENDENCY_PROVES,LOW,8,,A,X=unknown,L8D73,mainline/unknown,0x8CC8,,SAVE NEW BLM VALUE | indexed_unresolved,low_unresolved
0x9163,BMHM_$31_main_window_ORG_0x7A85,source_listing_no_bytes,STD L306C,W,0x306C,UNKNOWN_HW,UNKNOWN_306X_BOARD_IO,TEST_ITEM,HIGH_UNCLASSIFIED,16,,D,,L90D3,mainline/unknown,0x7E3D,,,high
0x9169,BMHM_$31_main_window_ORG_0x7A85,source_listing_no_bytes,STAB L303A,W,0x303A,HC11_REG,BOOT_WATCHDOG_CPU,YES,HIGH,8,,B=0xAA,,L9167,mainline/unknown,0x79F9,IDLE_IAC,COPRST watchdog clear,high
0x9251,BMHM_$31_main_window_ORG_0x7A85,source_listing_no_bytes,LDAA L3008,R,0x3008,HC11_REG,SENSOR_ADC,YES,MEDIUM,8,,memory,,L9250,mainline/unknown,0x9973,IDLE_IAC,PORTE / ADC input port | CPU PORT D,high
0x97C8,BMHM_$31_main_window_ORG_0x7A85,source_listing_no_bytes,"SUBD 0,X",R,"0,X",UNKNOWN_HW,OTHER,NO_UNLESS_DEPENDENCY_PROVES,LOW,16,,SUBD,X=unknown,L9537,mainline/unknown,0x940E,IDLE_IAC,indexed_unresolved,low_unresolved
0x9878,BMHM_$31_main_window_ORG_0x7A85,source_listing_no_bytes,"ADDD 0,X",R,"0,X",UNKNOWN_HW,OTHER,NO_UNLESS_DEPENDENCY_PROVES,LOW,16,,ADDD,X=unknown,L983D,mainline/unknown,0x952E,IDLE_IAC,indexed_unresolved,low_unresolved
0x9891,BMHM_$31_main_window_ORG_0x7A85,source_listing_no_bytes,"LDD 0,X",R,"0,X",UNKNOWN_HW,OTHER,NO_UNLESS_DEPENDENCY_PROVES,LOW,16,,memory,X=unknown,L983D,mainline/unknown,0x952E,IDLE_IAC,indexed_unresolved,low_unresolved
0x99BA,BMHM_$31_main_window_ORG_0x7A85,source_listing_no_bytes,"LDAA 0,X",R,"0,X",UNKNOWN_HW,OTHER,NO_UNLESS_DEPENDENCY_PROVES,LOW,8,,memory,X=unknown,L989C,mainline/unknown,0x9EA0,IDLE_IAC,indexed_unresolved,low_unresolved
0x99BE,BMHM_$31_main_window_ORG_0x7A85,source_listing_no_bytes,"LDAB 0,X",R,"0,X",UNKNOWN_HW,OTHER,NO_UNLESS_DEPENDENCY_PROVES,LOW,8,,memory,X=unknown,L989C,mainline/unknown,0x9EA0,IDLE_IAC,indexed_unresolved,low_unresolved
0x9A80,BMHM_$31_main_window_ORG_0x7A85,source_listing_no_bytes,"LDAA 0,X",R,"0,X",UNKNOWN_HW,OTHER,NO_UNLESS_DEPENDENCY_PROVES,LOW,8,,memory,X=unknown,L99C5,mainline/unknown,0x9749,IDLE_IAC,indexed_unresolved,low_unresolved
0x9B1F,BMHM_$31_main_window_ORG_0x7A85,source_listing_no_bytes,"LDAA 2,X",R,"2,X",UNKNOWN_HW,OTHER,NO_UNLESS_DEPENDENCY_PROVES,LOW,8,,memory,X=unknown,L99C5,mainline/unknown,0x9749,IDLE_IAC,indexed_unresolved,low_unresolved
0x9B25,BMHM_$31_main_window_ORG_0x7A85,source_listing_no_bytes,"LDAA $0005,X",R,"$0005,X",UNKNOWN_HW,OTHER,NO_UNLESS_DEPENDENCY_PROVES,LOW,8,,memory,X=unknown,L99C5,mainline/unknown,0x9749,IDLE_IAC,indexed_unresolved,low_unresolved
0x9B2C,BMHM_$31_main_window_ORG_0x7A85,source_listing_no_bytes,"LDD 6,X",R,"6,X",UNKNOWN_HW,OTHER,NO_UNLESS_DEPENDENCY_PROVES,LOW,16,,memory,X=unknown,L99C5,mainline/unknown,0x9749,IDLE_IAC,indexed_unresolved,low_unresolved
0x9B2E,BMHM_$31_main_window_ORG_0x7A85,source_listing_no_bytes,"CPD 8,X",R,"8,X",UNKNOWN_HW,OTHER,NO_UNLESS_DEPENDENCY_PROVES,LOW,16,,CPD,X=unknown,L99C5,mainline/unknown,0x9749,IDLE_IAC,indexed_unresolved,low_unresolved
0x9B96,BMHM_$31_main_window_ORG_0x7A85,source_listing_no_bytes,"LDAB 5,X",R,"5,X",UNKNOWN_HW,OTHER,NO_UNLESS_DEPENDENCY_PROVES,LOW,8,,memory,X=unknown,L99C5,mainline/unknown,0x9749,IDLE_IAC,indexed_unresolved,low_unresolved
0x9B9C,BMHM_$31_main_window_ORG_0x7A85,source_listing_no_bytes,"LDAB 2,X",R,"2,X",UNKNOWN_HW,OTHER,NO_UNLESS_DEPENDENCY_PROVES,LOW,8,,memory,X=unknown,L99C5,mainline/unknown,0x9749,IDLE_IAC,indexed_unresolved,low_unresolved
0x9C00,BMHM_$31_main_window_ORG_0x7A85,source_listing_no_bytes,"STD 3,X",W,"3,X",UNKNOWN_HW,OTHER,NO_UNLESS_DEPENDENCY_PROVES,LOW,16,,D,X=unknown,L9BDA,mainline/unknown,0x9A9C;0x9B4B,IDLE_IAC,indexed_unresolved,low_unresolved
0x9C04,BMHM_$31_main_window_ORG_0x7A85,source_listing_no_bytes,"STD 0,X",W,"0,X",UNKNOWN_HW,OTHER,NO_UNLESS_DEPENDENCY_PROVES,LOW,16,,D,X=unknown,L9BDA,mainline/unknown,0x9A9C;0x9B4B,IDLE_IAC,indexed_unresolved,low_unresolved
0x9C09,BMHM_$31_main_window_ORG_0x7A85,source_listing_no_bytes,"STD 6,X",W,"6,X",UNKNOWN_HW,OTHER,NO_UNLESS_DEPENDENCY_PROVES,LOW,16,,D,X=unknown,L9C06,mainline/unknown,0x9A5B;0x9B13;0x9B7C,IDLE_IAC,indexed_unresolved,low_unresolved
0x9C0E,BMHM_$31_main_window_ORG_0x7A85,source_listing_no_bytes,"LDD 8,X",R,"8,X",UNKNOWN_HW,OTHER,NO_UNLESS_DEPENDENCY_PROVES,LOW,16,,memory,X=unknown,L9C06,mainline/unknown,0x9A5B;0x9B13;0x9B7C,IDLE_IAC,indexed_unresolved,low_unresolved
0x9C47,BMHM_$31_main_window_ORG_0x7A85,source_listing_no_bytes,"LDX 0,X",R,"0,X",UNKNOWN_HW,OTHER,NO_UNLESS_DEPENDENCY_PROVES,LOW,16,,memory,X=unknown,L9C20,mainline/unknown,0x974C,IDLE_IAC,GET TABLE ADDRESS | indexed_unresolved,low_unresolved
0x9DC6,BMHM_$31_main_window_ORG_0x9C96,source_listing_no_bytes,"CPD 0,X",R,"0,X",UNKNOWN_HW,OTHER,NO_UNLESS_DEPENDENCY_PROVES,LOW,16,,CPD,X=unknown,L9CFD,mainline/unknown,0xA2B7,IDLE_IAC,indexed_unresolved,low_unresolved
0x9DCB,BMHM_$31_main_window_ORG_0x9C96,source_listing_no_bytes,"STD 0,X",W,"0,X",UNKNOWN_HW,OTHER,NO_UNLESS_DEPENDENCY_PROVES,LOW,16,,D=0xFFFF,X=unknown,L9CFD,mainline/unknown,0xA2B7,IDLE_IAC,indexed_unresolved,low_unresolved
0xA239,BMHM_$31_main_window_ORG_0x9C96,source_listing_no_bytes,"STD $0002,X",W,"$0002,X",UNKNOWN_HW,OTHER,NO_UNLESS_DEPENDENCY_PROVES,LOW,16,,D,X=unknown,LA0D8,mainline/unknown,0x9FE6,IDLE_IAC,indexed_unresolved,low_unresolved
0xA23D,BMHM_$31_main_window_ORG_0x9C96,source_listing_no_bytes,"LDAA $0003,X",R,"$0003,X",UNKNOWN_HW,OTHER,NO_UNLESS_DEPENDENCY_PROVES,LOW,8,,memory,X=unknown,LA0D8,mainline/unknown,0x9FE6,IDLE_IAC,indexed_unresolved,low_unresolved
0xA245,BMHM_$31_main_window_ORG_0x9C96,source_listing_no_bytes,"STD 0,X",W,"0,X",UNKNOWN_HW,OTHER,NO_UNLESS_DEPENDENCY_PROVES,LOW,16,,D,X=unknown,LA0D8,mainline/unknown,0x9FE6,IDLE_IAC,indexed_unresolved,low_unresolved
0xA551,BMHM_$31_main_window_ORG_0x9C96,source_listing_no_bytes,LDD L3FC0,R,0x3FC0,ASIC_3FXX,ASIC_STATUS_REF,YES,MEDIUM,16,,memory,,LA466,mainline/unknown,0x79FC,SPARK_CALC,ASIC last DRP/ref period counter,high
0xA581,BMHM_$31_main_window_ORG_0x9C96,source_listing_no_bytes,LDD L3FC0,R,0x3FC0,ASIC_3FXX,ASIC_STATUS_REF,YES,MEDIUM,16,,memory,,LA581,mainline/unknown,0xA518;0xA54E,SPARK_CALC,ASIC last DRP/ref period counter | RPM = ((65536 * 120)/8)/CAL,high
0xA5AA,BMHM_$31_main_window_ORG_0x9C96,source_listing_no_bytes,STAA L306F,W,0x306F,UNKNOWN_HW,IO_LATCH_OUTPUT,YES,HIGH,8,,A=0x00,,LA59B,mainline/unknown,0xA53D,SPARK_CALC,External 306x I/O latch/status candidate,high
0xA5D4,BMHM_$31_main_window_ORG_0x9C96,source_listing_no_bytes,"BCLR 0,X,#$10",RMW,0x3060,UNKNOWN_HW,UNKNOWN_306X_BOARD_IO,TEST_ITEM,HIGH_UNCLASSIFIED,bit,0x10,clear 0x10,X=0x3060,LA59B,mainline/unknown,0xA53D,SPARK_CALC,"CLR b4, | indexed_resolved",high
0xA5E5,BMHM_$31_main_window_ORG_0x9C96,source_listing_no_bytes,LDD L3FC0,R,0x3FC0,ASIC_3FXX,ASIC_STATUS_REF,YES,MEDIUM,16,,memory,,LA59B,mainline/unknown,0xA53D,SPARK_CALC,ASIC last DRP/ref period counter | LAST DRP PERIOD CNTR,high
0xA6EF,BMHM_$31_main_window_ORG_0x9C96,source_listing_no_bytes,LDD L3FC0,R,0x3FC0,ASIC_3FXX,ASIC_STATUS_REF,YES,MEDIUM,16,,memory,,LA59B,mainline/unknown,0xA53D,SPARK_CALC,ASIC last DRP/ref period counter,high
0xAAD4,BMHM_$31_main_window_ORG_0x9C96,source_listing_no_bytes,"SUBB 0,X",R,"0,X",UNKNOWN_HW,OTHER,NO_UNLESS_DEPENDENCY_PROVES,LOW,8,,SUBB,X=unknown,LA906,mainline/unknown,0xA8B4,SPARK_CALC,indexed_unresolved,low_unresolved
0xAB8E,BMHM_$31_main_window_ORG_0x9C96,source_listing_no_bytes,SUBD L3FC0,R,0x3FC0,ASIC_3FXX,ASIC_STATUS_REF,YES,MEDIUM,16,,SUBD,,LA906,mainline/unknown,0xA8B4,SPARK_CALC,ASIC last DRP/ref period counter,high
0xAB97,BMHM_$31_main_window_ORG_0x9C96,source_listing_no_bytes,ADDD L3FF6,R,0x3FF6,ASIC_3FXX,SPARK_EST,YES,MEDIUM,16,,ADDD,,LA906,mainline/unknown,0xA8B4,EST|SPARK_CALC,ASIC EST fall counter / output scheduler | EST FALL CNT'R,high
0xAB9A,BMHM_$31_main_window_ORG_0x9C96,source_listing_no_bytes,"SUBD 0,X",R,"0,X",UNKNOWN_HW,OTHER,NO_UNLESS_DEPENDENCY_PROVES,LOW,16,,SUBD,X=unknown,LA906,mainline/unknown,0xA8B4,SPARK_CALC,indexed_unresolved,low_unresolved
0xAB9E,BMHM_$31_main_window_ORG_0x9C96,source_listing_no_bytes,"ADDD 0,X",R,"0,X",UNKNOWN_HW,OTHER,NO_UNLESS_DEPENDENCY_PROVES,LOW,16,,ADDD,X=unknown,LA906,mainline/unknown,0xA8B4,SPARK_CALC,indexed_unresolved,low_unresolved
0xABA0,BMHM_$31_main_window_ORG_0x9C96,source_listing_no_bytes,"STD 0,X",W,"0,X",UNKNOWN_HW,OTHER,NO_UNLESS_DEPENDENCY_PROVES,LOW,16,,D,X=unknown,LA906,mainline/unknown,0xA8B4,SPARK_CALC,indexed_unresolved,low_unresolved
0xABA2,BMHM_$31_main_window_ORG_0x9C96,source_listing_no_bytes,"LDD 0,X",R,"0,X",UNKNOWN_HW,OTHER,NO_UNLESS_DEPENDENCY_PROVES,LOW,16,,memory,X=unknown,LA906,mainline/unknown,0xA8B4,SPARK_CALC,indexed_unresolved,low_unresolved
0xABA4,BMHM_$31_main_window_ORG_0x9C96,source_listing_no_bytes,SUBD L3FF6,R,0x3FF6,ASIC_3FXX,SPARK_EST,YES,MEDIUM,16,,SUBD,,LA906,mainline/unknown,0xA8B4,EST|SPARK_CALC,ASIC EST fall counter / output scheduler | EST FALL CNT'R,high
0xABAA,BMHM_$31_main_window_ORG_0x9C96,source_listing_no_bytes,STD L3FE8,W,0x3FE8,ASIC_3FXX,SPARK_EST,YES,HIGH,16,,D,,LA906,mainline/unknown,0xA8B4,SPARK_CALC,ASIC EST/spark timing output engine,high
0xABB0,BMHM_$31_main_window_ORG_0x9C96,source_listing_no_bytes,ADDD L3FDC,R,0x3FDC,ASIC_3FXX,SPARK_EST,YES,MEDIUM,16,,ADDD,,LA906,mainline/unknown,0xA8B4,SPARK_CALC,ASIC spark dwell / spark work period handoff,high
0xABBA,BMHM_$31_main_window_ORG_0x9C96,source_listing_no_bytes,STD L3FE6,W,0x3FE6,ASIC_3FXX,SPARK_EST,YES,HIGH,16,,D,,LA906,mainline/unknown,0xA8B4,SPARK_CALC,ASIC spark handoff path,high
0xABC0,BMHM_$31_main_window_ORG_0x9C96,source_listing_no_bytes,STX L3FDC,W,0x3FDC,ASIC_3FXX,SPARK_EST,YES,HIGH,16,,X,,LA906,mainline/unknown,0xA8B4,SPARK_CALC,ASIC spark dwell / spark work period handoff,high
0xABC8,BMHM_$31_main_window_ORG_0x9C96,source_listing_no_bytes,STD L3FF6,W,0x3FF6,ASIC_3FXX,SPARK_EST,YES,HIGH,16,,D,,LA906,mainline/unknown,0xA8B4,EST|SPARK_CALC,ASIC EST fall counter / output scheduler | EST FALL CNT'R,high
0xABD3,BMHM_$31_main_window_ORG_0x9C96,source_listing_no_bytes,LDD L3FCA,R,0x3FCA,ASIC_3FXX,ASIC_STATUS_REF,YES,MEDIUM,16,,memory,,LA906,mainline/unknown,0xA8B4,SPARK_CALC,ASIC 16-bit RPM/event counter,high
0xAC28,BMHM_$31_main_window_ORG_0x9C96,source_listing_no_bytes,LDX L3FEC,R,0x3FEC,ASIC_3FXX,ASIC_STATUS_REF,YES,MEDIUM,16,,memory,,LA906,mainline/unknown,0xA8B4,SPARK_CALC,ASIC hardware status/source,high
0xAC2E,BMHM_$31_main_window_ORG_0x9C96,source_listing_no_bytes,STX L3FE4,W,0x3FE4,ASIC_3FXX,SPARK_EST,YES,HIGH,16,,X,,LA906,mainline/unknown,0xA8B4,SPARK_CALC,ASIC ignition/output companion write,high
0xAC58,BMHM_$31_main_window_ORG_0x9C96,source_listing_no_bytes,LDD L3FC0,R,0x3FC0,ASIC_3FXX,ASIC_STATUS_REF,YES,MEDIUM,16,,memory,,LAC51,mainline/unknown,0x79E4;0xA547;0xA55D;0xA56B;0xA5DE,SPARK_CALC,ASIC last DRP/ref period counter,high
0xACD3,BMHM_$31_main_window_ORG_0x9C96,source_listing_no_bytes,LDD L3FE0,R,0x3FE0,ASIC_3FXX,ASIC_UNKNOWN,TEST_ITEM,HIGH_UNCLASSIFIED,16,,memory,,LACA7,mainline/unknown,0x7B27,SPARK_CALC,ASIC timing/status candidate E0,high
0xAD29,BMHM_$31_main_window_ORG_0x9C96,source_listing_no_bytes,"CMPB 0,X",R,"0,X",UNKNOWN_HW,OTHER,NO_UNLESS_DEPENDENCY_PROVES,LOW,8,,CMPB,X=unknown,LACA7,mainline/unknown,0x7B27,,indexed_unresolved,low_unresolved
0xAD54,BMHM_$31_main_window_ORG_0x9C96,source_listing_no_bytes,"CMPA $04,X",R,"$04,X",UNKNOWN_HW,OTHER,NO_UNLESS_DEPENDENCY_PROVES,LOW,8,,CMPA,X=unknown,LAD4D,mainline/unknown,0xACD0,,indexed_unresolved,low_unresolved
0xAD58,BMHM_$31_main_window_ORG_0x9C96,source_listing_no_bytes,"LDAA 8,X",R,"8,X",UNKNOWN_HW,OTHER,NO_UNLESS_DEPENDENCY_PROVES,LOW,8,,memory,X=unknown,LAD4D,mainline/unknown,0xACD0,,indexed_unresolved,low_unresolved
0xAE67,BMHM_$31_main_window_ORG_0x9C96,source_listing_no_bytes,LDX L3012,R,0x3012,HC11_REG,HC11_CORE,NO_UNLESS_DEPENDENCY_PROVES,LOW,16,,memory,,LAE5C,mainline/unknown,0x7E53;0x7EA6,,TIC2 | TIC 2,high
0xAEA7,BMHM_$31_main_window_ORG_0x9C96,source_listing_no_bytes,LDAA L3000,R,0x3000,HC11_REG,BOOT_WATCHDOG_CPU,YES,MEDIUM,8,,memory,,LAEA4,mainline/unknown,0xAE85,,PORTA / timer pin status,high
0xAEB1,BMHM_$31_main_window_ORG_0x9C96,source_listing_no_bytes,LDAB L3002,R,0x3002,HC11_REG,HC11_CORE,NO_UNLESS_DEPENDENCY_PROVES,LOW,8,,memory,,LAEA4,mainline/unknown,0xAE85,,PORTC,high
0xAEB7,BMHM_$31_main_window_ORG_0x9C96,source_listing_no_bytes,LDAA L3060,R,0x3060,UNKNOWN_HW,UNKNOWN_306X_BOARD_IO,TEST_ITEM,HIGH_UNCLASSIFIED,8,,memory,,LAEA4,mainline/unknown,0xAE85,,,high
0xAEBA,BMHM_$31_main_window_ORG_0x9C96,source_listing_no_bytes,EORA L3062,R,0x3062,UNKNOWN_HW,SPARK_EST,YES,MEDIUM,8,,EORA,,LAEA4,mainline/unknown,0xAE85,,External 306x hardware latch/status candidate,high
0xAF34,BMHM_$31_main_window_ORG_0x9C96,source_listing_no_bytes,"LDAB 0,X",R,"0,X",UNKNOWN_HW,OTHER,NO_UNLESS_DEPENDENCY_PROVES,LOW,8,,memory,X=unknown,LAEA4,mainline/unknown,0xAE85,,indexed_unresolved,low_unresolved
0xAF78,BMHM_$31_main_window_ORG_0x9C96,source_listing_no_bytes,LDAB L3027,R,0x3027,HC11_REG,HC11_CORE,NO_UNLESS_DEPENDENCY_PROVES,LOW,8,,memory,,LAEA4,mainline/unknown,0xAE85,,PACNT pulse accumulator count | PACNT,high
0xAF7B,BMHM_$31_main_window_ORG_0x9C96,source_listing_no_bytes,"LDY $10,X",R,0x3010,HC11_REG,HC11_CORE,NO_UNLESS_DEPENDENCY_PROVES,LOW,16,,memory,X=0x3000,LAEA4,mainline/unknown,0xAE85,,TIC1 | indexed_resolved,high
0xAF7E,BMHM_$31_main_window_ORG_0x9C96,source_listing_no_bytes,CMPB L3027,R,0x3027,HC11_REG,HC11_CORE,NO_UNLESS_DEPENDENCY_PROVES,LOW,8,,CMPB,,LAEA4,mainline/unknown,0xAE85,,PACNT pulse accumulator count | PACNT,high
0xAF83,BMHM_$31_main_window_ORG_0x9C96,source_listing_no_bytes,"LDY $10,X",R,0x3010,HC11_REG,HC11_CORE,NO_UNLESS_DEPENDENCY_PROVES,LOW,16,,memory,X=0x3000,LAEA4,mainline/unknown,0xAE85,,TIC1 | indexed_resolved,high
0xAFC5,BMHM_$31_main_window_ORG_0x9C96,source_listing_no_bytes,"LDD 0,X",R,0x3FC6,ASIC_3FXX,ASIC_STATUS_REF,YES,MEDIUM,16,,memory,X=0x3FC6,LAEA4,mainline/unknown,0xAE85,,indexed_resolved,high
0xAFCC,BMHM_$31_main_window_ORG_0x9C96,source_listing_no_bytes,"LDY 0,Y",R,0x3FF8,ASIC_3FXX,ASIC_UNKNOWN,TEST_ITEM,HIGH_UNCLASSIFIED,16,,memory,Y=0x3FF8,LAEA4,mainline/unknown,0xAE85,,indexed_resolved,high
0xAFD2,BMHM_$31_main_window_ORG_0x9C96,source_listing_no_bytes,"CPD 0,X",R,0x3FC6,ASIC_3FXX,ASIC_STATUS_REF,YES,MEDIUM,16,,CPD,X=0x3FC6,LAEA4,mainline/unknown,0xAE85,,indexed_resolved,high
0xAFDC,BMHM_$31_main_window_ORG_0x9C96,source_listing_no_bytes,"LDY 0,Y",R,"0,Y",UNKNOWN_HW,OTHER,NO_UNLESS_DEPENDENCY_PROVES,LOW,16,,memory,Y=unknown,LAEA4,mainline/unknown,0xAE85,,indexed_unresolved,low_unresolved
0xB062,BMHM_$31_main_window_ORG_0x9C96,source_listing_no_bytes,"LDAA 0,X",R,"0,X",UNKNOWN_HW,OTHER,NO_UNLESS_DEPENDENCY_PROVES,LOW,8,,memory,X=unknown,LB018,mainline/unknown,0xAE88,,indexed_unresolved,low_unresolved
0xB2C6,BMHM_$31_main_window_ORG_0x9C96,source_listing_no_bytes,"LDX 0,X",R,"0,X",UNKNOWN_HW,OTHER,NO_UNLESS_DEPENDENCY_PROVES,LOW,16,,memory,X=unknown,LB2B2,mainline/unknown,0xB240,,indexed_unresolved,low_unresolved
0xB30E,BMHM_$31_main_window_ORG_0x9C96,source_listing_no_bytes,"LDAA 0,X",R,"0,X",UNKNOWN_HW,OTHER,NO_UNLESS_DEPENDENCY_PROVES,LOW,8,,memory,X=unknown,LB2ED,mainline/unknown,0xAE9A,,indexed_unresolved,low_unresolved
0xB313,BMHM_$31_main_window_ORG_0x9C96,source_listing_no_bytes,"LDAA $0008,X",R,"$0008,X",UNKNOWN_HW,OTHER,NO_UNLESS_DEPENDENCY_PROVES,LOW,8,,memory,X=unknown,LB2ED,mainline/unknown,0xAE9A,,indexed_unresolved,low_unresolved
0xB327,BMHM_$31_main_window_ORG_0x9C96,source_listing_no_bytes,"BRCLR $001C,X,#$18,LB340",R,"$001C,X,#$18,LB340",UNKNOWN_HW,OTHER,NO_UNLESS_DEPENDENCY_PROVES,LOW,bit,0x18,bit test 0x18,X=unknown,LB2ED,mainline/unknown,0xAE9A,,indexed_unresolved,low_unresolved
0xB417,BMHM_$31_main_window_ORG_0x9C96,source_listing_no_bytes,"CPD 0,X",R,"0,X",UNKNOWN_HW,OTHER,NO_UNLESS_DEPENDENCY_PROVES,LOW,16,,CPD,X=unknown,LB367,mainline/unknown,0xB330,,indexed_unresolved,low_unresolved
0xB42F,BMHM_$31_main_window_ORG_0x9C96,source_listing_no_bytes,"STAA 0,X",W,"0,X",UNKNOWN_HW,OTHER,NO_UNLESS_DEPENDENCY_PROVES,LOW,8,,A,X=unknown,LB367,mainline/unknown,0xB330,,indexed_unresolved,low_unresolved
0xB433,BMHM_$31_main_window_ORG_0x9C96,source_listing_no_bytes,"SUBD 6,X",R,"6,X",UNKNOWN_HW,OTHER,NO_UNLESS_DEPENDENCY_PROVES,LOW,16,,SUBD,X=unknown,LB367,mainline/unknown,0xB330,,indexed_unresolved,low_unresolved
0xB47F,BMHM_$31_main_window_ORG_0x9C96,source_listing_no_bytes,"STAA 0,X",W,"0,X",UNKNOWN_HW,OTHER,NO_UNLESS_DEPENDENCY_PROVES,LOW,8,,A,X=unknown,LB454,mainline/unknown,0xB414,,indexed_unresolved,low_unresolved
0xB48A,BMHM_$31_main_window_ORG_0x9C96,source_listing_no_bytes,"CMPB 0,X",R,"0,X",UNKNOWN_HW,OTHER,NO_UNLESS_DEPENDENCY_PROVES,LOW,8,,CMPB,X=unknown,LB454,mainline/unknown,0xB414,,indexed_unresolved,low_unresolved
0xB4A4,BMHM_$31_main_window_ORG_0x9C96,source_listing_no_bytes,"CMPA 0,X",R,"0,X",UNKNOWN_HW,OTHER,NO_UNLESS_DEPENDENCY_PROVES,LOW,8,,CMPA,X=unknown,LB49C,mainline/unknown,0xB404,,indexed_unresolved,low_unresolved
0xB4CC,BMHM_$31_main_window_ORG_0x9C96,source_listing_no_bytes,"CMPB $EF,X",R,"$EF,X",UNKNOWN_HW,OTHER,NO_UNLESS_DEPENDENCY_PROVES,LOW,8,,CMPB,X=unknown,LB4B2,mainline/unknown,0xB411;0xB44C,,indexed_unresolved,low_unresolved
0xB4D5,BMHM_$31_main_window_ORG_0x9C96,source_listing_no_bytes,"CMPB $16,X",R,"$16,X",UNKNOWN_HW,OTHER,NO_UNLESS_DEPENDENCY_PROVES,LOW,8,,CMPB,X=unknown,LB4B2,mainline/unknown,0xB411;0xB44C,,indexed_unresolved,low_unresolved
0xB4DD,BMHM_$31_main_window_ORG_0x9C96,source_listing_no_bytes,"CMPB $03,X",R,"$03,X",UNKNOWN_HW,OTHER,NO_UNLESS_DEPENDENCY_PROVES,LOW,8,,CMPB,X=unknown,LB4B2,mainline/unknown,0xB411;0xB44C,,indexed_unresolved,low_unresolved
0xB4E1,BMHM_$31_main_window_ORG_0x9C96,source_listing_no_bytes,"CMPB $06,X",R,"$06,X",UNKNOWN_HW,OTHER,NO_UNLESS_DEPENDENCY_PROVES,LOW,8,,CMPB,X=unknown,LB4B2,mainline/unknown,0xB411;0xB44C,,indexed_unresolved,low_unresolved
0xB53D,BMHM_$31_main_window_ORG_0x9C96,source_listing_no_bytes,"CMPB $000A,X",R,"$000A,X",UNKNOWN_HW,OTHER,NO_UNLESS_DEPENDENCY_PROVES,LOW,8,,CMPB,X=unknown,LB4B2,mainline/unknown,0xB411;0xB44C,,indexed_unresolved,low_unresolved
0xB545,BMHM_$31_main_window_ORG_0x9C96,source_listing_no_bytes,"CMPB $000D,X",R,"$000D,X",UNKNOWN_HW,OTHER,NO_UNLESS_DEPENDENCY_PROVES,LOW,8,,CMPB,X=unknown,LB4B2,mainline/unknown,0xB411;0xB44C,,indexed_unresolved,low_unresolved
0xB553,BMHM_$31_main_window_ORG_0x9C96,source_listing_no_bytes,"CMPB $0010,X",R,"$0010,X",UNKNOWN_HW,OTHER,NO_UNLESS_DEPENDENCY_PROVES,LOW,8,,CMPB,X=unknown,LB4B2,mainline/unknown,0xB411;0xB44C,,indexed_unresolved,low_unresolved
0xB5A4,BMHM_$31_main_window_ORG_0x9C96,source_listing_no_bytes,"LDX 0,X",R,"0,X",UNKNOWN_HW,OTHER,NO_UNLESS_DEPENDENCY_PROVES,LOW,16,,memory,X=unknown,LB587,mainline/unknown,0xB574,,indexed_unresolved,low_unresolved
0xB5BB,BMHM_$31_main_window_ORG_0x9C96,source_listing_no_bytes,"LDAA 0,X",R,"0,X",UNKNOWN_HW,OTHER,NO_UNLESS_DEPENDENCY_PROVES,LOW,8,,memory,X=unknown,LB587,mainline/unknown,0xB574,,indexed_unresolved,low_unresolved
0xB5D0,BMHM_$31_main_window_ORG_0x9C96,source_listing_no_bytes,"LDX 0,X",R,"0,X",UNKNOWN_HW,OTHER,NO_UNLESS_DEPENDENCY_PROVES,LOW,16,,memory,X=unknown,LB587,mainline/unknown,0xB574,,indexed_unresolved,low_unresolved
0xB5F9,BMHM_$31_main_window_ORG_0x9C96,source_listing_no_bytes,"LDX 0,X",R,"0,X",UNKNOWN_HW,OTHER,NO_UNLESS_DEPENDENCY_PROVES,LOW,16,,memory,X=unknown,LB587,mainline/unknown,0xB574,,indexed_unresolved,low_unresolved
0xB6A6,BMHM_$31_main_window_ORG_0x9C96,source_listing_no_bytes,"LDX 0,X",R,"0,X",UNKNOWN_HW,OTHER,NO_UNLESS_DEPENDENCY_PROVES,LOW,16,,memory,X=unknown,LB680,mainline/unknown,0xB5FD,,indexed_unresolved,low_unresolved
0xB6CD,BMHM_$31_main_window_ORG_0x9C96,source_listing_no_bytes,"LDX 0,X",R,"0,X",UNKNOWN_HW,OTHER,NO_UNLESS_DEPENDENCY_PROVES,LOW,16,,memory,X=unknown,LB680,mainline/unknown,0xB5FD,,indexed_unresolved,low_unresolved
0xB845,BMHM_$31_main_window_ORG_0x9C96,source_listing_no_bytes,"SUBA 0,X",R,"0,X",UNKNOWN_HW,OTHER,NO_UNLESS_DEPENDENCY_PROVES,LOW,8,,SUBA,X=unknown,LB83B,mainline/unknown,0xB786,,indexed_unresolved,low_unresolved
0xB8B6,BMHM_$31_main_window_ORG_0x9C96,source_listing_no_bytes,"LDAB 0,X",R,"0,X",UNKNOWN_HW,OTHER,NO_UNLESS_DEPENDENCY_PROVES,LOW,8,,memory,X=unknown,LB88D,mainline/unknown,0xB6B9,,indexed_unresolved,low_unresolved
0xB93F,BMHM_$31_main_window_ORG_0x9C96,source_listing_no_bytes,"LDX 0,X",R,"0,X",UNKNOWN_HW,OTHER,NO_UNLESS_DEPENDENCY_PROVES,LOW,16,,memory,X=unknown,LB91D,mainline/unknown,0xB5E4,,indexed_unresolved,low_unresolved
0xB965,BMHM_$31_main_window_ORG_0x9C96,source_listing_no_bytes,"COM $00FB,X",RMW,"$00FB,X",UNKNOWN_HW,OTHER,NO_UNLESS_DEPENDENCY_PROVES,LOW,8,,COM,X=unknown,LB91D,mainline/unknown,0xB5E4,,indexed_unresolved,low_unresolved
0xB96C,BMHM_$31_main_window_ORG_0x9C96,source_listing_no_bytes,"BRCLR $66,X,#$43,LB9D6",R,"$66,X,#$43,LB9D6",UNKNOWN_HW,OTHER,NO_UNLESS_DEPENDENCY_PROVES,LOW,bit,0x43,bit test 0x43,X=unknown,LB91D,mainline/unknown,0xB5E4,,indexed_unresolved,low_unresolved
0xB971,BMHM_$31_main_window_ORG_0x9C96,source_listing_no_bytes,"ROR $0065,X",RMW,"$0065,X",UNKNOWN_HW,OTHER,NO_UNLESS_DEPENDENCY_PROVES,LOW,8,,ROR,X=unknown,LB91D,mainline/unknown,0xB5E4,,indexed_unresolved,low_unresolved
0xB973,BMHM_$31_main_window_ORG_0x9C96,source_listing_no_bytes,"ROR $0076,X",RMW,"$0076,X",UNKNOWN_HW,OTHER,NO_UNLESS_DEPENDENCY_PROVES,LOW,8,,ROR,X=unknown,LB91D,mainline/unknown,0xB5E4,,indexed_unresolved,low_unresolved
0xB975,BMHM_$31_main_window_ORG_0x9C96,source_listing_no_bytes,"ROR $0087,X",RMW,"$0087,X",UNKNOWN_HW,OTHER,NO_UNLESS_DEPENDENCY_PROVES,LOW,8,,ROR,X=unknown,LB91D,mainline/unknown,0xB5E4,,indexed_unresolved,low_unresolved
0xB977,BMHM_$31_main_window_ORG_0x9C96,source_listing_no_bytes,"ROR $0098,X",RMW,"$0098,X",UNKNOWN_HW,OTHER,NO_UNLESS_DEPENDENCY_PROVES,LOW,8,,ROR,X=unknown,LB91D,mainline/unknown,0xB5E4,,indexed_unresolved,low_unresolved
0xB979,BMHM_$31_main_window_ORG_0x9C96,source_listing_no_bytes,"ROR $00A9,X",RMW,"$00A9,X",UNKNOWN_HW,OTHER,NO_UNLESS_DEPENDENCY_PROVES,LOW,8,,ROR,X=unknown,LB91D,mainline/unknown,0xB5E4,,indexed_unresolved,low_unresolved
0xB97B,BMHM_$31_main_window_ORG_0x9C96,source_listing_no_bytes,"ROR $00BA,X",RMW,"$00BA,X",UNKNOWN_HW,OTHER,NO_UNLESS_DEPENDENCY_PROVES,LOW,8,,ROR,X=unknown,LB91D,mainline/unknown,0xB5E4,,indexed_unresolved,low_unresolved
0xB97D,BMHM_$31_main_window_ORG_0x9C96,source_listing_no_bytes,"ROR $CB,X",RMW,"$CB,X",UNKNOWN_HW,OTHER,NO_UNLESS_DEPENDENCY_PROVES,LOW,8,,ROR,X=unknown,LB91D,mainline/unknown,0xB5E4,,indexed_unresolved,low_unresolved
0xB97F,BMHM_$31_main_window_ORG_0x9C96,source_listing_no_bytes,"ROR $DC,X",RMW,"$DC,X",UNKNOWN_HW,OTHER,NO_UNLESS_DEPENDENCY_PROVES,LOW,8,,ROR,X=unknown,LB91D,mainline/unknown,0xB5E4,,indexed_unresolved,low_unresolved
0xB981,BMHM_$31_main_window_ORG_0x9C96,source_listing_no_bytes,"ROR $F0,X",RMW,"$F0,X",UNKNOWN_HW,OTHER,NO_UNLESS_DEPENDENCY_PROVES,LOW,8,,ROR,X=unknown,LB91D,mainline/unknown,0xB5E4,,indexed_unresolved,low_unresolved
0xB983,BMHM_$31_main_window_ORG_0x9C96,source_listing_no_bytes,"ASR $04,X",RMW,"$04,X",UNKNOWN_HW,OTHER,NO_UNLESS_DEPENDENCY_PROVES,LOW,8,,ASR,X=unknown,LB91D,mainline/unknown,0xB5E4,,indexed_unresolved,low_unresolved
0xB985,BMHM_$31_main_window_ORG_0x9C96,source_listing_no_bytes,"ASR $18,X",RMW,"$18,X",UNKNOWN_HW,OTHER,NO_UNLESS_DEPENDENCY_PROVES,LOW,8,,ASR,X=unknown,LB91D,mainline/unknown,0xB5E4,,indexed_unresolved,low_unresolved
0xB987,BMHM_$31_main_window_ORG_0x9C96,source_listing_no_bytes,"ASR $2C,X",RMW,"$2C,X",UNKNOWN_HW,OTHER,NO_UNLESS_DEPENDENCY_PROVES,LOW,8,,ASR,X=unknown,LB91D,mainline/unknown,0xB5E4,,indexed_unresolved,low_unresolved
0xB989,BMHM_$31_main_window_ORG_0x9C96,source_listing_no_bytes,"ASR $40,X",RMW,"$40,X",UNKNOWN_HW,OTHER,NO_UNLESS_DEPENDENCY_PROVES,LOW,8,,ASR,X=unknown,LB91D,mainline/unknown,0xB5E4,,indexed_unresolved,low_unresolved
0xB98B,BMHM_$31_main_window_ORG_0x9C96,source_listing_no_bytes,"ROR $DC,X",RMW,"$DC,X",UNKNOWN_HW,OTHER,NO_UNLESS_DEPENDENCY_PROVES,LOW,8,,ROR,X=unknown,LB91D,mainline/unknown,0xB5E4,,indexed_unresolved,low_unresolved
0xB98D,BMHM_$31_main_window_ORG_0x9C96,source_listing_no_bytes,"ROR $F0,X",RMW,"$F0,X",UNKNOWN_HW,OTHER,NO_UNLESS_DEPENDENCY_PROVES,LOW,8,,ROR,X=unknown,LB91D,mainline/unknown,0xB5E4,,indexed_unresolved,low_unresolved
0xB98F,BMHM_$31_main_window_ORG_0x9C96,source_listing_no_bytes,"ASR $04,X",RMW,"$04,X",UNKNOWN_HW,OTHER,NO_UNLESS_DEPENDENCY_PROVES,LOW,8,,ASR,X=unknown,LB91D,mainline/unknown,0xB5E4,,indexed_unresolved,low_unresolved
0xB99C,BMHM_$31_main_window_ORG_0x9C96,source_listing_no_bytes,"COM $005F,X",RMW,"$005F,X",UNKNOWN_HW,OTHER,NO_UNLESS_DEPENDENCY_PROVES,LOW,8,,COM,X=unknown,LB91D,mainline/unknown,0xB5E4,,indexed_unresolved,low_unresolved
0xB9C1,BMHM_$31_main_window_ORG_0x9C96,source_listing_no_bytes,"LDX 0,X",R,"0,X",UNKNOWN_HW,OTHER,NO_UNLESS_DEPENDENCY_PROVES,LOW,16,,memory,X=unknown,LB91D,mainline/unknown,0xB5E4,,indexed_unresolved,low_unresolved
0xB9D3,BMHM_$31_main_window_ORG_0x9C96,source_listing_no_bytes,"ADDA 0,X",R,"0,X",UNKNOWN_HW,OTHER,NO_UNLESS_DEPENDENCY_PROVES,LOW,8,,ADDA,X=unknown,LB91D,mainline/unknown,0xB5E4,,indexed_unresolved,low_unresolved
0xB9D5,BMHM_$31_main_window_ORG_0x9C96,source_listing_no_bytes,"LDAB 0,Y",R,"0,Y",UNKNOWN_HW,OTHER,NO_UNLESS_DEPENDENCY_PROVES,LOW,8,,memory,Y=unknown,LB91D,mainline/unknown,0xB5E4,,indexed_unresolved,low_unresolved
0xB9D9,BMHM_$31_main_window_ORG_0x9C96,source_listing_no_bytes,"STAB 0,X",W,"0,X",UNKNOWN_HW,OTHER,NO_UNLESS_DEPENDENCY_PROVES,LOW,8,,B,X=unknown,LB91D,mainline/unknown,0xB5E4,,indexed_unresolved,low_unresolved
0xBA0A,BMHM_$31_main_window_ORG_0x9C96,source_listing_no_bytes,"LDX 0,X",R,"0,X",UNKNOWN_HW,OTHER,NO_UNLESS_DEPENDENCY_PROVES,LOW,16,,memory,X=unknown,LB9EE,mainline/unknown,0x7ACE,,indexed_unresolved,low_unresolved
0xBA1B,BMHM_$31_main_window_ORG_0x9C96,source_listing_no_bytes,"ADDB 0,X",R,"0,X",UNKNOWN_HW,OTHER,NO_UNLESS_DEPENDENCY_PROVES,LOW,8,,ADDB,X=unknown,LB9EE,mainline/unknown,0x7ACE,,indexed_unresolved,low_unresolved
0xBA20,BMHM_$31_main_window_ORG_0x9C96,source_listing_no_bytes,"STAA 0,X",W,"0,X",UNKNOWN_HW,OTHER,NO_UNLESS_DEPENDENCY_PROVES,LOW,8,,A,X=unknown,LB9EE,mainline/unknown,0x7ACE,,indexed_unresolved,low_unresolved
0xBA32,BMHM_$31_main_window_ORG_0x9C96,source_listing_no_bytes,"DEC $81,X",RMW,"$81,X",UNKNOWN_HW,OTHER,NO_UNLESS_DEPENDENCY_PROVES,LOW,8,,DEC,X=unknown,LB9EE,mainline/unknown,0x7ACE,,indexed_unresolved,low_unresolved
0xBA34,BMHM_$31_main_window_ORG_0x9C96,source_listing_no_bytes,"DEC $92,X",RMW,"$92,X",UNKNOWN_HW,OTHER,NO_UNLESS_DEPENDENCY_PROVES,LOW,8,,DEC,X=unknown,LB9EE,mainline/unknown,0x7ACE,,indexed_unresolved,low_unresolved
0xBA36,BMHM_$31_main_window_ORG_0x9C96,source_listing_no_bytes,"DEC $A3,X",RMW,"$A3,X",UNKNOWN_HW,OTHER,NO_UNLESS_DEPENDENCY_PROVES,LOW,8,,DEC,X=unknown,LB9EE,mainline/unknown,0x7ACE,,indexed_unresolved,low_unresolved
0xBA48,BMHM_$31_main_window_ORG_0x9C96,source_listing_no_bytes,"LDX 0,X",R,"0,X",UNKNOWN_HW,OTHER,NO_UNLESS_DEPENDENCY_PROVES,LOW,16,,memory,X=unknown,LBA38,mainline/unknown,0xB57A,,indexed_unresolved,low_unresolved
0xBA50,BMHM_$31_main_window_ORG_0x9C96,source_listing_no_bytes,"INC 0,X",RMW,"0,X",UNKNOWN_HW,OTHER,NO_UNLESS_DEPENDENCY_PROVES,LOW,8,,INC,X=unknown,LBA38,mainline/unknown,0xB57A,,indexed_unresolved,low_unresolved
0xBAA0,BMHM_$31_main_window_ORG_0x9C96,source_listing_no_bytes,"LDX 0,X",R,"0,X",UNKNOWN_HW,OTHER,NO_UNLESS_DEPENDENCY_PROVES,LOW,16,,memory,X=unknown,LBA65,mainline/unknown,0xB494,,indexed_unresolved,low_unresolved
0xBAB4,BMHM_$31_main_window_ORG_0x9C96,source_listing_no_bytes,"STAB 0,X",W,"0,X",UNKNOWN_HW,OTHER,NO_UNLESS_DEPENDENCY_PROVES,LOW,8,,B,X=unknown,LBA65,mainline/unknown,0xB494,,indexed_unresolved,low_unresolved
0xBAC1,BMHM_$31_main_window_ORG_0x9C96,source_listing_no_bytes,"STAA $0003,X",W,"$0003,X",UNKNOWN_HW,OTHER,NO_UNLESS_DEPENDENCY_PROVES,LOW,8,,A=0x7F,X=unknown,LBA65,mainline/unknown,0xB494,,indexed_unresolved,low_unresolved
0xBAD4,BMHM_$31_main_window_ORG_0x9C96,source_listing_no_bytes,"LDX 0,X",R,"0,X",UNKNOWN_HW,OTHER,NO_UNLESS_DEPENDENCY_PROVES,LOW,16,,memory,X=unknown,LBA65,mainline/unknown,0xB494,,indexed_unresolved,low_unresolved
0xBAE2,BMHM_$31_main_window_ORG_0x9C96,source_listing_no_bytes,"LDAB 0,X",R,"0,X",UNKNOWN_HW,OTHER,NO_UNLESS_DEPENDENCY_PROVES,LOW,8,,memory,X=unknown,LBA65,mainline/unknown,0xB494,,indexed_unresolved,low_unresolved
0xBAF5,BMHM_$31_main_window_ORG_0x9C96,source_listing_no_bytes,"LDAA $000E,X",R,"$000E,X",UNKNOWN_HW,OTHER,NO_UNLESS_DEPENDENCY_PROVES,LOW,8,,memory,X=unknown,LBA65,mainline/unknown,0xB494,,indexed_unresolved,low_unresolved
0xBB09,BMHM_$31_main_window_ORG_0x9C96,source_listing_no_bytes,"CMPA $0008,X",R,"$0008,X",UNKNOWN_HW,OTHER,NO_UNLESS_DEPENDENCY_PROVES,LOW,8,,CMPA,X=unknown,LBA65,mainline/unknown,0xB494,,indexed_unresolved,low_unresolved
0xBB1E,BMHM_$31_main_window_ORG_0x9C96,source_listing_no_bytes,"LDAA $0B,X",R,"$0B,X",UNKNOWN_HW,OTHER,NO_UNLESS_DEPENDENCY_PROVES,LOW,8,,memory,X=unknown,LBA65,mainline/unknown,0xB494,,indexed_unresolved,low_unresolved
0xBB24,BMHM_$31_main_window_ORG_0x9C96,source_listing_no_bytes,"CMPA 0,X",R,"0,X",UNKNOWN_HW,OTHER,NO_UNLESS_DEPENDENCY_PROVES,LOW,8,,CMPA,X=unknown,LBA65,mainline/unknown,0xB494,,indexed_unresolved,low_unresolved
0xBB2B,BMHM_$31_main_window_ORG_0x9C96,source_listing_no_bytes,"LDAA $0003,X",R,"$0003,X",UNKNOWN_HW,OTHER,NO_UNLESS_DEPENDENCY_PROVES,LOW,8,,memory,X=unknown,LBA65,mainline/unknown,0xB494,,indexed_unresolved,low_unresolved
0xBB3A,BMHM_$31_main_window_ORG_0x9C96,source_listing_no_bytes,"LDX 0,X",R,"0,X",UNKNOWN_HW,OTHER,NO_UNLESS_DEPENDENCY_PROVES,LOW,16,,memory,X=unknown,LBA65,mainline/unknown,0xB494,,indexed_unresolved,low_unresolved
0xBB4B,BMHM_$31_main_window_ORG_0x9C96,source_listing_no_bytes,"LDAA 0,X",R,"0,X",UNKNOWN_HW,OTHER,NO_UNLESS_DEPENDENCY_PROVES,LOW,8,,memory,X=unknown,LBA65,mainline/unknown,0xB494,,indexed_unresolved,low_unresolved
0xBB93,BMHM_$31_main_window_ORG_0x9C96,source_listing_no_bytes,"LDAA 0,X",R,"0,X",UNKNOWN_HW,OTHER,NO_UNLESS_DEPENDENCY_PROVES,LOW,8,,memory,X=unknown,LBB76,mainline/unknown,0xBC37,,indexed_unresolved,low_unresolved
0xBBA5,BMHM_$31_main_window_ORG_0x9C96,source_listing_no_bytes,"LDAB 0,X",R,"0,X",UNKNOWN_HW,OTHER,NO_UNLESS_DEPENDENCY_PROVES,LOW,8,,memory,X=unknown,LBB76,mainline/unknown,0xBC37,,indexed_unresolved,low_unresolved
0xBBEB,BMHM_$31_main_window_ORG_0x9C96,source_listing_no_bytes,"LDAB 0,X",R,"0,X",UNKNOWN_HW,OTHER,NO_UNLESS_DEPENDENCY_PROVES,LOW,8,,memory,X=unknown,LBB76,mainline/unknown,0xBC37,,indexed_unresolved,low_unresolved
0xBC21,BMHM_$31_main_window_ORG_0x9C96,source_listing_no_bytes,"ADDB 0,X",R,"0,X",UNKNOWN_HW,OTHER,NO_UNLESS_DEPENDENCY_PROVES,LOW,8,,ADDB,X=unknown,LBB76,mainline/unknown,0xBC37,,indexed_unresolved,low_unresolved
0xBC2B,BMHM_$31_main_window_ORG_0x9C96,source_listing_no_bytes,"STAA 0,X",W,"0,X",UNKNOWN_HW,OTHER,NO_UNLESS_DEPENDENCY_PROVES,LOW,8,,A,X=unknown,LBB76,mainline/unknown,0xBC37,,indexed_unresolved,low_unresolved
0xBC3B,BMHM_$31_main_window_ORG_0x9C96,source_listing_no_bytes,"ROL $E3,X",RMW,"$E3,X",UNKNOWN_HW,OTHER,NO_UNLESS_DEPENDENCY_PROVES,LOW,8,,ROL,X=unknown,LBC3A,mainline/unknown,0xBB5F;0xBB8D,,indexed_unresolved,low_unresolved
0xBC3D,BMHM_$31_main_window_ORG_0x9C96,source_listing_no_bytes,"ROL $F4,X",RMW,"$F4,X",UNKNOWN_HW,OTHER,NO_UNLESS_DEPENDENCY_PROVES,LOW,8,,ROL,X=unknown,LBC3A,mainline/unknown,0xBB5F;0xBB8D,,indexed_unresolved,low_unresolved
0xBC3F,BMHM_$31_main_window_ORG_0x9C96,source_listing_no_bytes,"DEC $05,X",RMW,"$05,X",UNKNOWN_HW,OTHER,NO_UNLESS_DEPENDENCY_PROVES,LOW,8,,DEC,X=unknown,LBC3A,mainline/unknown,0xBB5F;0xBB8D,,indexed_unresolved,low_unresolved
0xBC41,BMHM_$31_main_window_ORG_0x9C96,source_listing_no_bytes,"ASL $D3,X",RMW,"$D3,X",UNKNOWN_HW,OTHER,NO_UNLESS_DEPENDENCY_PROVES,LOW,8,,ASL,X=unknown,LBC3A,mainline/unknown,0xBB5F;0xBB8D,,indexed_unresolved,low_unresolved
0xBC43,BMHM_$31_main_window_ORG_0x9C96,source_listing_no_bytes,"ASL $E4,X",RMW,"$E4,X",UNKNOWN_HW,OTHER,NO_UNLESS_DEPENDENCY_PROVES,LOW,8,,ASL,X=unknown,LBC3A,mainline/unknown,0xBB5F;0xBB8D,,indexed_unresolved,low_unresolved
0xBC45,BMHM_$31_main_window_ORG_0x9C96,source_listing_no_bytes,"ASL $F5,X",RMW,"$F5,X",UNKNOWN_HW,OTHER,NO_UNLESS_DEPENDENCY_PROVES,LOW,8,,ASL,X=unknown,LBC3A,mainline/unknown,0xBB5F;0xBB8D,,indexed_unresolved,low_unresolved
0xBC47,BMHM_$31_main_window_ORG_0x9C96,source_listing_no_bytes,"ROL 6,X",RMW,"6,X",UNKNOWN_HW,OTHER,NO_UNLESS_DEPENDENCY_PROVES,LOW,8,,ROL,X=unknown,LBC3A,mainline/unknown,0xBB5F;0xBB8D,,indexed_unresolved,low_unresolved
0xBC49,BMHM_$31_main_window_ORG_0x9C96,source_listing_no_bytes,"ROL $17,X",RMW,"$17,X",UNKNOWN_HW,OTHER,NO_UNLESS_DEPENDENCY_PROVES,LOW,8,,ROL,X=unknown,LBC3A,mainline/unknown,0xBB5F;0xBB8D,,indexed_unresolved,low_unresolved
0xBC4B,BMHM_$31_main_window_ORG_0x9C96,source_listing_no_bytes,"ROL $28,X",RMW,"$28,X",UNKNOWN_HW,OTHER,NO_UNLESS_DEPENDENCY_PROVES,LOW,8,,ROL,X=unknown,LBC3A,mainline/unknown,0xBB5F;0xBB8D,,indexed_unresolved,low_unresolved
0xBC4D,BMHM_$31_main_window_ORG_0x9C96,source_listing_no_bytes,"ROL $39,X",RMW,"$39,X",UNKNOWN_HW,OTHER,NO_UNLESS_DEPENDENCY_PROVES,LOW,8,,ROL,X=unknown,LBC3A,mainline/unknown,0xBB5F;0xBB8D,,indexed_unresolved,low_unresolved
0xBC4F,BMHM_$31_main_window_ORG_0x9C96,source_listing_no_bytes,"ROL $4A,X",RMW,"$4A,X",UNKNOWN_HW,OTHER,NO_UNLESS_DEPENDENCY_PROVES,LOW,8,,ROL,X=unknown,LBC3A,mainline/unknown,0xBB5F;0xBB8D,,indexed_unresolved,low_unresolved
0xBC51,BMHM_$31_main_window_ORG_0x9C96,source_listing_no_bytes,"ROL $5B,X",RMW,"$5B,X",UNKNOWN_HW,OTHER,NO_UNLESS_DEPENDENCY_PROVES,LOW,8,,ROL,X=unknown,LBC3A,mainline/unknown,0xBB5F;0xBB8D,,indexed_unresolved,low_unresolved
0xBC53,BMHM_$31_main_window_ORG_0x9C96,source_listing_no_bytes,"ROL $6C,X",RMW,"$6C,X",UNKNOWN_HW,OTHER,NO_UNLESS_DEPENDENCY_PROVES,LOW,8,,ROL,X=unknown,LBC3A,mainline/unknown,0xBB5F;0xBB8D,,indexed_unresolved,low_unresolved
0xBC55,BMHM_$31_main_window_ORG_0x9C96,source_listing_no_bytes,"ROL $7D,X",RMW,"$7D,X",UNKNOWN_HW,OTHER,NO_UNLESS_DEPENDENCY_PROVES,LOW,8,,ROL,X=unknown,LBC3A,mainline/unknown,0xBB5F;0xBB8D,,indexed_unresolved,low_unresolved
0xBC57,BMHM_$31_main_window_ORG_0x9C96,source_listing_no_bytes,"ROL $8E,X",RMW,"$8E,X",UNKNOWN_HW,OTHER,NO_UNLESS_DEPENDENCY_PROVES,LOW,8,,ROL,X=unknown,LBC3A,mainline/unknown,0xBB5F;0xBB8D,,indexed_unresolved,low_unresolved
0xBC59,BMHM_$31_main_window_ORG_0x9C96,source_listing_no_bytes,"ROL $B0,X",RMW,"$B0,X",UNKNOWN_HW,OTHER,NO_UNLESS_DEPENDENCY_PROVES,LOW,8,,ROL,X=unknown,LBC3A,mainline/unknown,0xBB5F;0xBB8D,,indexed_unresolved,low_unresolved
0xBC5B,BMHM_$31_main_window_ORG_0x9C96,source_listing_no_bytes,"ROL $C1,X",RMW,"$C1,X",UNKNOWN_HW,OTHER,NO_UNLESS_DEPENDENCY_PROVES,LOW,8,,ROL,X=unknown,LBC3A,mainline/unknown,0xBB5F;0xBB8D,,indexed_unresolved,low_unresolved
0xBC5D,BMHM_$31_main_window_ORG_0x9C96,source_listing_no_bytes,"ROL $D2,X",RMW,"$D2,X",UNKNOWN_HW,OTHER,NO_UNLESS_DEPENDENCY_PROVES,LOW,8,,ROL,X=unknown,LBC3A,mainline/unknown,0xBB5F;0xBB8D,,indexed_unresolved,low_unresolved
0xBC5F,BMHM_$31_main_window_ORG_0x9C96,source_listing_no_bytes,"ROL $E3,X",RMW,"$E3,X",UNKNOWN_HW,OTHER,NO_UNLESS_DEPENDENCY_PROVES,LOW,8,,ROL,X=unknown,LBC3A,mainline/unknown,0xBB5F;0xBB8D,,indexed_unresolved,low_unresolved
0xBC61,BMHM_$31_main_window_ORG_0x9C96,source_listing_no_bytes,"ROL $F4,X",RMW,"$F4,X",UNKNOWN_HW,OTHER,NO_UNLESS_DEPENDENCY_PROVES,LOW,8,,ROL,X=unknown,LBC3A,mainline/unknown,0xBB5F;0xBB8D,,indexed_unresolved,low_unresolved
0xBC63,BMHM_$31_main_window_ORG_0x9C96,source_listing_no_bytes,"DEC $05,X",RMW,"$05,X",UNKNOWN_HW,OTHER,NO_UNLESS_DEPENDENCY_PROVES,LOW,8,,DEC,X=unknown,LBC3A,mainline/unknown,0xBB5F;0xBB8D,,indexed_unresolved,low_unresolved
0xBC6B,BMHM_$31_main_window_ORG_0x9C96,source_listing_no_bytes,"DEC $004E,X",RMW,"$004E,X",UNKNOWN_HW,OTHER,NO_UNLESS_DEPENDENCY_PROVES,LOW,8,,DEC,X=unknown,LBC3A,mainline/unknown,0xBB5F;0xBB8D,,indexed_unresolved,low_unresolved
0xBC6D,BMHM_$31_main_window_ORG_0x9C96,source_listing_no_bytes,"DEC $005F,X",RMW,"$005F,X",UNKNOWN_HW,OTHER,NO_UNLESS_DEPENDENCY_PROVES,LOW,8,,DEC,X=unknown,LBC3A,mainline/unknown,0xBB5F;0xBB8D,,indexed_unresolved,low_unresolved
0xBC6F,BMHM_$31_main_window_ORG_0x9C96,source_listing_no_bytes,"DEC $0070,X",RMW,"$0070,X",UNKNOWN_HW,OTHER,NO_UNLESS_DEPENDENCY_PROVES,LOW,8,,DEC,X=unknown,LBC3A,mainline/unknown,0xBB5F;0xBB8D,,indexed_unresolved,low_unresolved
0xBC71,BMHM_$31_main_window_ORG_0x9C96,source_listing_no_bytes,"DEC $001B,X",RMW,"$001B,X",UNKNOWN_HW,OTHER,NO_UNLESS_DEPENDENCY_PROVES,LOW,8,,DEC,X=unknown,LBC3A,mainline/unknown,0xBB5F;0xBB8D,,indexed_unresolved,low_unresolved
0xBC73,BMHM_$31_main_window_ORG_0x9C96,source_listing_no_bytes,"DEC $2C,X",RMW,"$2C,X",UNKNOWN_HW,OTHER,NO_UNLESS_DEPENDENCY_PROVES,LOW,8,,DEC,X=unknown,LBC3A,mainline/unknown,0xBB5F;0xBB8D,,indexed_unresolved,low_unresolved
0xBC75,BMHM_$31_main_window_ORG_0x9C96,source_listing_no_bytes,"DEC $3D,X",RMW,"$3D,X",UNKNOWN_HW,OTHER,NO_UNLESS_DEPENDENCY_PROVES,LOW,8,,DEC,X=unknown,LBC3A,mainline/unknown,0xBB5F;0xBB8D,,indexed_unresolved,low_unresolved
0xBD05,BMHM_$31_main_window_ORG_0x9C96,source_listing_no_bytes,"CMPA 0,X",R,"0,X",UNKNOWN_HW,OTHER,NO_UNLESS_DEPENDENCY_PROVES,LOW,8,,CMPA,X=unknown,LBCC6,mainline/unknown,0xB681,,indexed_unresolved,low_unresolved
0xBD12,BMHM_$31_main_window_ORG_0x9C96,source_listing_no_bytes,"LDX 0,X",R,"0,X",UNKNOWN_HW,OTHER,NO_UNLESS_DEPENDENCY_PROVES,LOW,16,,memory,X=unknown,LBCC6,mainline/unknown,0xB681,,indexed_unresolved,low_unresolved
0xBD2B,BMHM_$31_main_window_ORG_0x9C96,source_listing_no_bytes,"LDX 0,X",R,"0,X",UNKNOWN_HW,OTHER,NO_UNLESS_DEPENDENCY_PROVES,LOW,16,,memory,X=unknown,LBCC6,mainline/unknown,0xB681,,indexed_unresolved,low_unresolved
0xBD43,BMHM_$31_main_window_ORG_0x9C96,source_listing_no_bytes,"LDX 0,X",R,"0,X",UNKNOWN_HW,OTHER,NO_UNLESS_DEPENDENCY_PROVES,LOW,16,,memory,X=unknown,LBCC6,mainline/unknown,0xB681,,indexed_unresolved,low_unresolved
0xBD58,BMHM_$31_main_window_ORG_0x9C96,source_listing_no_bytes,"LDX 0,X",R,"0,X",UNKNOWN_HW,OTHER,NO_UNLESS_DEPENDENCY_PROVES,LOW,16,,memory,X=unknown,LBCC6,mainline/unknown,0xB681,,indexed_unresolved,low_unresolved
0xBD65,BMHM_$31_main_window_ORG_0x9C96,source_listing_no_bytes,"LDX 0,X",R,"0,X",UNKNOWN_HW,OTHER,NO_UNLESS_DEPENDENCY_PROVES,LOW,16,,memory,X=unknown,LBCC6,mainline/unknown,0xB681,,indexed_unresolved,low_unresolved
0xBDAE,BMHM_$31_main_window_ORG_0x9C96,source_listing_no_bytes,"LDX 0,X",R,"0,X",UNKNOWN_HW,OTHER,NO_UNLESS_DEPENDENCY_PROVES,LOW,16,,memory,X=unknown,LBCC6,mainline/unknown,0xB681,,indexed_unresolved,low_unresolved
0xBDC4,BMHM_$31_main_window_ORG_0x9C96,source_listing_no_bytes,"LDX 0,X",R,"0,X",UNKNOWN_HW,OTHER,NO_UNLESS_DEPENDENCY_PROVES,LOW,16,,memory,X=unknown,LBCC6,mainline/unknown,0xB681,,indexed_unresolved,low_unresolved
0xBDE8,BMHM_$31_main_window_ORG_0x9C96,source_listing_no_bytes,"LDX 0,X",R,"0,X",UNKNOWN_HW,OTHER,NO_UNLESS_DEPENDENCY_PROVES,LOW,16,,memory,X=unknown,LBCC6,mainline/unknown,0xB681,,indexed_unresolved,low_unresolved
0xBDFB,BMHM_$31_main_window_ORG_0x9C96,source_listing_no_bytes,"LDX 0,X",R,"0,X",UNKNOWN_HW,OTHER,NO_UNLESS_DEPENDENCY_PROVES,LOW,16,,memory,X=unknown,LBDFA,mainline/unknown,0xBD51;0xBD77,,indexed_unresolved,low_unresolved
0xBE37,BMHM_$31_main_window_ORG_0x9C96,source_listing_no_bytes,"ASR $0098,X",RMW,"$0098,X",UNKNOWN_HW,OTHER,NO_UNLESS_DEPENDENCY_PROVES,LOW,8,,ASR,X=unknown,LBE33,mainline/unknown,0xBCD3;0xBCF0;0xBD1B;0xBD8E,,indexed_unresolved,low_unresolved
0xBE39,BMHM_$31_main_window_ORG_0x9C96,source_listing_no_bytes,"ASR $00A9,X",RMW,"$00A9,X",UNKNOWN_HW,OTHER,NO_UNLESS_DEPENDENCY_PROVES,LOW,8,,ASR,X=unknown,LBE33,mainline/unknown,0xBCD3;0xBCF0;0xBD1B;0xBD8E,,indexed_unresolved,low_unresolved
0xBE3B,BMHM_$31_main_window_ORG_0x9C96,source_listing_no_bytes,"ASR $00BA,X",RMW,"$00BA,X",UNKNOWN_HW,OTHER,NO_UNLESS_DEPENDENCY_PROVES,LOW,8,,ASR,X=unknown,LBE33,mainline/unknown,0xBCD3;0xBCF0;0xBD1B;0xBD8E,,indexed_unresolved,low_unresolved
0xBE3D,BMHM_$31_main_window_ORG_0x9C96,source_listing_no_bytes,"ASR $00CB,X",RMW,"$00CB,X",UNKNOWN_HW,OTHER,NO_UNLESS_DEPENDENCY_PROVES,LOW,8,,ASR,X=unknown,LBE33,mainline/unknown,0xBCD3;0xBCF0;0xBD1B;0xBD8E,,indexed_unresolved,low_unresolved
0xBE3F,BMHM_$31_main_window_ORG_0x9C96,source_listing_no_bytes,"ASR $00DC,X",RMW,"$00DC,X",UNKNOWN_HW,OTHER,NO_UNLESS_DEPENDENCY_PROVES,LOW,8,,ASR,X=unknown,LBE33,mainline/unknown,0xBCD3;0xBCF0;0xBD1B;0xBD8E,,indexed_unresolved,low_unresolved
0xBE41,BMHM_$31_main_window_ORG_0x9C96,source_listing_no_bytes,"ASR $00ED,X",RMW,"$00ED,X",UNKNOWN_HW,OTHER,NO_UNLESS_DEPENDENCY_PROVES,LOW,8,,ASR,X=unknown,LBE33,mainline/unknown,0xBCD3;0xBCF0;0xBD1B;0xBD8E,,indexed_unresolved,low_unresolved
0xBE43,BMHM_$31_main_window_ORG_0x9C96,source_listing_no_bytes,"ASR $00FE,X",RMW,"$00FE,X",UNKNOWN_HW,OTHER,NO_UNLESS_DEPENDENCY_PROVES,LOW,8,,ASR,X=unknown,LBE33,mainline/unknown,0xBCD3;0xBCF0;0xBD1B;0xBD8E,,indexed_unresolved,low_unresolved
0xBE45,BMHM_$31_main_window_ORG_0x9C96,source_listing_no_bytes,"ASL $000F,X",RMW,"$000F,X",UNKNOWN_HW,OTHER,NO_UNLESS_DEPENDENCY_PROVES,LOW,8,,ASL,X=unknown,LBE33,mainline/unknown,0xBCD3;0xBCF0;0xBD1B;0xBD8E,,indexed_unresolved,low_unresolved
0xBE47,BMHM_$31_main_window_ORG_0x9C96,source_listing_no_bytes,"ASL $0020,X",RMW,"$0020,X",UNKNOWN_HW,OTHER,NO_UNLESS_DEPENDENCY_PROVES,LOW,8,,ASL,X=unknown,LBE33,mainline/unknown,0xBCD3;0xBCF0;0xBD1B;0xBD8E,,indexed_unresolved,low_unresolved
0xBE49,BMHM_$31_main_window_ORG_0x9C96,source_listing_no_bytes,"ASL $0031,X",RMW,"$0031,X",UNKNOWN_HW,OTHER,NO_UNLESS_DEPENDENCY_PROVES,LOW,8,,ASL,X=unknown,LBE33,mainline/unknown,0xBCD3;0xBCF0;0xBD1B;0xBD8E,,indexed_unresolved,low_unresolved
0xBE4B,BMHM_$31_main_window_ORG_0x9C96,source_listing_no_bytes,"ASL $0042,X",RMW,"$0042,X",UNKNOWN_HW,OTHER,NO_UNLESS_DEPENDENCY_PROVES,LOW,8,,ASL,X=unknown,LBE33,mainline/unknown,0xBCD3;0xBCF0;0xBD1B;0xBD8E,,indexed_unresolved,low_unresolved
0xBE4D,BMHM_$31_main_window_ORG_0x9C96,source_listing_no_bytes,"ASL $0053,X",RMW,"$0053,X",UNKNOWN_HW,OTHER,NO_UNLESS_DEPENDENCY_PROVES,LOW,8,,ASL,X=unknown,LBE33,mainline/unknown,0xBCD3;0xBCF0;0xBD1B;0xBD8E,,indexed_unresolved,low_unresolved
0xBE4F,BMHM_$31_main_window_ORG_0x9C96,source_listing_no_bytes,"ASR $0054,X",RMW,"$0054,X",UNKNOWN_HW,OTHER,NO_UNLESS_DEPENDENCY_PROVES,LOW,8,,ASR,X=unknown,LBE33,mainline/unknown,0xBCD3;0xBCF0;0xBD1B;0xBD8E,,indexed_unresolved,low_unresolved
0xBE51,BMHM_$31_main_window_ORG_0x9C96,source_listing_no_bytes,"ASR $0065,X",RMW,"$0065,X",UNKNOWN_HW,OTHER,NO_UNLESS_DEPENDENCY_PROVES,LOW,8,,ASR,X=unknown,LBE33,mainline/unknown,0xBCD3;0xBCF0;0xBD1B;0xBD8E,,indexed_unresolved,low_unresolved
0xBE53,BMHM_$31_main_window_ORG_0x9C96,source_listing_no_bytes,"ASR $0076,X",RMW,"$0076,X",UNKNOWN_HW,OTHER,NO_UNLESS_DEPENDENCY_PROVES,LOW,8,,ASR,X=unknown,LBE33,mainline/unknown,0xBCD3;0xBCF0;0xBD1B;0xBD8E,,indexed_unresolved,low_unresolved
0xBE55,BMHM_$31_main_window_ORG_0x9C96,source_listing_no_bytes,"ASL $0075,X",RMW,"$0075,X",UNKNOWN_HW,OTHER,NO_UNLESS_DEPENDENCY_PROVES,LOW,8,,ASL,X=unknown,LBE33,mainline/unknown,0xBCD3;0xBCF0;0xBD1B;0xBD8E,,indexed_unresolved,low_unresolved
0xBE57,BMHM_$31_main_window_ORG_0x9C96,source_listing_no_bytes,"ASL $0086,X",RMW,"$0086,X",UNKNOWN_HW,OTHER,NO_UNLESS_DEPENDENCY_PROVES,LOW,8,,ASL,X=unknown,LBE33,mainline/unknown,0xBCD3;0xBCF0;0xBD1B;0xBD8E,,indexed_unresolved,low_unresolved
0xBE59,BMHM_$31_main_window_ORG_0x9C96,source_listing_no_bytes,"ASL $0097,X",RMW,"$0097,X",UNKNOWN_HW,OTHER,NO_UNLESS_DEPENDENCY_PROVES,LOW,8,,ASL,X=unknown,LBE33,mainline/unknown,0xBCD3;0xBCF0;0xBD1B;0xBD8E,,indexed_unresolved,low_unresolved
0xBFED,BMHM_$31_main_window_ORG_0x9C96,source_listing_no_bytes,"LDAA 0,X",R,"0,X",UNKNOWN_HW,OTHER,NO_UNLESS_DEPENDENCY_PROVES,LOW,8,,memory,X=unknown,LBF62,mainline/unknown,0xB57D,,indexed_unresolved,low_unresolved
0xC005,BMHM_$31_main_window_ORG_0x9C96,source_listing_no_bytes,"LDAA 0,X",R,"0,X",UNKNOWN_HW,OTHER,NO_UNLESS_DEPENDENCY_PROVES,LOW,8,,memory,X=unknown,LBF62,mainline/unknown,0xB57D,,indexed_unresolved,low_unresolved
0xC28A,BMHM_$31_main_window_ORG_0x9C96,source_listing_no_bytes,"LDAB 0,X",R,"0,X",UNKNOWN_HW,OTHER,NO_UNLESS_DEPENDENCY_PROVES,LOW,8,,memory,X=unknown,LC271,mainline/unknown,0xC080;0xC0EF;0xC11E;0xC1B2,,indexed_unresolved,low_unresolved
0xC2A4,BMHM_$31_main_window_ORG_0x9C96,source_listing_no_bytes,"ADDA 0,X",R,"0,X",UNKNOWN_HW,OTHER,NO_UNLESS_DEPENDENCY_PROVES,LOW,8,,ADDA,X=unknown,LC271,mainline/unknown,0xC080;0xC0EF;0xC11E;0xC1B2,,indexed_unresolved,low_unresolved
0xC2DA,BMHM_$31_main_window_ORG_0x9C96,source_listing_no_bytes,"INC $003D,X",RMW,"$003D,X",UNKNOWN_HW,OTHER,NO_UNLESS_DEPENDENCY_PROVES,LOW,8,,INC,X=unknown,LC2D5,mainline/unknown,0xC01A,,indexed_unresolved,low_unresolved
0xC2DC,BMHM_$31_main_window_ORG_0x9C96,source_listing_no_bytes,"INC $004E,X",RMW,"$004E,X",UNKNOWN_HW,OTHER,NO_UNLESS_DEPENDENCY_PROVES,LOW,8,,INC,X=unknown,LC2D5,mainline/unknown,0xC01A,,indexed_unresolved,low_unresolved
0xC2DE,BMHM_$31_main_window_ORG_0x9C96,source_listing_no_bytes,"INC $005F,X",RMW,"$005F,X",UNKNOWN_HW,OTHER,NO_UNLESS_DEPENDENCY_PROVES,LOW,8,,INC,X=unknown,LC2D5,mainline/unknown,0xC01A,,indexed_unresolved,low_unresolved
0xC2E4,BMHM_$31_main_window_ORG_0x9C96,source_listing_no_bytes,"INC $001B,X",RMW,"$001B,X",UNKNOWN_HW,OTHER,NO_UNLESS_DEPENDENCY_PROVES,LOW,8,,INC,X=unknown,LC2D5,mainline/unknown,0xC01A,,indexed_unresolved,low_unresolved
0xC2E6,BMHM_$31_main_window_ORG_0x9C96,source_listing_no_bytes,"INC $002C,X",RMW,"$002C,X",UNKNOWN_HW,OTHER,NO_UNLESS_DEPENDENCY_PROVES,LOW,8,,INC,X=unknown,LC2D5,mainline/unknown,0xC01A,,indexed_unresolved,low_unresolved
0xC2F7,BMHM_$31_main_window_ORG_0x9C96,source_listing_no_bytes,"EORB $0008,X",R,"$0008,X",UNKNOWN_HW,OTHER,NO_UNLESS_DEPENDENCY_PROVES,LOW,8,,EORB,X=unknown,LC2D5,mainline/unknown,0xC01A,,indexed_unresolved,low_unresolved
0xC2FC,BMHM_$31_main_window_ORG_0x9C96,source_listing_no_bytes,"DEC $00F4,X",RMW,"$00F4,X",UNKNOWN_HW,OTHER,NO_UNLESS_DEPENDENCY_PROVES,LOW,8,,DEC,X=unknown,LC2D5,mainline/unknown,0xC01A,,indexed_unresolved,low_unresolved
0xC2FE,BMHM_$31_main_window_ORG_0x9C96,source_listing_no_bytes,"DEC $00F5,X",RMW,"$00F5,X",UNKNOWN_HW,OTHER,NO_UNLESS_DEPENDENCY_PROVES,LOW,8,,DEC,X=unknown,LC2D5,mainline/unknown,0xC01A,,indexed_unresolved,low_unresolved
0xC300,BMHM_$31_main_window_ORG_0x9C96,source_listing_no_bytes,"DEC $00F6,X",RMW,"$00F6,X",UNKNOWN_HW,OTHER,NO_UNLESS_DEPENDENCY_PROVES,LOW,8,,DEC,X=unknown,LC2D5,mainline/unknown,0xC01A,,indexed_unresolved,low_unresolved
0xC314,BMHM_$31_main_window_ORG_0x9C96,source_listing_no_bytes,"DEC $00EE,X",RMW,"$00EE,X",UNKNOWN_HW,OTHER,NO_UNLESS_DEPENDENCY_PROVES,LOW,8,,DEC,X=unknown,LC2D5,mainline/unknown,0xC01A,,indexed_unresolved,low_unresolved
0xC316,BMHM_$31_main_window_ORG_0x9C96,source_listing_no_bytes,"DEC $00EF,X",RMW,"$00EF,X",UNKNOWN_HW,OTHER,NO_UNLESS_DEPENDENCY_PROVES,LOW,8,,DEC,X=unknown,LC2D5,mainline/unknown,0xC01A,,indexed_unresolved,low_unresolved
0xC318,BMHM_$31_main_window_ORG_0x9C96,source_listing_no_bytes,"DEC $00F0,X",RMW,"$00F0,X",UNKNOWN_HW,OTHER,NO_UNLESS_DEPENDENCY_PROVES,LOW,8,,DEC,X=unknown,LC2D5,mainline/unknown,0xC01A,,indexed_unresolved,low_unresolved
0xC329,BMHM_$31_main_window_ORG_0x9C96,source_listing_no_bytes,"ANDA $006B,X",R,"$006B,X",UNKNOWN_HW,OTHER,NO_UNLESS_DEPENDENCY_PROVES,LOW,8,,ANDA,X=unknown,LC2D5,mainline/unknown,0xC01A,,indexed_unresolved,low_unresolved
0xC336,BMHM_$31_main_window_ORG_0x9C96,source_listing_no_bytes,"DEC $00FA,X",RMW,"$00FA,X",UNKNOWN_HW,OTHER,NO_UNLESS_DEPENDENCY_PROVES,LOW,8,,DEC,X=unknown,LC2D5,mainline/unknown,0xC01A,,indexed_unresolved,low_unresolved
0xC33B,BMHM_$31_main_window_ORG_0x9C96,source_listing_no_bytes,"BSET $0008,X,#$08",RMW,"$0008,X,#$08",UNKNOWN_HW,OTHER,NO_UNLESS_DEPENDENCY_PROVES,LOW,bit,0x08,set 0x08,X=unknown,LC2D5,mainline/unknown,0xC01A,,indexed_unresolved,low_unresolved
0xC340,BMHM_$31_main_window_ORG_0x9C96,source_listing_no_bytes,"DEC $00F7,X",RMW,"$00F7,X",UNKNOWN_HW,OTHER,NO_UNLESS_DEPENDENCY_PROVES,LOW,8,,DEC,X=unknown,LC2D5,mainline/unknown,0xC01A,,indexed_unresolved,low_unresolved
0xC342,BMHM_$31_main_window_ORG_0x9C96,source_listing_no_bytes,"DEC $00F8,X",RMW,"$00F8,X",UNKNOWN_HW,OTHER,NO_UNLESS_DEPENDENCY_PROVES,LOW,8,,DEC,X=unknown,LC2D5,mainline/unknown,0xC01A,,indexed_unresolved,low_unresolved
0xC344,BMHM_$31_main_window_ORG_0x9C96,source_listing_no_bytes,"DEC $00F9,X",RMW,"$00F9,X",UNKNOWN_HW,OTHER,NO_UNLESS_DEPENDENCY_PROVES,LOW,8,,DEC,X=unknown,LC2D5,mainline/unknown,0xC01A,,indexed_unresolved,low_unresolved
0xC358,BMHM_$31_main_window_ORG_0x9C96,source_listing_no_bytes,"DEC $00F1,X",RMW,"$00F1,X",UNKNOWN_HW,OTHER,NO_UNLESS_DEPENDENCY_PROVES,LOW,8,,DEC,X=unknown,LC2D5,mainline/unknown,0xC01A,,indexed_unresolved,low_unresolved
0xC35A,BMHM_$31_main_window_ORG_0x9C96,source_listing_no_bytes,"DEC $00F2,X",RMW,"$00F2,X",UNKNOWN_HW,OTHER,NO_UNLESS_DEPENDENCY_PROVES,LOW,8,,DEC,X=unknown,LC2D5,mainline/unknown,0xC01A,,indexed_unresolved,low_unresolved
0xC35C,BMHM_$31_main_window_ORG_0x9C96,source_listing_no_bytes,"DEC $00F3,X",RMW,"$00F3,X",UNKNOWN_HW,OTHER,NO_UNLESS_DEPENDENCY_PROVES,LOW,8,,DEC,X=unknown,LC2D5,mainline/unknown,0xC01A,,indexed_unresolved,low_unresolved
0xC364,BMHM_$31_main_window_ORG_0x9C96,source_listing_no_bytes,"TST $00B3,X",R,"$00B3,X",UNKNOWN_HW,OTHER,NO_UNLESS_DEPENDENCY_PROVES,LOW,8,,TST,X=unknown,LC2D5,mainline/unknown,0xC01A,,indexed_unresolved,low_unresolved
0xC366,BMHM_$31_main_window_ORG_0x9C96,source_listing_no_bytes,"TST $00C4,X",R,"$00C4,X",UNKNOWN_HW,OTHER,NO_UNLESS_DEPENDENCY_PROVES,LOW,8,,TST,X=unknown,LC2D5,mainline/unknown,0xC01A,,indexed_unresolved,low_unresolved
0xC36C,BMHM_$31_main_window_ORG_0x9C96,source_listing_no_bytes,"TST $00B3,X",R,"$00B3,X",UNKNOWN_HW,OTHER,NO_UNLESS_DEPENDENCY_PROVES,LOW,8,,TST,X=unknown,LC2D5,mainline/unknown,0xC01A,,indexed_unresolved,low_unresolved
0xC36E,BMHM_$31_main_window_ORG_0x9C96,source_listing_no_bytes,"TST $00C4,X",R,"$00C4,X",UNKNOWN_HW,OTHER,NO_UNLESS_DEPENDENCY_PROVES,LOW,8,,TST,X=unknown,LC2D5,mainline/unknown,0xC01A,,indexed_unresolved,low_unresolved
0xC374,BMHM_$31_main_window_ORG_0x9C96,source_listing_no_bytes,"TST $00B3,X",R,"$00B3,X",UNKNOWN_HW,OTHER,NO_UNLESS_DEPENDENCY_PROVES,LOW,8,,TST,X=unknown,LC2D5,mainline/unknown,0xC01A,,indexed_unresolved,low_unresolved
0xC376,BMHM_$31_main_window_ORG_0x9C96,source_listing_no_bytes,"TST $00C4,X",R,"$00C4,X",UNKNOWN_HW,OTHER,NO_UNLESS_DEPENDENCY_PROVES,LOW,8,,TST,X=unknown,LC2D5,mainline/unknown,0xC01A,,indexed_unresolved,low_unresolved
0xC37C,BMHM_$31_main_window_ORG_0x9C96,source_listing_no_bytes,"TST $00B3,X",R,"$00B3,X",UNKNOWN_HW,OTHER,NO_UNLESS_DEPENDENCY_PROVES,LOW,8,,TST,X=unknown,LC2D5,mainline/unknown,0xC01A,,indexed_unresolved,low_unresolved
0xC37E,BMHM_$31_main_window_ORG_0x9C96,source_listing_no_bytes,"TST $00C4,X",R,"$00C4,X",UNKNOWN_HW,OTHER,NO_UNLESS_DEPENDENCY_PROVES,LOW,8,,TST,X=unknown,LC2D5,mainline/unknown,0xC01A,,indexed_unresolved,low_unresolved
0xC386,BMHM_$31_main_window_ORG_0x9C96,source_listing_no_bytes,"INC $00C5,X",RMW,"$00C5,X",UNKNOWN_HW,OTHER,NO_UNLESS_DEPENDENCY_PROVES,LOW,8,,INC,X=unknown,LC2D5,mainline/unknown,0xC01A,,indexed_unresolved,low_unresolved
0xC388,BMHM_$31_main_window_ORG_0x9C96,source_listing_no_bytes,"INC $00D6,X",RMW,"$00D6,X",UNKNOWN_HW,OTHER,NO_UNLESS_DEPENDENCY_PROVES,LOW,8,,INC,X=unknown,LC2D5,mainline/unknown,0xC01A,,indexed_unresolved,low_unresolved
0xC38E,BMHM_$31_main_window_ORG_0x9C96,source_listing_no_bytes,"INC $00C5,X",RMW,"$00C5,X",UNKNOWN_HW,OTHER,NO_UNLESS_DEPENDENCY_PROVES,LOW,8,,INC,X=unknown,LC2D5,mainline/unknown,0xC01A,,indexed_unresolved,low_unresolved
0xC390,BMHM_$31_main_window_ORG_0x9C96,source_listing_no_bytes,"INC $00D6,X",RMW,"$00D6,X",UNKNOWN_HW,OTHER,NO_UNLESS_DEPENDENCY_PROVES,LOW,8,,INC,X=unknown,LC2D5,mainline/unknown,0xC01A,,indexed_unresolved,low_unresolved
0xC396,BMHM_$31_main_window_ORG_0x9C96,source_listing_no_bytes,"INC $00C5,X",RMW,"$00C5,X",UNKNOWN_HW,OTHER,NO_UNLESS_DEPENDENCY_PROVES,LOW,8,,INC,X=unknown,LC2D5,mainline/unknown,0xC01A,,indexed_unresolved,low_unresolved
0xC398,BMHM_$31_main_window_ORG_0x9C96,source_listing_no_bytes,"INC $00D6,X",RMW,"$00D6,X",UNKNOWN_HW,OTHER,NO_UNLESS_DEPENDENCY_PROVES,LOW,8,,INC,X=unknown,LC2D5,mainline/unknown,0xC01A,,indexed_unresolved,low_unresolved
0xC39E,BMHM_$31_main_window_ORG_0x9C96,source_listing_no_bytes,"INC $00C5,X",RMW,"$00C5,X",UNKNOWN_HW,OTHER,NO_UNLESS_DEPENDENCY_PROVES,LOW,8,,INC,X=unknown,LC2D5,mainline/unknown,0xC01A,,indexed_unresolved,low_unresolved
0xC3A0,BMHM_$31_main_window_ORG_0x9C96,source_listing_no_bytes,"INC $00D6,X",RMW,"$00D6,X",UNKNOWN_HW,OTHER,NO_UNLESS_DEPENDENCY_PROVES,LOW,8,,INC,X=unknown,LC2D5,mainline/unknown,0xC01A,,indexed_unresolved,low_unresolved
0xC3A8,BMHM_$31_main_window_ORG_0x9C96,source_listing_no_bytes,"JMP $0008,X",EXEC,"$0008,X",UNKNOWN_HW,OTHER,NO_UNLESS_DEPENDENCY_PROVES,LOW,,,control transfer,X=unknown,LC2D5,mainline/unknown,0xC01A,,indexed_unresolved,low_unresolved
0xC3AA,BMHM_$31_main_window_ORG_0x9C96,source_listing_no_bytes,"JMP $0019,X",EXEC,"$0019,X",UNKNOWN_HW,OTHER,NO_UNLESS_DEPENDENCY_PROVES,LOW,,,control transfer,X=unknown,LC2D5,mainline/unknown,0xC01A,,indexed_unresolved,low_unresolved
0xC3B0,BMHM_$31_main_window_ORG_0x9C96,source_listing_no_bytes,"JMP $0008,X",EXEC,"$0008,X",UNKNOWN_HW,OTHER,NO_UNLESS_DEPENDENCY_PROVES,LOW,,,control transfer,X=unknown,LC2D5,mainline/unknown,0xC01A,,indexed_unresolved,low_unresolved
0xC3B2,BMHM_$31_main_window_ORG_0x9C96,source_listing_no_bytes,"JMP $0019,X",EXEC,"$0019,X",UNKNOWN_HW,OTHER,NO_UNLESS_DEPENDENCY_PROVES,LOW,,,control transfer,X=unknown,LC2D5,mainline/unknown,0xC01A,,indexed_unresolved,low_unresolved
0xC3B8,BMHM_$31_main_window_ORG_0x9C96,source_listing_no_bytes,"JMP $0008,X",EXEC,"$0008,X",UNKNOWN_HW,OTHER,NO_UNLESS_DEPENDENCY_PROVES,LOW,,,control transfer,X=unknown,LC2D5,mainline/unknown,0xC01A,,indexed_unresolved,low_unresolved
0xC3BA,BMHM_$31_main_window_ORG_0x9C96,source_listing_no_bytes,"JMP $0019,X",EXEC,"$0019,X",UNKNOWN_HW,OTHER,NO_UNLESS_DEPENDENCY_PROVES,LOW,,,control transfer,X=unknown,LC2D5,mainline/unknown,0xC01A,,indexed_unresolved,low_unresolved
0xC3C0,BMHM_$31_main_window_ORG_0x9C96,source_listing_no_bytes,"JMP $0008,X",EXEC,"$0008,X",UNKNOWN_HW,OTHER,NO_UNLESS_DEPENDENCY_PROVES,LOW,,,control transfer,X=unknown,LC2D5,mainline/unknown,0xC01A,,indexed_unresolved,low_unresolved
0xC3C2,BMHM_$31_main_window_ORG_0x9C96,source_listing_no_bytes,"JMP $0019,X",EXEC,"$0019,X",UNKNOWN_HW,OTHER,NO_UNLESS_DEPENDENCY_PROVES,LOW,,,control transfer,X=unknown,LC2D5,mainline/unknown,0xC01A,,indexed_unresolved,low_unresolved
0xC3CA,BMHM_$31_main_window_ORG_0x9C96,source_listing_no_bytes,"TST $001A,X",R,"$001A,X",UNKNOWN_HW,OTHER,NO_UNLESS_DEPENDENCY_PROVES,LOW,8,,TST,X=unknown,LC2D5,mainline/unknown,0xC01A,,indexed_unresolved,low_unresolved
0xC3CC,BMHM_$31_main_window_ORG_0x9C96,source_listing_no_bytes,"TST $002B,X",R,"$002B,X",UNKNOWN_HW,OTHER,NO_UNLESS_DEPENDENCY_PROVES,LOW,8,,TST,X=unknown,LC2D5,mainline/unknown,0xC01A,,indexed_unresolved,low_unresolved
0xC3D2,BMHM_$31_main_window_ORG_0x9C96,source_listing_no_bytes,"TST $001A,X",R,"$001A,X",UNKNOWN_HW,OTHER,NO_UNLESS_DEPENDENCY_PROVES,LOW,8,,TST,X=unknown,LC2D5,mainline/unknown,0xC01A,,indexed_unresolved,low_unresolved
0xC3D4,BMHM_$31_main_window_ORG_0x9C96,source_listing_no_bytes,"TST $002B,X",R,"$002B,X",UNKNOWN_HW,OTHER,NO_UNLESS_DEPENDENCY_PROVES,LOW,8,,TST,X=unknown,LC2D5,mainline/unknown,0xC01A,,indexed_unresolved,low_unresolved
0xC3DA,BMHM_$31_main_window_ORG_0x9C96,source_listing_no_bytes,"TST $001A,X",R,"$001A,X",UNKNOWN_HW,OTHER,NO_UNLESS_DEPENDENCY_PROVES,LOW,8,,TST,X=unknown,LC2D5,mainline/unknown,0xC01A,,indexed_unresolved,low_unresolved
0xC3DC,BMHM_$31_main_window_ORG_0x9C96,source_listing_no_bytes,"TST $002B,X",R,"$002B,X",UNKNOWN_HW,OTHER,NO_UNLESS_DEPENDENCY_PROVES,LOW,8,,TST,X=unknown,LC2D5,mainline/unknown,0xC01A,,indexed_unresolved,low_unresolved
0xC3E2,BMHM_$31_main_window_ORG_0x9C96,source_listing_no_bytes,"TST $001A,X",R,"$001A,X",UNKNOWN_HW,OTHER,NO_UNLESS_DEPENDENCY_PROVES,LOW,8,,TST,X=unknown,LC2D5,mainline/unknown,0xC01A,,indexed_unresolved,low_unresolved
0xC3E4,BMHM_$31_main_window_ORG_0x9C96,source_listing_no_bytes,"TST $002B,X",R,"$002B,X",UNKNOWN_HW,OTHER,NO_UNLESS_DEPENDENCY_PROVES,LOW,8,,TST,X=unknown,LC2D5,mainline/unknown,0xC01A,,indexed_unresolved,low_unresolved
0xC51A,BMHM_$31_main_window_ORG_0x9C96,source_listing_no_bytes,"LDAA 0,X",R,"0,X",UNKNOWN_HW,OTHER,NO_UNLESS_DEPENDENCY_PROVES,LOW,8,,memory,X=unknown,LC514,mainline/unknown,0x7AC3;0x7B1B;0x7B40;0x7B5A,,indexed_unresolved,low_unresolved
0xC56B,BMHM_$31_main_window_ORG_0x9C96,source_listing_no_bytes,STD L306A,W,0x306A,UNKNOWN_HW,UNKNOWN_306X_BOARD_IO,TEST_ITEM,HIGH_UNCLASSIFIED,16,,D,,LC514,mainline/unknown,0x7AC3;0x7B1B;0x7B40;0x7B5A,,,high
0xC57D,BMHM_$31_main_window_ORG_0x9C96,source_listing_no_bytes,"LDAB $34,X",R,0x3034,HC11_REG,SENSOR_ADC,YES,MEDIUM,8,,memory,X=0x3000,LC56F,mainline/unknown,0x7190;0x7AA6;0x7E72,,ADR4 A/D result 4 | READ A/D CH | indexed_resolved,high
0xC599,BMHM_$31_main_window_ORG_0x9C96,source_listing_no_bytes,"LDAA $34,X",R,0x3034,HC11_REG,SENSOR_ADC,YES,MEDIUM,8,,memory,X=0x3000,LC583,mainline/unknown,0x7AAD,,ADR4 A/D result 4 | GET A/D VAL FM ADR4 | indexed_resolved,high
0xC751,BMHM_$31_main_window_ORG_0x9C96,source_listing_no_bytes,"LDAA $07,X",R,"$07,X",UNKNOWN_HW,OTHER,NO_UNLESS_DEPENDENCY_PROVES,LOW,8,,memory,X=unknown,LC6BB,mainline/unknown,0x7B10,,indexed_unresolved,low_unresolved
0xC757,BMHM_$31_main_window_ORG_0x9C96,source_listing_no_bytes,"LDAA $000A,X",R,"$000A,X",UNKNOWN_HW,OTHER,NO_UNLESS_DEPENDENCY_PROVES,LOW,8,,memory,X=unknown,LC6BB,mainline/unknown,0x7B10,,indexed_unresolved,low_unresolved
0xC866,BMHM_$31_main_window_ORG_0x9C96,source_listing_no_bytes,"LDAA 0,X",R,"0,X",UNKNOWN_HW,OTHER,NO_UNLESS_DEPENDENCY_PROVES,LOW,8,,memory,X=unknown,LC6BB,mainline/unknown,0x7B10,,indexed_unresolved,low_unresolved
0xC877,BMHM_$31_main_window_ORG_0x9C96,source_listing_no_bytes,"LDAA 0,X",R,"0,X",UNKNOWN_HW,OTHER,NO_UNLESS_DEPENDENCY_PROVES,LOW,8,,memory,X=unknown,LC6BB,mainline/unknown,0x7B10,,indexed_unresolved,low_unresolved
0xC8E8,BMHM_$31_main_window_ORG_0x9C96,source_listing_no_bytes,"LDAA 0,X",R,"0,X",UNKNOWN_HW,SENSOR_ADC,YES,MEDIUM,8,,memory,X=unknown,LC8D6,mainline/unknown,0x7ADA,,GET COOL VALUE FM TBL | indexed_unresolved,low_unresolved
0xC97D,BMHM_$31_main_window_ORG_0x9C96,source_listing_no_bytes,"LDAA 0,X",R,"0,X",UNKNOWN_HW,OTHER,NO_UNLESS_DEPENDENCY_PROVES,LOW,8,,memory,X=unknown,LC96A,mainline/unknown,0x73BF;0x7AE8,,indexed_unresolved,low_unresolved
0xCC56,BMHM_$31_main_window_ORG_0x9C96,source_listing_no_bytes,"BSET $22,X,#$A0",RMW,0x3022,HC11_REG,FUEL_SCHED_TIMER,YES,HIGH,bit,0xA0,set 0xA0,X=0x3000,LCC4B,mainline/unknown,0xCC48,,TMSK1 timer interrupt mask | TMSK1 | indexed_resolved,high
0xCC5A,BMHM_$31_main_window_ORG_0x9C96,source_listing_no_bytes,LDD L3FFC,R,0x3FFC,ASIC_3FXX,IO_LATCH_OUTPUT,YES,MEDIUM,16,,memory,,LCC4B,mainline/unknown,0xCC48,,ASIC I/O D port / external output latch | I/O D PORT ..,high
0xCC75,BMHM_$31_main_window_ORG_0x9C96,source_listing_no_bytes,STD L3FFC,W,0x3FFC,ASIC_3FXX,IO_LATCH_OUTPUT,YES,HIGH,16,,D,,LCC4B,mainline/unknown,0xCC48,,ASIC I/O D port / external output latch | I/O D PORT ..,high
0xCC7D,BMHM_$31_main_window_ORG_0x9C96,source_listing_no_bytes,"STAA $0C,X",W,0x300C,HC11_REG,HC11_CORE,NO_UNLESS_DEPENDENCY_PROVES,LOW,8,,A=0x00,X=0x3000,LCC7C,mainline/unknown,0x711C,,OC1D candidate | indexed_resolved,high
0xCC7F,BMHM_$31_main_window_ORG_0x9C96,source_listing_no_bytes,"STAA $0D,X",W,0x300D,HC11_REG,HC11_CORE,NO_UNLESS_DEPENDENCY_PROVES,LOW,8,,A=0x00,X=0x3000,LCC7C,mainline/unknown,0x711C,,TCNT high? candidate | indexed_resolved,high
0xCC81,BMHM_$31_main_window_ORG_0x9C96,source_listing_no_bytes,"STAA $2C,X",W,0x302C,ALDL,ALDL_SCI,YES,HIGH,8,,A=0x00,X=0x3000,LCC7C,mainline/unknown,0x711C,,SCCR1 SCI control 1 | indexed_resolved,high
0xCC83,BMHM_$31_main_window_ORG_0x9C96,source_listing_no_bytes,"STAA $0B,X",W,0x300B,HC11_REG,HC11_CORE,NO_UNLESS_DEPENDENCY_PROVES,LOW,8,,A=0x00,X=0x3000,LCC7C,mainline/unknown,0x711C,,CFORC / compare force | indexed_resolved,high
0xCC85,BMHM_$31_main_window_ORG_0x9C96,source_listing_no_bytes,"STAA $28,X",W,0x3028,HC11_REG,HC11_CORE,NO_UNLESS_DEPENDENCY_PROVES,LOW,8,,A=0x00,X=0x3000,LCC7C,mainline/unknown,0x711C,,SPCR SPI control | indexed_resolved,high
0xCC87,BMHM_$31_main_window_ORG_0x9C96,source_listing_no_bytes,"STAA $3E,X",W,0x303E,HC11_REG,HC11_CORE,NO_UNLESS_DEPENDENCY_PROVES,LOW,8,,A=0x00,X=0x3000,LCC7C,mainline/unknown,0x711C,,indexed_resolved,high
0xCC89,BMHM_$31_main_window_ORG_0x9C96,source_listing_no_bytes,"STAA $5C,X",W,0x305C,UNKNOWN_HW,OTHER,NO_UNLESS_DEPENDENCY_PROVES,LOW,8,,A=0x00,X=0x3000,LCC7C,mainline/unknown,0x711C,,indexed_resolved,high
0xCC8B,BMHM_$31_main_window_ORG_0x9C96,source_listing_no_bytes,"STAA $03,X",W,0x3003,HC11_REG,HC11_CORE,NO_UNLESS_DEPENDENCY_PROVES,LOW,8,,A=0x00,X=0x3000,LCC7C,mainline/unknown,0x711C,,PORTB | indexed_resolved,high
0xCC8F,BMHM_$31_main_window_ORG_0x9C96,source_listing_no_bytes,"STAA $0021,X",W,0x3021,HC11_REG,HC11_CORE,NO_UNLESS_DEPENDENCY_PROVES,LOW,8,,A=0x26,X=0x3000,LCC7C,mainline/unknown,0x711C,,TCTL2 input capture edge | indexed_resolved,high
0xCC93,BMHM_$31_main_window_ORG_0x9C96,source_listing_no_bytes,"STAA $0026,X",W,0x3026,HC11_REG,HC11_CORE,NO_UNLESS_DEPENDENCY_PROVES,LOW,8,,A=0x40,X=0x3000,LCC7C,mainline/unknown,0x711C,,PACTL pulse accumulator control | indexed_resolved,high
0xCC97,BMHM_$31_main_window_ORG_0x9C96,source_listing_no_bytes,"STAA $0001,X",W,0x3001,HC11_REG,HC11_CORE,NO_UNLESS_DEPENDENCY_PROVES,LOW,8,,A=0x38,X=0x3000,LCC7C,mainline/unknown,0x711C,,PIOC | indexed_resolved,high
0xCC9B,BMHM_$31_main_window_ORG_0x9C96,source_listing_no_bytes,"STAA $0009,X",W,0x3009,HC11_REG,HC11_CORE,NO_UNLESS_DEPENDENCY_PROVES,LOW,8,,A=0x38,X=0x3000,LCC7C,mainline/unknown,0x711C,,CFORC/Timer force compare candidate | indexed_resolved,high
0xCC9F,BMHM_$31_main_window_ORG_0x9C96,source_listing_no_bytes,"STAA $002B,X",W,0x302B,ALDL,ALDL_SCI,YES,HIGH,8,,A=0x04,X=0x3000,LCC7C,mainline/unknown,0x711C,,BAUD SCI baud | indexed_resolved,high
0xCCA3,BMHM_$31_main_window_ORG_0x9C96,source_listing_no_bytes,"STAA $003C,X",W,0x303C,HC11_REG,HC11_CORE,NO_UNLESS_DEPENDENCY_PROVES,LOW,8,,A=0x15,X=0x3000,LCC7C,mainline/unknown,0x711C,,indexed_resolved,high
0xCCA7,BMHM_$31_main_window_ORG_0x9C96,source_listing_no_bytes,"STAA $005D,X",W,0x305D,UNKNOWN_HW,OTHER,NO_UNLESS_DEPENDENCY_PROVES,LOW,8,,A=0xAC,X=0x3000,LCC7C,mainline/unknown,0x711C,,indexed_resolved,high
0xCCAB,BMHM_$31_main_window_ORG_0x9C96,source_listing_no_bytes,"STAA $005F,X",W,0x305F,UNKNOWN_HW,OTHER,NO_UNLESS_DEPENDENCY_PROVES,LOW,8,,A=0xCB,X=0x3000,LCC7C,mainline/unknown,0x711C,,indexed_resolved,high
0xCCAF,BMHM_$31_main_window_ORG_0x9C96,source_listing_no_bytes,"STAA $005E,X",W,0x305E,UNKNOWN_HW,OTHER,NO_UNLESS_DEPENDENCY_PROVES,LOW,8,,A=0x00,X=0x3000,LCC7C,mainline/unknown,0x711C,,indexed_resolved,high
0xCCB3,BMHM_$31_main_window_ORG_0x9C96,source_listing_no_bytes,STAA L3061,W,0x3061,UNKNOWN_HW,UNKNOWN_306X_BOARD_IO,TEST_ITEM,HIGH_UNCLASSIFIED,8,,A=0x90,,LCC7C,mainline/unknown,0x711C,,,high
0xCCB8,BMHM_$31_main_window_ORG_0x9C96,source_listing_no_bytes,STAA L3063,W,0x3063,UNKNOWN_HW,UNKNOWN_306X_BOARD_IO,TEST_ITEM,HIGH_UNCLASSIFIED,8,,A=0xFF,,LCC7C,mainline/unknown,0x711C,,,high
0xCCBD,BMHM_$31_main_window_ORG_0x9C96,source_listing_no_bytes,STAA L3065,W,0x3065,UNKNOWN_HW,UNKNOWN_306X_BOARD_IO,TEST_ITEM,HIGH_UNCLASSIFIED,8,,A=0x00,,LCC7C,mainline/unknown,0x711C,,,high
0xCD71,BMHM_$31_main_window_ORG_0x9C96,source_listing_no_bytes,STD L3FDA,W,0x3FDA,ASIC_3FXX,ASIC_COMMAND_OUTPUT,YES,HIGH,16,,D=0xD000,,LCD2C,mainline/unknown,0xCCD7,,ASIC output compare/scheduler slot DA | HARDWARE,high
0xCD8D,BMHM_$31_main_window_ORG_0x9C96,source_listing_no_bytes,STD L3FD6,W,0x3FD6,ASIC_3FXX,ASIC_COMMAND_OUTPUT,YES,HIGH,16,,D,,LCD2C,mainline/unknown,0xCCD7,,ASIC output compare/scheduler slot D6,high
0xCDCB,BMHM_$31_main_window_ORG_0x9C96,source_listing_no_bytes,STX L3FD4,W,0x3FD4,ASIC_3FXX,ASIC_COMMAND_OUTPUT,YES,HIGH,16,,X,,LCD2C,mainline/unknown,0xCCD7,,ASIC output compare/scheduler slot D4,high
0xCDDF,BMHM_$31_main_window_ORG_0x9C96,source_listing_no_bytes,STD L306C,W,0x306C,UNKNOWN_HW,UNKNOWN_306X_BOARD_IO,TEST_ITEM,HIGH_UNCLASSIFIED,16,,D=0x1F00,,LCD2C,mainline/unknown,0xCCD7,,,high
0xCDF3,BMHM_$31_main_window_ORG_0x9C96,source_listing_no_bytes,STD L306A,W,0x306A,UNKNOWN_HW,UNKNOWN_306X_BOARD_IO,TEST_ITEM,HIGH_UNCLASSIFIED,16,,D=0x7F00,,LCD2C,mainline/unknown,0xCCD7,,,high
0xCE0C,BMHM_$31_main_window_ORG_0x9C96,source_listing_no_bytes,STD L3FD8,W,0x3FD8,ASIC_3FXX,ASIC_COMMAND_OUTPUT,YES,HIGH,16,,D,,LCDF7,mainline/unknown,0x7A1C,,ASIC output compare/scheduler slot D8,high
0xCE7E,BMHM_$31_main_window_ORG_0x9C96,source_listing_no_bytes,STAA L3023,W,0x3023,HC11_REG,FUEL_SCHED_TIMER,YES,HIGH,8,,A=0x80,,LCE10,TOC1 knock-window interrupt,0x7B17,,TFLG1 timer interrupt flags / write-one-clear | TMR FLG 1 REG,high
0xCE81,BMHM_$31_main_window_ORG_0x9C96,source_listing_no_bytes,LDD L3FC8,R,0x3FC8,ASIC_3FXX,ASIC_STATUS_REF,YES,MEDIUM,16,,memory,,LCE10,TOC1 knock-window interrupt,0x7B17,,ASIC timing/status candidate,high
0xCE9B,BMHM_$31_main_window_ORG_0x9C96,source_listing_no_bytes,"SUBA 0,X",R,"0,X",UNKNOWN_HW,OTHER,NO_UNLESS_DEPENDENCY_PROVES,LOW,8,,SUBA,X=unknown,LCE10,TOC1 knock-window interrupt,0x7B17,,indexed_unresolved,low_unresolved
0xCEA7,BMHM_$31_main_window_ORG_0x9C96,source_listing_no_bytes,"ADDA 0,X",R,"0,X",UNKNOWN_HW,OTHER,NO_UNLESS_DEPENDENCY_PROVES,LOW,8,,ADDA,X=unknown,LCE10,TOC1 knock-window interrupt,0x7B17,,indexed_unresolved,low_unresolved
0xCEF1,BMHM_$31_main_window_ORG_0x9C96,source_listing_no_bytes,"LDAA $34,X",R,0x3034,HC11_REG,SENSOR_ADC,YES,MEDIUM,8,,memory,X=0x3000,LCEBB,mainline/unknown,0x7B2B,,ADR4 A/D result 4 | A/D RESULT 4 | indexed_resolved,high
0xD162,BMHM_$31_main_window_ORG_0x9C96,source_listing_no_bytes,"BCLR 8,X,#$38",RMW,0x3008,HC11_REG,SENSOR_ADC,YES,HIGH,bit,0x38,clear 0x38,X=0x3000,LD14E,mainline/unknown,0x7405;0x79FF,,"PORTE / ADC input port | CLR PRT D b3, b4 & b5 | indexed_resolved",high
0xD168,BMHM_$31_main_window_ORG_0x9C96,source_listing_no_bytes,"ORAA 8,X",R,0x3008,HC11_REG,SENSOR_ADC,YES,MEDIUM,8,,ORAA,X=0x3000,LD14E,mainline/unknown,0x7405;0x79FF,,PORTE / ADC input port | indexed_resolved,high
0xD16A,BMHM_$31_main_window_ORG_0x9C96,source_listing_no_bytes,"STAA 8,X",W,0x3008,HC11_REG,SENSOR_ADC,YES,HIGH,8,,A,X=0x3000,LD14E,mainline/unknown,0x7405;0x79FF,,PORTE / ADC input port | PORT D | indexed_resolved,high
0xD171,BMHM_$31_main_window_ORG_0x9C96,source_listing_no_bytes,STAA L3030,W,0x3030,HC11_REG,SENSOR_ADC,YES,HIGH,8,,A=0x01,,LD14E,mainline/unknown,0x7405;0x79FF,,ADCTL A/D control | A/D CNTL,high
0xD176,BMHM_$31_main_window_ORG_0x9C96,source_listing_no_bytes,"BRSET $30,X,#$80,LD183",R,0x3030,HC11_REG,SENSOR_ADC,YES,MEDIUM,bit,0x80,bit test 0x80,X=0x3000,LD14E,mainline/unknown,0x7405;0x79FF,,"ADCTL A/D control | BR IF b7, | indexed_resolved",high
0xD184,BMHM_$31_main_window_ORG_0x9C96,source_listing_no_bytes,"LDAA $34,X",R,0x3034,HC11_REG,SENSOR_ADC,YES,MEDIUM,8,,memory,X=0x3000,LD14E,mainline/unknown,0x7405;0x79FF,,ADR4 A/D result 4 | A/D RESULTS CH 4 | indexed_resolved,high
0xD31C,BMHM_$31_main_window_ORG_0x9C96,source_listing_no_bytes,"LDAA 0,X",R,"0,X",UNKNOWN_HW,OTHER,NO_UNLESS_DEPENDENCY_PROVES,LOW,8,,memory,X=unknown,LD2B2,mainline/unknown,0x7B39,,GET 1/0 FLAG | indexed_unresolved,low_unresolved
0xD7EF,BMHM_$31_main_window_ORG_0x9C96,source_listing_no_bytes,"LDX 0,X",R,"0,X",UNKNOWN_HW,OTHER,NO_UNLESS_DEPENDENCY_PROVES,LOW,16,,memory,X=unknown,LD7E5,mainline/unknown,0xD536;0xD58D,,indexed_unresolved,low_unresolved
0xD7FA,BMHM_$31_main_window_ORG_0x9C96,source_listing_no_bytes,"LDAB 0,X",R,"0,X",UNKNOWN_HW,OTHER,NO_UNLESS_DEPENDENCY_PROVES,LOW,8,,memory,X=unknown,LD7E5,mainline/unknown,0xD536;0xD58D,,indexed_unresolved,low_unresolved
0xD7FF,BMHM_$31_main_window_ORG_0x9C96,source_listing_no_bytes,"STAB 2,X",W,"2,X",UNKNOWN_HW,OTHER,NO_UNLESS_DEPENDENCY_PROVES,LOW,8,,B,X=unknown,LD7E5,mainline/unknown,0xD536;0xD58D,,indexed_unresolved,low_unresolved
0xD801,BMHM_$31_main_window_ORG_0x9C96,source_listing_no_bytes,"STAA 0,X",W,"0,X",UNKNOWN_HW,OTHER,NO_UNLESS_DEPENDENCY_PROVES,LOW,8,,A,X=unknown,LD7E5,mainline/unknown,0xD536;0xD58D,,indexed_unresolved,low_unresolved
0xD803,BMHM_$31_main_window_ORG_0x9C96,source_listing_no_bytes,"LDAB 3,X",R,"3,X",UNKNOWN_HW,OTHER,NO_UNLESS_DEPENDENCY_PROVES,LOW,8,,memory,X=unknown,LD7E5,mainline/unknown,0xD536;0xD58D,,indexed_unresolved,low_unresolved
0xD81B,BMHM_$31_main_window_ORG_0x9C96,source_listing_no_bytes,"LDAB 0,X",R,"0,X",UNKNOWN_HW,OTHER,NO_UNLESS_DEPENDENCY_PROVES,LOW,8,,memory,X=unknown,LD7E5,mainline/unknown,0xD536;0xD58D,,indexed_unresolved,low_unresolved
0xD81E,BMHM_$31_main_window_ORG_0x9C96,source_listing_no_bytes,"STAB $0001,X",W,"$0001,X",UNKNOWN_HW,OTHER,NO_UNLESS_DEPENDENCY_PROVES,LOW,8,,B,X=unknown,LD7E5,mainline/unknown,0xD536;0xD58D,,indexed_unresolved,low_unresolved
0xD84A,BMHM_$31_main_window_ORG_0x9C96,source_listing_no_bytes,"LDX 0,X",R,"0,X",UNKNOWN_HW,OTHER,NO_UNLESS_DEPENDENCY_PROVES,LOW,16,,memory,X=unknown,LD840,mainline/unknown,0xD51F;0xD57F,,indexed_unresolved,low_unresolved
0xD84E,BMHM_$31_main_window_ORG_0x9C96,source_listing_no_bytes,"LDAA 0,X",R,"0,X",UNKNOWN_HW,OTHER,NO_UNLESS_DEPENDENCY_PROVES,LOW,8,,memory,X=unknown,LD840,mainline/unknown,0xD51F;0xD57F,,indexed_unresolved,low_unresolved
0xD853,BMHM_$31_main_window_ORG_0x9C96,source_listing_no_bytes,"STAA 0,X",W,"0,X",UNKNOWN_HW,OTHER,NO_UNLESS_DEPENDENCY_PROVES,LOW,8,,A,X=unknown,LD840,mainline/unknown,0xD51F;0xD57F,,indexed_unresolved,low_unresolved
0xD85A,BMHM_$31_main_window_ORG_0x9C96,source_listing_no_bytes,"LDX 0,X",R,"0,X",UNKNOWN_HW,OTHER,NO_UNLESS_DEPENDENCY_PROVES,LOW,16,,memory,X=unknown,LD840,mainline/unknown,0xD51F;0xD57F,,indexed_unresolved,low_unresolved
0xD85E,BMHM_$31_main_window_ORG_0x9C96,source_listing_no_bytes,"LDAA 0,X",R,"0,X",UNKNOWN_HW,OTHER,NO_UNLESS_DEPENDENCY_PROVES,LOW,8,,memory,X=unknown,LD840,mainline/unknown,0xD51F;0xD57F,,indexed_unresolved,low_unresolved
0xD863,BMHM_$31_main_window_ORG_0x9C96,source_listing_no_bytes,"STAA $0002,X",W,"$0002,X",UNKNOWN_HW,OTHER,NO_UNLESS_DEPENDENCY_PROVES,LOW,8,,A,X=unknown,LD840,mainline/unknown,0xD51F;0xD57F,,indexed_unresolved,low_unresolved
0xD86F,BMHM_$31_main_window_ORG_0x9C96,source_listing_no_bytes,"LDAA 0,X",R,"0,X",UNKNOWN_HW,OTHER,NO_UNLESS_DEPENDENCY_PROVES,LOW,8,,memory,X=unknown,LD840,mainline/unknown,0xD51F;0xD57F,,indexed_unresolved,low_unresolved
0xD872,BMHM_$31_main_window_ORG_0x9C96,source_listing_no_bytes,"STAA $0001,X",W,"$0001,X",UNKNOWN_HW,OTHER,NO_UNLESS_DEPENDENCY_PROVES,LOW,8,,A,X=unknown,LD840,mainline/unknown,0xD51F;0xD57F,,indexed_unresolved,low_unresolved
0xD885,BMHM_$31_main_window_ORG_0x9C96,source_listing_no_bytes,"LDAA 0,X",R,"0,X",UNKNOWN_HW,OTHER,NO_UNLESS_DEPENDENCY_PROVES,LOW,8,,memory,X=unknown,LD840,mainline/unknown,0xD51F;0xD57F,,indexed_unresolved,low_unresolved
0xD8AD,BMHM_$31_main_window_ORG_0x9C96,source_listing_no_bytes,"LDX 0,X",R,"0,X",UNKNOWN_HW,OTHER,NO_UNLESS_DEPENDENCY_PROVES,LOW,16,,memory,X=unknown,LD8A7,mainline/unknown,0xD529,,indexed_unresolved,low_unresolved
0xD8B1,BMHM_$31_main_window_ORG_0x9C96,source_listing_no_bytes,"LDX 0,X",R,"0,X",UNKNOWN_HW,OTHER,NO_UNLESS_DEPENDENCY_PROVES,LOW,16,,memory,X=unknown,LD8A7,mainline/unknown,0xD529,,indexed_unresolved,low_unresolved
0xD8BE,BMHM_$31_main_window_ORG_0x9C96,source_listing_no_bytes,"LDX 0,X",R,"0,X",UNKNOWN_HW,OTHER,NO_UNLESS_DEPENDENCY_PROVES,LOW,16,,memory,X=unknown,LD8A7,mainline/unknown,0xD529,,indexed_unresolved,low_unresolved
0xD8E3,BMHM_$31_main_window_ORG_0x9C96,source_listing_no_bytes,"LDX 0,X",R,"0,X",UNKNOWN_HW,OTHER,NO_UNLESS_DEPENDENCY_PROVES,LOW,16,,memory,X=unknown,LD8CE,mainline/unknown,0xD50D;0xD56D,,indexed_unresolved,low_unresolved
0xD8E7,BMHM_$31_main_window_ORG_0x9C96,source_listing_no_bytes,"LDAA 0,X",R,"0,X",UNKNOWN_HW,OTHER,NO_UNLESS_DEPENDENCY_PROVES,LOW,8,,memory,X=unknown,LD8CE,mainline/unknown,0xD50D;0xD56D,,indexed_unresolved,low_unresolved
0xD8FA,BMHM_$31_main_window_ORG_0x9C96,source_listing_no_bytes,"LDAA 0,X",R,"0,X",UNKNOWN_HW,OTHER,NO_UNLESS_DEPENDENCY_PROVES,LOW,8,,memory,X=unknown,LD8F0,mainline/unknown,0xD500;0xD560,,indexed_unresolved,low_unresolved
0xD900,BMHM_$31_main_window_ORG_0x9C96,source_listing_no_bytes,"LDAA 0,X",R,"0,X",UNKNOWN_HW,OTHER,NO_UNLESS_DEPENDENCY_PROVES,LOW,8,,memory,X=unknown,LD8FE,mainline/unknown,0xC074;0xC08F;0xC1A6;0xC1CB;0xC85F;0xC872;0xD80A;0xD86A;0xD879;0xD8B9;0xD934,,indexed_unresolved,low_unresolved
0xD903,BMHM_$31_main_window_ORG_0x9C96,source_listing_no_bytes,"LDAA $0001,X",R,"$0001,X",UNKNOWN_HW,OTHER,NO_UNLESS_DEPENDENCY_PROVES,LOW,8,,memory,X=unknown,LD8FE,mainline/unknown,0xC074;0xC08F;0xC1A6;0xC1CB;0xC85F;0xC872;0xD80A;0xD86A;0xD879;0xD8B9;0xD934,,indexed_unresolved,low_unresolved
0xD90F,BMHM_$31_main_window_ORG_0x9C96,source_listing_no_bytes,"BITA $0003,X",R,"$0003,X",UNKNOWN_HW,OTHER,NO_UNLESS_DEPENDENCY_PROVES,LOW,8,,BITA,X=unknown,LD8FE,mainline/unknown,0xC074;0xC08F;0xC1A6;0xC1CB;0xC85F;0xC872;0xD80A;0xD86A;0xD879;0xD8B9;0xD934,,indexed_unresolved,low_unresolved
0xD913,BMHM_$31_main_window_ORG_0x9C96,source_listing_no_bytes,"BITA $0002,X",R,"$0002,X",UNKNOWN_HW,OTHER,NO_UNLESS_DEPENDENCY_PROVES,LOW,8,,BITA,X=unknown,LD8FE,mainline/unknown,0xC074;0xC08F;0xC1A6;0xC1CB;0xC85F;0xC872;0xD80A;0xD86A;0xD879;0xD8B9;0xD934,,indexed_unresolved,low_unresolved
0xD91F,BMHM_$31_main_window_ORG_0x9C96,source_listing_no_bytes,"LDX 0,X",R,"0,X",UNKNOWN_HW,OTHER,NO_UNLESS_DEPENDENCY_PROVES,LOW,16,,memory,X=unknown,LD8FE,mainline/unknown,0xC074;0xC08F;0xC1A6;0xC1CB;0xC85F;0xC872;0xD80A;0xD86A;0xD879;0xD8B9;0xD934,,indexed_unresolved,low_unresolved
0xD94C,BMHM_$31_main_window_ORG_0x9C96,source_listing_no_bytes,"LDAB 0,X",R,"0,X",UNKNOWN_HW,OTHER,NO_UNLESS_DEPENDENCY_PROVES,LOW,8,,memory,X=unknown,LD94B,mainline/unknown,0xD939,,indexed_unresolved,low_unresolved
0xD95B,BMHM_$31_main_window_ORG_0x9C96,source_listing_no_bytes,"TST 0,X",R,"0,X",UNKNOWN_HW,OTHER,NO_UNLESS_DEPENDENCY_PROVES,LOW,8,,TST,X=unknown,LD94B,mainline/unknown,0xD939,,indexed_unresolved,low_unresolved
0xD963,BMHM_$31_main_window_ORG_0x9C96,source_listing_no_bytes,"SUBA 1,X",R,"1,X",UNKNOWN_HW,OTHER,NO_UNLESS_DEPENDENCY_PROVES,LOW,8,,SUBA,X=unknown,LD94B,mainline/unknown,0xD939,,indexed_unresolved,low_unresolved
0xD96D,BMHM_$31_main_window_ORG_0x9C96,source_listing_no_bytes,"LDAB 0,X",R,"0,X",UNKNOWN_HW,OTHER,NO_UNLESS_DEPENDENCY_PROVES,LOW,8,,memory,X=unknown,LD969,mainline/unknown,0xB6D8,,indexed_unresolved,low_unresolved
0xD975,BMHM_$31_main_window_ORG_0x9C96,source_listing_no_bytes,"SUBA 0,X",R,"0,X",UNKNOWN_HW,OTHER,NO_UNLESS_DEPENDENCY_PROVES,LOW,8,,SUBA,X=unknown,LD969,mainline/unknown,0xB6D8,,indexed_unresolved,low_unresolved
0xD993,BMHM_$31_main_window_ORG_0x9C96,source_listing_no_bytes,"TST 0,X",R,"0,X",UNKNOWN_HW,OTHER,NO_UNLESS_DEPENDENCY_PROVES,LOW,8,,TST,X=unknown,LD980,mainline/unknown,0xD824;0xD835;0xD88B;0xD89C;0xD8C2,,indexed_unresolved,low_unresolved
0xD99D,BMHM_$31_main_window_ORG_0x9C96,source_listing_no_bytes,"ADDD $0001,X",R,"$0001,X",UNKNOWN_HW,OTHER,NO_UNLESS_DEPENDENCY_PROVES,LOW,16,,ADDD,X=unknown,LD980,mainline/unknown,0xD824;0xD835;0xD88B;0xD89C;0xD8C2,,indexed_unresolved,low_unresolved
0xD9A2,BMHM_$31_main_window_ORG_0x9C96,source_listing_no_bytes,"ANDA 0,X",R,"0,X",UNKNOWN_HW,OTHER,NO_UNLESS_DEPENDENCY_PROVES,LOW,8,,ANDA,X=unknown,LD980,mainline/unknown,0xD824;0xD835;0xD88B;0xD89C;0xD8C2,,indexed_unresolved,low_unresolved
0xD9AC,BMHM_$31_main_window_ORG_0x9C96,source_listing_no_bytes,"ORAA 0,X",R,"0,X",UNKNOWN_HW,OTHER,NO_UNLESS_DEPENDENCY_PROVES,LOW,8,,ORAA,X=unknown,LD980,mainline/unknown,0xD824;0xD835;0xD88B;0xD89C;0xD8C2,,indexed_unresolved,low_unresolved
0xDB13,BMHM_$31_main_window_ORG_0x9C96,source_listing_no_bytes,"LDX 0,X",R,"0,X",UNKNOWN_HW,OTHER,NO_UNLESS_DEPENDENCY_PROVES,LOW,16,,memory,X=unknown,LDAE2,mainline/unknown,0xC4EE,,GET ADDRESS | indexed_unresolved,low_unresolved
0xDB48,BMHM_$31_main_window_ORG_0x9C96,source_listing_no_bytes,"CMPA 0,X",R,"0,X",UNKNOWN_HW,OTHER,NO_UNLESS_DEPENDENCY_PROVES,LOW,8,,CMPA,X=unknown,LDAE2,mainline/unknown,0xC4EE,,indexed_unresolved,low_unresolved
0xDB52,BMHM_$31_main_window_ORG_0x9C96,source_listing_no_bytes,"LDAB 0,X",R,"0,X",UNKNOWN_HW,OTHER,NO_UNLESS_DEPENDENCY_PROVES,LOW,8,,memory,X=unknown,LDAE2,mainline/unknown,0xC4EE,,indexed_unresolved,low_unresolved
0xDB58,BMHM_$31_main_window_ORG_0x9C96,source_listing_no_bytes,"SUBB 0,X",R,"0,X",UNKNOWN_HW,OTHER,NO_UNLESS_DEPENDENCY_PROVES,LOW,8,,SUBB,X=unknown,LDAE2,mainline/unknown,0xC4EE,,indexed_unresolved,low_unresolved
0xDB6C,BMHM_$31_main_window_ORG_0x9C96,source_listing_no_bytes,"CMPA 0,X",R,"0,X",UNKNOWN_HW,OTHER,NO_UNLESS_DEPENDENCY_PROVES,LOW,8,,CMPA,X=unknown,LDAE2,mainline/unknown,0xC4EE,,indexed_unresolved,low_unresolved
0xDB73,BMHM_$31_main_window_ORG_0x9C96,source_listing_no_bytes,"LDAB 0,X",R,"0,X",UNKNOWN_HW,OTHER,NO_UNLESS_DEPENDENCY_PROVES,LOW,8,,memory,X=unknown,LDAE2,mainline/unknown,0xC4EE,,indexed_unresolved,low_unresolved
0xDB78,BMHM_$31_main_window_ORG_0x9C96,source_listing_no_bytes,"SUBB 0,X",R,"0,X",UNKNOWN_HW,OTHER,NO_UNLESS_DEPENDENCY_PROVES,LOW,8,,SUBB,X=unknown,LDAE2,mainline/unknown,0xC4EE,,indexed_unresolved,low_unresolved
0xDB7F,BMHM_$31_main_window_ORG_0x9C96,source_listing_no_bytes,"SUBA 0,X",R,"0,X",UNKNOWN_HW,OTHER,NO_UNLESS_DEPENDENCY_PROVES,LOW,8,,SUBA,X=unknown,LDAE2,mainline/unknown,0xC4EE,,indexed_unresolved,low_unresolved
0xDC0A,BMHM_$31_main_window_ORG_0xDBFB,source_listing_no_bytes,"LDAA $34,X",R,0x3034,HC11_REG,SENSOR_ADC,YES,MEDIUM,8,,memory,X=0x3000,LDBE2,mainline/unknown,0xDAE6,,ADR4 A/D result 4 | READ A/D RESULT | indexed_resolved,high
0xE01E,BMHM_$31_main_window_ORG_0xDBFB,source_listing_no_bytes,LDX L3FCA,R,0x3FCA,ASIC_3FXX,ASIC_STATUS_REF,YES,MEDIUM,16,,memory,,LDF54,mainline/unknown,0xDE64,,ASIC 16-bit RPM/event counter,high
0xE248,BMHM_$31_main_window_ORG_0xDBFB,source_listing_no_bytes,"LDAB 0,X",R,"0,X",UNKNOWN_HW,OTHER,NO_UNLESS_DEPENDENCY_PROVES,LOW,8,,memory,X=unknown,LE1EC,mainline/unknown,0xE125,,indexed_unresolved,low_unresolved
0xE262,BMHM_$31_main_window_ORG_0xDBFB,source_listing_no_bytes,"LDAA 0,X",R,"0,X",UNKNOWN_HW,OTHER,NO_UNLESS_DEPENDENCY_PROVES,LOW,8,,memory,X=unknown,LE1EC,mainline/unknown,0xE125,,indexed_unresolved,low_unresolved
0xE575,BMHM_$31_main_window_ORG_0xDBFB,source_listing_no_bytes,"LDAA 0,X",R,"0,X",UNKNOWN_HW,OTHER,NO_UNLESS_DEPENDENCY_PROVES,LOW,8,,memory,X=unknown,LE562,mainline/unknown,0xD670,,indexed_unresolved,low_unresolved
0xE63D,BMHM_$31_main_window_ORG_0xDBFB,source_listing_no_bytes,"ANDA 0,X",R,"0,X",UNKNOWN_HW,OTHER,NO_UNLESS_DEPENDENCY_PROVES,LOW,8,,ANDA,X=unknown,LE62D,mainline/unknown,0x7B60,,indexed_unresolved,low_unresolved
0xE643,BMHM_$31_main_window_ORG_0xDBFB,source_listing_no_bytes,"ANDA 0,X",R,"0,X",UNKNOWN_HW,OTHER,NO_UNLESS_DEPENDENCY_PROVES,LOW,8,,ANDA,X=unknown,LE62D,mainline/unknown,0x7B60,,indexed_unresolved,low_unresolved
0xE6D2,BMHM_$31_main_window_ORG_0xDBFB,source_listing_no_bytes,"ANDA 0,X",R,"0,X",UNKNOWN_HW,OTHER,NO_UNLESS_DEPENDENCY_PROVES,LOW,8,,ANDA,X=unknown,LE6BC,mainline/unknown,0xE657;0xE667;0xE677;0xE68F;0xE69F;0xE6AF;0xE6E8,,indexed_unresolved,low_unresolved
0xE6D5,BMHM_$31_main_window_ORG_0xDBFB,source_listing_no_bytes,"ANDA 0,X",R,"0,X",UNKNOWN_HW,OTHER,NO_UNLESS_DEPENDENCY_PROVES,LOW,8,,ANDA,X=unknown,LE6BC,mainline/unknown,0xE657;0xE667;0xE677;0xE68F;0xE69F;0xE6AF;0xE6E8,,indexed_unresolved,low_unresolved
0xF18F,BMHM_$31_main_window_ORG_0xE717,source_listing_no_bytes,"CMPB $00C4,X",R,"$00C4,X",UNKNOWN_HW,OTHER,NO_UNLESS_DEPENDENCY_PROVES,LOW,8,,CMPB,X=unknown,LF131,mainline/unknown,0xB497,,indexed_unresolved,low_unresolved
0xF19B,BMHM_$31_main_window_ORG_0xE717,source_listing_no_bytes,"CMPA $00C7,X",R,"$00C7,X",UNKNOWN_HW,OTHER,NO_UNLESS_DEPENDENCY_PROVES,LOW,8,,CMPA,X=unknown,LF131,mainline/unknown,0xB497,,indexed_unresolved,low_unresolved
0xF1AA,BMHM_$31_main_window_ORG_0xE717,source_listing_no_bytes,"CMPB $C5,X",R,"$C5,X",UNKNOWN_HW,OTHER,NO_UNLESS_DEPENDENCY_PROVES,LOW,8,,CMPB,X=unknown,LF131,mainline/unknown,0xB497,,indexed_unresolved,low_unresolved
0xF1B6,BMHM_$31_main_window_ORG_0xE717,source_listing_no_bytes,"CMPA $C8,X",R,"$C8,X",UNKNOWN_HW,OTHER,NO_UNLESS_DEPENDENCY_PROVES,LOW,8,,CMPA,X=unknown,LF131,mainline/unknown,0xB497,,indexed_unresolved,low_unresolved
0xF1C5,BMHM_$31_main_window_ORG_0xE717,source_listing_no_bytes,"CMPB $C6,X",R,"$C6,X",UNKNOWN_HW,OTHER,NO_UNLESS_DEPENDENCY_PROVES,LOW,8,,CMPB,X=unknown,LF131,mainline/unknown,0xB497,,indexed_unresolved,low_unresolved
0xF1D1,BMHM_$31_main_window_ORG_0xE717,source_listing_no_bytes,"CMPA $C9,X",R,"$C9,X",UNKNOWN_HW,OTHER,NO_UNLESS_DEPENDENCY_PROVES,LOW,8,,CMPA,X=unknown,LF131,mainline/unknown,0xB497,,indexed_unresolved,low_unresolved
0xF1E8,BMHM_$31_main_window_ORG_0xE717,source_listing_no_bytes,"CMPB $C1,X",R,"$C1,X",UNKNOWN_HW,OTHER,NO_UNLESS_DEPENDENCY_PROVES,LOW,8,,CMPB,X=unknown,LF1DD,mainline/unknown,0xF193;0xF1AE;0xF1C9,,indexed_unresolved,low_unresolved
0xF1F7,BMHM_$31_main_window_ORG_0xE717,source_listing_no_bytes,"CMPB $C2,X",R,"$C2,X",UNKNOWN_HW,OTHER,NO_UNLESS_DEPENDENCY_PROVES,LOW,8,,CMPB,X=unknown,LF1DD,mainline/unknown,0xF193;0xF1AE;0xF1C9,,indexed_unresolved,low_unresolved
0xF20A,BMHM_$31_main_window_ORG_0xE717,source_listing_no_bytes,"CMPB $C3,X",R,"$C3,X",UNKNOWN_HW,OTHER,NO_UNLESS_DEPENDENCY_PROVES,LOW,8,,CMPB,X=unknown,LF1DD,mainline/unknown,0xF193;0xF1AE;0xF1C9,,indexed_unresolved,low_unresolved
0xF21A,BMHM_$31_main_window_ORG_0xE717,source_listing_no_bytes,"LDAA $34,X",R,0x3034,HC11_REG,SENSOR_ADC,YES,MEDIUM,8,,memory,X=0x3000,LF20D,mainline/unknown,0x718A;0x7AB8,,ADR4 A/D result 4 | A/D CH 4 | indexed_resolved,high
0xF229,BMHM_$31_main_window_ORG_0xE717,source_listing_no_bytes,"LDAA $34,X",R,0x3034,HC11_REG,SENSOR_ADC,YES,MEDIUM,8,,memory,X=0x3000,LF20D,mainline/unknown,0x718A;0x7AB8,,ADR4 A/D result 4 | A/D CH 4 | indexed_resolved,high
0xF236,BMHM_$31_main_window_ORG_0xE717,source_listing_no_bytes,"LDAA $32,X",R,0x3032,HC11_REG,SENSOR_ADC,YES,MEDIUM,8,,memory,X=0x3000,LF20D,mainline/unknown,0x718A;0x7AB8,,ADR2 A/D result 2 | A/D CH 2 | indexed_resolved,high
0xF23B,BMHM_$31_main_window_ORG_0xE717,source_listing_no_bytes,"LDAA $33,X",R,0x3033,HC11_REG,SENSOR_ADC,YES,MEDIUM,8,,memory,X=0x3000,LF20D,mainline/unknown,0x718A;0x7AB8,,ADR3 A/D result 3 | A/D CH 3 | indexed_resolved,high
0xF23F,BMHM_$31_main_window_ORG_0xE717,source_listing_no_bytes,"LDAA $34,X",R,0x3034,HC11_REG,SENSOR_ADC,YES,MEDIUM,8,,memory,X=0x3000,LF20D,mainline/unknown,0x718A;0x7AB8,,ADR4 A/D result 4 | A/D CH 4 | indexed_resolved,high
0xF24C,BMHM_$31_main_window_ORG_0xE717,source_listing_no_bytes,"LDAA $31,X",R,0x3031,HC11_REG,SENSOR_ADC,YES,MEDIUM,8,,memory,X=0x3000,LF245,mainline/unknown,0x718D;0x7B97,,ADR1 A/D result 1 | A/D CH 1 | indexed_resolved,high
0xF254,BMHM_$31_main_window_ORG_0xE717,source_listing_no_bytes,"LDAA $32,X",R,0x3032,HC11_REG,SENSOR_ADC,YES,MEDIUM,8,,memory,X=0x3000,LF245,mainline/unknown,0x718D;0x7B97,,ADR2 A/D result 2 | A/D CH 2 | indexed_resolved,high
0xF259,BMHM_$31_main_window_ORG_0xE717,source_listing_no_bytes,"LDAA $33,X",R,0x3033,HC11_REG,SENSOR_ADC,YES,MEDIUM,8,,memory,X=0x3000,LF245,mainline/unknown,0x718D;0x7B97,,ADR3 A/D result 3 | A/D CH 3 | indexed_resolved,high
0xF262,BMHM_$31_main_window_ORG_0xE717,source_listing_no_bytes,STAA L3030,W,0x3030,HC11_REG,SENSOR_ADC,YES,HIGH,8,,A,,LF25F,mainline/unknown,0xC57A;0xC595;0xCEED;0xDC06;0xF217;0xF226;0xFA68;0xFA78,,ADCTL A/D control | A/D CNT'L REG,high
0xF267,BMHM_$31_main_window_ORG_0xE717,source_listing_no_bytes,"BRSET $30,X,#$80,LF274",R,0x3030,HC11_REG,SENSOR_ADC,YES,MEDIUM,bit,0x80,bit test 0x80,X=0x3000,LF25F,mainline/unknown,0xC57A;0xC595;0xCEED;0xDC06;0xF217;0xF226;0xFA68;0xFA78,,"ADCTL A/D control | BR IF b7, (CONV DONE) | indexed_resolved",high
0xF275,BMHM_$31_main_window_ORG_0xE717,source_listing_no_bytes,"BCLR 8,X,#$38",RMW,0x3008,HC11_REG,SENSOR_ADC,YES,HIGH,bit,0x38,clear 0x38,X=0x3000,LF275,mainline/unknown,0xC574;0xC590;0xCEE7;0xDC01;0xF212;0xF221;0xFA63,,"PORTE / ADC input port | CLR b5, b4 & b3 | indexed_resolved",high
0xF27B,BMHM_$31_main_window_ORG_0xE717,source_listing_no_bytes,"ORAA 8,X",R,0x3008,HC11_REG,SENSOR_ADC,YES,MEDIUM,8,,ORAA,X=0x3000,LF275,mainline/unknown,0xC574;0xC590;0xCEE7;0xDC01;0xF212;0xF221;0xFA63,,"PORTE / ADC input port | SET b5, b4 & b3 | indexed_resolved",high
0xF27D,BMHM_$31_main_window_ORG_0xE717,source_listing_no_bytes,"STAA 8,X",W,0x3008,HC11_REG,SENSOR_ADC,YES,HIGH,8,,A,X=0x3000,LF275,mainline/unknown,0xC574;0xC590;0xCEE7;0xDC01;0xF212;0xF221;0xFA63,,PORTE / ADC input port | indexed_resolved,high
0xF2EF,BMHM_$31_main_window_ORG_0xE717,source_listing_no_bytes,STAA L303A,W,0x303A,HC11_REG,BOOT_WATCHDOG_CPU,YES,HIGH,8,,A=0x55,,LF2AA,mainline/unknown,0x71D5,,COPRST watchdog clear,high
0xF2F3,BMHM_$31_main_window_ORG_0xE717,source_listing_no_bytes,STAA L303A,W,0x303A,HC11_REG,BOOT_WATCHDOG_CPU,YES,HIGH,8,,A,,LF2AA,mainline/unknown,0x71D5,,COPRST watchdog clear,high
0xF301,BMHM_$31_main_window_ORG_0xE717,source_listing_no_bytes,"CLR 0,X",RMW,"0,X",UNKNOWN_HW,OTHER,NO_UNLESS_DEPENDENCY_PROVES,LOW,8,,CLR,X=unknown,LF2FD,mainline/unknown,0x716A;0x7173;0x717C;0x7219;0x7222;0x722B,,indexed_unresolved,low_unresolved
0xF315,BMHM_$31_main_window_ORG_0xE717,source_listing_no_bytes,"STY 0,X",W,"0,X",UNKNOWN_HW,OTHER,NO_UNLESS_DEPENDENCY_PROVES,LOW,16,,Y,X=unknown,LF2FD,mainline/unknown,0x716A;0x7173;0x717C;0x7219;0x7222;0x722B,,indexed_unresolved,low_unresolved
0xF318,BMHM_$31_main_window_ORG_0xE717,source_listing_no_bytes,"STY 2,X",W,"2,X",UNKNOWN_HW,OTHER,NO_UNLESS_DEPENDENCY_PROVES,LOW,16,,Y,X=unknown,LF2FD,mainline/unknown,0x716A;0x7173;0x717C;0x7219;0x7222;0x722B,,indexed_unresolved,low_unresolved
0xF31B,BMHM_$31_main_window_ORG_0xE717,source_listing_no_bytes,"STY 4,X",W,"4,X",UNKNOWN_HW,OTHER,NO_UNLESS_DEPENDENCY_PROVES,LOW,16,,Y,X=unknown,LF2FD,mainline/unknown,0x716A;0x7173;0x717C;0x7219;0x7222;0x722B,,indexed_unresolved,low_unresolved
0xF31E,BMHM_$31_main_window_ORG_0xE717,source_listing_no_bytes,"STY 6,X",W,"6,X",UNKNOWN_HW,OTHER,NO_UNLESS_DEPENDENCY_PROVES,LOW,16,,Y,X=unknown,LF2FD,mainline/unknown,0x716A;0x7173;0x717C;0x7219;0x7222;0x722B,,indexed_unresolved,low_unresolved
0xF3E6,BMHM_$31_main_window_ORG_0xE717,source_listing_no_bytes,"ROR $08,X",RMW,"$08,X",UNKNOWN_HW,OTHER,NO_UNLESS_DEPENDENCY_PROVES,LOW,8,,ROR,X=unknown,LF333,mainline/unknown,0xF74C,,indexed_unresolved,low_unresolved
0xF3EB,BMHM_$31_main_window_ORG_0xE717,source_listing_no_bytes,"ROR $39,X",RMW,"$39,X",UNKNOWN_HW,OTHER,NO_UNLESS_DEPENDENCY_PROVES,LOW,8,,ROR,X=unknown,LF333,mainline/unknown,0xF74C,,indexed_unresolved,low_unresolved
0xF3EF,BMHM_$31_main_window_ORG_0xE717,source_listing_no_bytes,LDD L3FFC,R,0x3FFC,ASIC_3FXX,IO_LATCH_OUTPUT,YES,MEDIUM,16,,memory,,LF3EE,mainline/unknown,0x7BA7,,ASIC I/O D port / external output latch | I/O D PORT ..,high
0xF3FD,BMHM_$31_main_window_ORG_0xE717,source_listing_no_bytes,STD L3FFC,W,0x3FFC,ASIC_3FXX,IO_LATCH_OUTPUT,YES,HIGH,16,,D,,LF3EE,mainline/unknown,0x7BA7,,ASIC I/O D port / external output latch | I/O D PORT ..,high
0xF400,BMHM_$31_main_window_ORG_0xE717,source_listing_no_bytes,LDAA L3060,R,0x3060,UNKNOWN_HW,UNKNOWN_306X_BOARD_IO,TEST_ITEM,HIGH_UNCLASSIFIED,8,,memory,,LF3EE,mainline/unknown,0x7BA7,,,high
0xF409,BMHM_$31_main_window_ORG_0xE717,source_listing_no_bytes,STAB L3060,W,0x3060,UNKNOWN_HW,UNKNOWN_306X_BOARD_IO,TEST_ITEM,HIGH_UNCLASSIFIED,8,,B,,LF3EE,mainline/unknown,0x7BA7,,,high
0xF411,BMHM_$31_main_window_ORG_0xE717,source_listing_no_bytes,STAA L3062,W,0x3062,UNKNOWN_HW,SPARK_EST,YES,HIGH,8,,A,,LF3EE,mainline/unknown,0x7BA7,,External 306x hardware latch/status candidate,high
0xF414,BMHM_$31_main_window_ORG_0xE717,source_listing_no_bytes,LDAA L3064,R,0x3064,UNKNOWN_HW,UNKNOWN_306X_BOARD_IO,TEST_ITEM,HIGH_UNCLASSIFIED,8,,memory,,LF3EE,mainline/unknown,0x7BA7,,I/O PORT C,high
0xF41B,BMHM_$31_main_window_ORG_0xE717,source_listing_no_bytes,STAA L3067,W,0x3067,UNKNOWN_HW,UNKNOWN_306X_BOARD_IO,TEST_ITEM,HIGH_UNCLASSIFIED,8,,A,,LF3EE,mainline/unknown,0x7BA7,,,high
0xF422,BMHM_$31_main_window_ORG_0xE717,source_listing_no_bytes,"SUBD 0,X",R,"0,X",UNKNOWN_HW,OTHER,NO_UNLESS_DEPENDENCY_PROVES,LOW,16,,SUBD,X=unknown,LF420,mainline/unknown,0xB22E,,indexed_unresolved,low_unresolved
0xF438,BMHM_$31_main_window_ORG_0xE717,source_listing_no_bytes,"SUBD 0,X",R,"0,X",UNKNOWN_HW,OTHER,NO_UNLESS_DEPENDENCY_PROVES,LOW,16,,SUBD,X=unknown,LF436,mainline/unknown,0xA682;0xB126;0xB1BC;0xB1F9;0xB207;0xB214;0xB27F;0xB2AC;0xC6B5;0xC91C;0xC9DF;0xD1C4;...,,indexed_unresolved,low_unresolved
0xF447,BMHM_$31_main_window_ORG_0xE717,source_listing_no_bytes,"ADDD 0,X",R,"0,X",UNKNOWN_HW,OTHER,NO_UNLESS_DEPENDENCY_PROVES,LOW,16,,ADDD,X=unknown,LF436,mainline/unknown,0xA682;0xB126;0xB1BC;0xB1F9;0xB207;0xB214;0xB27F;0xB2AC;0xC6B5;0xC91C;0xC9DF;0xD1C4;...,,indexed_unresolved,low_unresolved
0xF449,BMHM_$31_main_window_ORG_0xE717,source_listing_no_bytes,"STD 0,X",W,"0,X",UNKNOWN_HW,OTHER,NO_UNLESS_DEPENDENCY_PROVES,LOW,16,,D,X=unknown,LF436,mainline/unknown,0xA682;0xB126;0xB1BC;0xB1F9;0xB207;0xB214;0xB27F;0xB2AC;0xC6B5;0xC91C;0xC9DF;0xD1C4;...,,indexed_unresolved,low_unresolved
0xF453,BMHM_$31_main_window_ORG_0xE717,source_listing_no_bytes,"LDAA 0,X",R,"0,X",UNKNOWN_HW,OTHER,NO_UNLESS_DEPENDENCY_PROVES,LOW,8,,memory,X=unknown,LF436,mainline/unknown,0xA682;0xB126;0xB1BC;0xB1F9;0xB207;0xB214;0xB27F;0xB2AC;0xC6B5;0xC91C;0xC9DF;0xD1C4;...,,indexed_unresolved,low_unresolved
0xF45C,BMHM_$31_main_window_ORG_0xE717,source_listing_no_bytes,"SUBA 0,X",R,"0,X",UNKNOWN_HW,OTHER,NO_UNLESS_DEPENDENCY_PROVES,LOW,8,,SUBA,X=unknown,LF436,mainline/unknown,0xA682;0xB126;0xB1BC;0xB1F9;0xB207;0xB214;0xB27F;0xB2AC;0xC6B5;0xC91C;0xC9DF;0xD1C4;...,,indexed_unresolved,low_unresolved
0xF464,BMHM_$31_main_window_ORG_0xE717,source_listing_no_bytes,"SUBA 2,X",R,"2,X",UNKNOWN_HW,OTHER,NO_UNLESS_DEPENDENCY_PROVES,LOW,8,,SUBA,X=unknown,LF436,mainline/unknown,0xA682;0xB126;0xB1BC;0xB1F9;0xB207;0xB214;0xB27F;0xB2AC;0xC6B5;0xC91C;0xC9DF;0xD1C4;...,,indexed_unresolved,low_unresolved
0xF468,BMHM_$31_main_window_ORG_0xE717,source_listing_no_bytes,"LDD 1,X",R,"1,X",UNKNOWN_HW,OTHER,NO_UNLESS_DEPENDENCY_PROVES,LOW,16,,memory,X=unknown,LF436,mainline/unknown,0xA682;0xB126;0xB1BC;0xB1F9;0xB207;0xB214;0xB27F;0xB2AC;0xC6B5;0xC91C;0xC9DF;0xD1C4;...,,indexed_unresolved,low_unresolved
0xF488,BMHM_$31_main_window_ORG_0xE717,source_listing_no_bytes,"ADDD 0,X",R,"0,X",UNKNOWN_HW,OTHER,NO_UNLESS_DEPENDENCY_PROVES,LOW,16,,ADDD,X=unknown,LF436,mainline/unknown,0xA682;0xB126;0xB1BC;0xB1F9;0xB207;0xB214;0xB27F;0xB2AC;0xC6B5;0xC91C;0xC9DF;0xD1C4;...,,indexed_unresolved,low_unresolved
0xF48A,BMHM_$31_main_window_ORG_0xE717,source_listing_no_bytes,"STD 0,X",W,"0,X",UNKNOWN_HW,OTHER,NO_UNLESS_DEPENDENCY_PROVES,LOW,16,,D,X=unknown,LF436,mainline/unknown,0xA682;0xB126;0xB1BC;0xB1F9;0xB207;0xB214;0xB27F;0xB2AC;0xC6B5;0xC91C;0xC9DF;0xD1C4;...,,indexed_unresolved,low_unresolved
0xF494,BMHM_$31_main_window_ORG_0xE717,source_listing_no_bytes,"LDAA 0,X",R,"0,X",UNKNOWN_HW,OTHER,NO_UNLESS_DEPENDENCY_PROVES,LOW,8,,memory,X=unknown,LF436,mainline/unknown,0xA682;0xB126;0xB1BC;0xB1F9;0xB207;0xB214;0xB27F;0xB2AC;0xC6B5;0xC91C;0xC9DF;0xD1C4;...,,indexed_unresolved,low_unresolved
0xF49A,BMHM_$31_main_window_ORG_0xE717,source_listing_no_bytes,"CMPA 0,X",R,"0,X",UNKNOWN_HW,OTHER,NO_UNLESS_DEPENDENCY_PROVES,LOW,8,,CMPA,X=unknown,LF49A,mainline/unknown,0x7BCD;0x7EF9;0x8190;0x8AC0;0x8ACB;0x8AD6;0xCA46,,indexed_unresolved,low_unresolved
0xF49E,BMHM_$31_main_window_ORG_0xE717,source_listing_no_bytes,"LDAA 0,X",R,"0,X",UNKNOWN_HW,OTHER,NO_UNLESS_DEPENDENCY_PROVES,LOW,8,,memory,X=unknown,LF49A,mainline/unknown,0x7BCD;0x7EF9;0x8190;0x8AC0;0x8ACB;0x8AD6;0xCA46,,indexed_unresolved,low_unresolved
0xF4A6,BMHM_$31_main_window_ORG_0xE717,source_listing_no_bytes,"SUBA 0,X",R,"0,X",UNKNOWN_HW,OTHER,NO_UNLESS_DEPENDENCY_PROVES,LOW,8,,SUBA,X=unknown,LF4A4,mainline/unknown,0x95FC;0x9846;0xB6AD,,indexed_unresolved,low_unresolved
0xF4AB,BMHM_$31_main_window_ORG_0xE717,source_listing_no_bytes,"CMPA 1,X",R,"1,X",UNKNOWN_HW,OTHER,NO_UNLESS_DEPENDENCY_PROVES,LOW,8,,CMPA,X=unknown,LF4A4,mainline/unknown,0x95FC;0x9846;0xB6AD,,indexed_unresolved,low_unresolved
0xF4AF,BMHM_$31_main_window_ORG_0xE717,source_listing_no_bytes,"LDAA 1,X",R,"1,X",UNKNOWN_HW,OTHER,NO_UNLESS_DEPENDENCY_PROVES,LOW,8,,memory,X=unknown,LF4A4,mainline/unknown,0x95FC;0x9846;0xB6AD,,indexed_unresolved,low_unresolved
0xF4B8,BMHM_$31_main_window_ORG_0xE717,source_listing_no_bytes,"LDAB 0,X",R,"0,X",UNKNOWN_HW,OTHER,NO_UNLESS_DEPENDENCY_PROVES,LOW,8,,memory,X=unknown,LF4B6,mainline/unknown,0x7EE1;0x8601;0x9025;0x90E5;0x90FE;0x97E0;0x9E22;0xD244;0xD251;0xD27C;0xE310;0xE354;...,,GET LINE CNT | indexed_unresolved,low_unresolved
0xF4C9,BMHM_$31_main_window_ORG_0xE717,source_listing_no_bytes,"LDD 0,X",R,"0,X",UNKNOWN_HW,OTHER,NO_UNLESS_DEPENDENCY_PROVES,LOW,16,,memory,X=unknown,LF4C1,mainline/unknown,0x7557;0x7663;0x7673;0x7E16;0x7E7A;0x7E92;0x7F42;0x829B;0x82A5;0x8374;0x85B7;0x85D7;...,,indexed_unresolved,low_unresolved
0xF4D9,BMHM_$31_main_window_ORG_0xE717,source_listing_no_bytes,"ADDA 0,X",R,"0,X",UNKNOWN_HW,OTHER,NO_UNLESS_DEPENDENCY_PROVES,LOW,8,,ADDA,X=unknown,LF4C1,mainline/unknown,0x7557;0x7663;0x7673;0x7E16;0x7E7A;0x7E92;0x7F42;0x829B;0x82A5;0x8374;0x85B7;0x85D7;...,,indexed_unresolved,low_unresolved
0xF4E2,BMHM_$31_main_window_ORG_0xE717,source_listing_no_bytes,"SUBA 0,X",R,"0,X",UNKNOWN_HW,OTHER,NO_UNLESS_DEPENDENCY_PROVES,LOW,8,,SUBA,X=unknown,LF4DE,mainline/unknown,0x7FB0;0x7FC0;0x8357;0x882C;0x894F;0xA727;0xA74B;0xA774;0xA7C8;0xB5A9;0xB673;0xB7D8;...,,"Calc row arg offset, (limited to 0) | indexed_unresolved",low_unresolved
0xF4E7,BMHM_$31_main_window_ORG_0xE717,source_listing_no_bytes,"SUBB $01,X",R,"$01,X",UNKNOWN_HW,OTHER,NO_UNLESS_DEPENDENCY_PROVES,LOW,8,,SUBB,X=unknown,LF4DE,mainline/unknown,0x7FB0;0x7FC0;0x8357;0x882C;0x894F;0xA727;0xA74B;0xA774;0xA7C8;0xB5A9;0xB673;0xB7D8;...,,"Calc Col Arg offset, (Limited to 0) | indexed_unresolved",low_unresolved
0xF4FD,BMHM_$31_main_window_ORG_0xE717,source_listing_no_bytes,"LDAB $02,Y",R,"$02,Y",UNKNOWN_HW,OTHER,NO_UNLESS_DEPENDENCY_PROVES,LOW,8,,memory,Y=unknown,LF4DE,mainline/unknown,0x7FB0;0x7FC0;0x8357;0x882C;0x894F;0xA727;0xA74B;0xA774;0xA7C8;0xB5A9;0xB673;0xB7D8;...,,indexed_unresolved,low_unresolved
0xF503,BMHM_$31_main_window_ORG_0xE717,source_listing_no_bytes,"LDAB $02,Y",R,"$02,Y",UNKNOWN_HW,OTHER,NO_UNLESS_DEPENDENCY_PROVES,LOW,8,,memory,Y=unknown,LF4DE,mainline/unknown,0x7FB0;0x7FC0;0x8357;0x882C;0x894F;0xA727;0xA74B;0xA774;0xA7C8;0xB5A9;0xB673;0xB7D8;...,,indexed_unresolved,low_unresolved
0xF509,BMHM_$31_main_window_ORG_0xE717,source_listing_no_bytes,"LDD $03,X",R,"$03,X",UNKNOWN_HW,OTHER,NO_UNLESS_DEPENDENCY_PROVES,LOW,16,,memory,X=unknown,LF4DE,mainline/unknown,0x7FB0;0x7FC0;0x8357;0x882C;0x894F;0xA727;0xA74B;0xA774;0xA7C8;0xB5A9;0xB673;0xB7D8;...,,indexed_unresolved,low_unresolved
0xF50C,BMHM_$31_main_window_ORG_0xE717,source_listing_no_bytes,"LDAB $03,Y",R,"$03,Y",UNKNOWN_HW,OTHER,NO_UNLESS_DEPENDENCY_PROVES,LOW,8,,memory,Y=unknown,LF4DE,mainline/unknown,0x7FB0;0x7FC0;0x8357;0x882C;0x894F;0xA727;0xA74B;0xA774;0xA7C8;0xB5A9;0xB673;0xB7D8;...,,indexed_unresolved,low_unresolved
0xF51B,BMHM_$31_main_window_ORG_0xE717,source_listing_no_bytes,"ADDA $03,X",R,"$03,X",UNKNOWN_HW,OTHER,NO_UNLESS_DEPENDENCY_PROVES,LOW,8,,ADDA,X=unknown,LF4DE,mainline/unknown,0x7FB0;0x7FC0;0x8357;0x882C;0x894F;0xA727;0xA74B;0xA774;0xA7C8;0xB5A9;0xB673;0xB7D8;...,,indexed_unresolved,low_unresolved
0xF51F,BMHM_$31_main_window_ORG_0xE717,source_listing_no_bytes,"LDD $03,X",R,"$03,X",UNKNOWN_HW,OTHER,NO_UNLESS_DEPENDENCY_PROVES,LOW,16,,memory,X=unknown,LF4DE,mainline/unknown,0x7FB0;0x7FC0;0x8357;0x882C;0x894F;0xA727;0xA74B;0xA774;0xA7C8;0xB5A9;0xB673;0xB7D8;...,,indexed_unresolved,low_unresolved
0xF522,BMHM_$31_main_window_ORG_0xE717,source_listing_no_bytes,"LDAB $03,Y",R,"$03,Y",UNKNOWN_HW,OTHER,NO_UNLESS_DEPENDENCY_PROVES,LOW,8,,memory,Y=unknown,LF4DE,mainline/unknown,0x7FB0;0x7FC0;0x8357;0x882C;0x894F;0xA727;0xA74B;0xA774;0xA7C8;0xB5A9;0xB673;0xB7D8;...,,indexed_unresolved,low_unresolved
0xF531,BMHM_$31_main_window_ORG_0xE717,source_listing_no_bytes,"ADDA $03,X",R,"$03,X",UNKNOWN_HW,OTHER,NO_UNLESS_DEPENDENCY_PROVES,LOW,8,,ADDA,X=unknown,LF4DE,mainline/unknown,0x7FB0;0x7FC0;0x8357;0x882C;0x894F;0xA727;0xA74B;0xA774;0xA7C8;0xB5A9;0xB673;0xB7D8;...,,indexed_unresolved,low_unresolved
0xF536,BMHM_$31_main_window_ORG_0xE717,source_listing_no_bytes,"LDAB $02,Y",R,"$02,Y",UNKNOWN_HW,OTHER,NO_UNLESS_DEPENDENCY_PROVES,LOW,8,,memory,Y=unknown,LF4DE,mainline/unknown,0x7FB0;0x7FC0;0x8357;0x882C;0x894F;0xA727;0xA74B;0xA774;0xA7C8;0xB5A9;0xB673;0xB7D8;...,,indexed_unresolved,low_unresolved
0xF546,BMHM_$31_main_window_ORG_0xE717,source_listing_no_bytes,"ADDA $01,Y",R,"$01,Y",UNKNOWN_HW,OTHER,NO_UNLESS_DEPENDENCY_PROVES,LOW,8,,ADDA,Y=unknown,LF4DE,mainline/unknown,0x7FB0;0x7FC0;0x8357;0x882C;0x894F;0xA727;0xA74B;0xA774;0xA7C8;0xB5A9;0xB673;0xB7D8;...,,indexed_unresolved,low_unresolved
0xF551,BMHM_$31_main_window_ORG_0xF161,source_listing_no_bytes,"LDAB 1,X",R,"1,X",UNKNOWN_HW,OTHER,NO_UNLESS_DEPENDENCY_PROVES,LOW,8,,memory,X=unknown,LF550,mainline/unknown,0x75B2;0x784F;0x7E80;0x7FE4;0x7FF1;0x803B;0x80FF;0x82DB;0x8336;0x835D;0x837A;0x851D;...,,Get LSB of multiplicand | indexed_unresolved,low_unresolved
0xF558,BMHM_$31_main_window_ORG_0xF161,source_listing_no_bytes,"LDAA 0,X",R,"0,X",UNKNOWN_HW,OTHER,NO_UNLESS_DEPENDENCY_PROVES,LOW,8,,memory,X=unknown,LF550,mainline/unknown,0x75B2;0x784F;0x7E80;0x7FE4;0x7FF1;0x803B;0x80FF;0x82DB;0x8336;0x835D;0x837A;0x851D;...,,Get MSB of multiplicand | indexed_unresolved,low_unresolved
0xF55D,BMHM_$31_main_window_ORG_0xF161,source_listing_no_bytes,"ADDB 2,X",R,"2,X",UNKNOWN_HW,OTHER,NO_UNLESS_DEPENDENCY_PROVES,LOW,8,,ADDB,X=unknown,LF550,mainline/unknown,0x75B2;0x784F;0x7E80;0x7FE4;0x7FF1;0x803B;0x80FF;0x82DB;0x8336;0x835D;0x837A;0x851D;...,,Add in LSB Partial prod | indexed_unresolved,low_unresolved
0xF56A,BMHM_$31_main_window_ORG_0xF161,source_listing_no_bytes,"LDAA 3,X",R,"3,X",UNKNOWN_HW,OTHER,NO_UNLESS_DEPENDENCY_PROVES,LOW,8,,memory,X=unknown,LF550,mainline/unknown,0x75B2;0x784F;0x7E80;0x7FE4;0x7FF1;0x803B;0x80FF;0x82DB;0x8336;0x835D;0x837A;0x851D;...,,indexed_unresolved,low_unresolved
0xF56F,BMHM_$31_main_window_ORG_0xF161,source_listing_no_bytes,"STAA 5,X",W,"5,X",UNKNOWN_HW,OTHER,NO_UNLESS_DEPENDENCY_PROVES,LOW,8,,A,X=unknown,LF550,mainline/unknown,0x75B2;0x784F;0x7E80;0x7FE4;0x7FF1;0x803B;0x80FF;0x82DB;0x8336;0x835D;0x837A;0x851D;...,,indexed_unresolved,low_unresolved
0xF571,BMHM_$31_main_window_ORG_0xF161,source_listing_no_bytes,"LDD 1,X",R,"1,X",UNKNOWN_HW,OTHER,NO_UNLESS_DEPENDENCY_PROVES,LOW,16,,memory,X=unknown,LF550,mainline/unknown,0x75B2;0x784F;0x7E80;0x7FE4;0x7FF1;0x803B;0x80FF;0x82DB;0x8336;0x835D;0x837A;0x851D;...,,indexed_unresolved,low_unresolved
0xF574,BMHM_$31_main_window_ORG_0xF161,source_listing_no_bytes,"ADDB 5,X",R,"5,X",UNKNOWN_HW,OTHER,NO_UNLESS_DEPENDENCY_PROVES,LOW,8,,ADDB,X=unknown,LF550,mainline/unknown,0x75B2;0x784F;0x7E80;0x7FE4;0x7FF1;0x803B;0x80FF;0x82DB;0x8336;0x835D;0x837A;0x851D;...,,indexed_unresolved,low_unresolved
0xF578,BMHM_$31_main_window_ORG_0xF161,source_listing_no_bytes,"STD 4,X",W,"4,X",UNKNOWN_HW,OTHER,NO_UNLESS_DEPENDENCY_PROVES,LOW,16,,D,X=unknown,LF550,mainline/unknown,0x75B2;0x784F;0x7E80;0x7FE4;0x7FF1;0x803B;0x80FF;0x82DB;0x8336;0x835D;0x837A;0x851D;...,,indexed_unresolved,low_unresolved
0xF57A,BMHM_$31_main_window_ORG_0xF161,source_listing_no_bytes,"LDAA 0,X",R,"0,X",UNKNOWN_HW,OTHER,NO_UNLESS_DEPENDENCY_PROVES,LOW,8,,memory,X=unknown,LF550,mainline/unknown,0x75B2;0x784F;0x7E80;0x7FE4;0x7FF1;0x803B;0x80FF;0x82DB;0x8336;0x835D;0x837A;0x851D;...,,Get MSB of Mult'er | indexed_unresolved,low_unresolved
0xF57C,BMHM_$31_main_window_ORG_0xF161,source_listing_no_bytes,"LDAB 3,X",R,"3,X",UNKNOWN_HW,OTHER,NO_UNLESS_DEPENDENCY_PROVES,LOW,8,,memory,X=unknown,LF550,mainline/unknown,0x75B2;0x784F;0x7E80;0x7FE4;0x7FF1;0x803B;0x80FF;0x82DB;0x8336;0x835D;0x837A;0x851D;...,,Get LSB of mult'cnd | indexed_unresolved,low_unresolved
0xF57E,BMHM_$31_main_window_ORG_0xF161,source_listing_no_bytes,"CLR 6,X",RMW,"6,X",UNKNOWN_HW,OTHER,NO_UNLESS_DEPENDENCY_PROVES,LOW,8,,CLR,X=unknown,LF550,mainline/unknown,0x75B2;0x784F;0x7E80;0x7FE4;0x7FF1;0x803B;0x80FF;0x82DB;0x8336;0x835D;0x837A;0x851D;...,,Clr MSB of product | indexed_unresolved,low_unresolved
0xF581,BMHM_$31_main_window_ORG_0xF161,source_listing_no_bytes,"ADDD 4,X",R,"4,X",UNKNOWN_HW,OTHER,NO_UNLESS_DEPENDENCY_PROVES,LOW,16,,ADDD,X=unknown,LF550,mainline/unknown,0x75B2;0x784F;0x7E80;0x7FE4;0x7FF1;0x803B;0x80FF;0x82DB;0x8336;0x835D;0x837A;0x851D;...,,Add result to tepm LSB of | indexed_unresolved,low_unresolved
0xF583,BMHM_$31_main_window_ORG_0xF161,source_listing_no_bytes,"ROL 6,X",RMW,"6,X",UNKNOWN_HW,OTHER,NO_UNLESS_DEPENDENCY_PROVES,LOW,8,,ROL,X=unknown,LF550,mainline/unknown,0x75B2;0x784F;0x7E80;0x7FE4;0x7FF1;0x803B;0x80FF;0x82DB;0x8336;0x835D;0x837A;0x851D;...,,Rotate CY in to overflow counter | indexed_unresolved,low_unresolved
0xF585,BMHM_$31_main_window_ORG_0xF161,source_listing_no_bytes,"STD $04,X",W,"$04,X",UNKNOWN_HW,OTHER,NO_UNLESS_DEPENDENCY_PROVES,LOW,16,,D,X=unknown,LF550,mainline/unknown,0x75B2;0x784F;0x7E80;0x7FE4;0x7FF1;0x803B;0x80FF;0x82DB;0x8336;0x835D;0x837A;0x851D;...,,Get MSB of Mult'er | indexed_unresolved,low_unresolved
0xF587,BMHM_$31_main_window_ORG_0xF161,source_listing_no_bytes,"LDAA 0,X",R,"0,X",UNKNOWN_HW,OTHER,NO_UNLESS_DEPENDENCY_PROVES,LOW,8,,memory,X=unknown,LF550,mainline/unknown,0x75B2;0x784F;0x7E80;0x7FE4;0x7FF1;0x803B;0x80FF;0x82DB;0x8336;0x835D;0x837A;0x851D;...,,Get MSB of Mult'er | indexed_unresolved,low_unresolved
0xF589,BMHM_$31_main_window_ORG_0xF161,source_listing_no_bytes,"LDAB 2,X",R,"2,X",UNKNOWN_HW,OTHER,NO_UNLESS_DEPENDENCY_PROVES,LOW,8,,memory,X=unknown,LF550,mainline/unknown,0x75B2;0x784F;0x7E80;0x7FE4;0x7FF1;0x803B;0x80FF;0x82DB;0x8336;0x835D;0x837A;0x851D;...,,Get MSB of Mult'cnd | indexed_unresolved,low_unresolved
0xF58C,BMHM_$31_main_window_ORG_0xF161,source_listing_no_bytes,"ADDB 4,X",R,"4,X",UNKNOWN_HW,OTHER,NO_UNLESS_DEPENDENCY_PROVES,LOW,8,,ADDB,X=unknown,LF550,mainline/unknown,0x75B2;0x784F;0x7E80;0x7FE4;0x7FF1;0x803B;0x80FF;0x82DB;0x8336;0x835D;0x837A;0x851D;...,,Add LSB of result to MSB of | indexed_unresolved,low_unresolved
0xF590,BMHM_$31_main_window_ORG_0xF161,source_listing_no_bytes,"STAB 4,X",W,"4,X",UNKNOWN_HW,OTHER,NO_UNLESS_DEPENDENCY_PROVES,LOW,8,,B,X=unknown,LF550,mainline/unknown,0x75B2;0x784F;0x7E80;0x7FE4;0x7FF1;0x803B;0x80FF;0x82DB;0x8336;0x835D;0x837A;0x851D;...,,Add MSB of final to overflow counter | indexed_unresolved,low_unresolved
0xF592,BMHM_$31_main_window_ORG_0xF161,source_listing_no_bytes,"STD 2,X",W,"2,X",UNKNOWN_HW,OTHER,NO_UNLESS_DEPENDENCY_PROVES,LOW,16,,D,X=unknown,LF550,mainline/unknown,0x75B2;0x784F;0x7E80;0x7FE4;0x7FF1;0x803B;0x80FF;0x82DB;0x8336;0x835D;0x837A;0x851D;...,,Save final result | indexed_unresolved,low_unresolved
0xF59A,BMHM_$31_main_window_ORG_0xF161,source_listing_no_bytes,"STD $04,X",W,"$04,X",UNKNOWN_HW,OTHER,NO_UNLESS_DEPENDENCY_PROVES,LOW,16,,D=0xFFFF,X=unknown,LF550,mainline/unknown,0x75B2;0x784F;0x7E80;0x7FE4;0x7FF1;0x803B;0x80FF;0x82DB;0x8336;0x835D;0x837A;0x851D;...,,indexed_unresolved,low_unresolved
0xF5A8,BMHM_$31_main_window_ORG_0xF161,source_listing_no_bytes,"LDAA $03,X",R,"$03,X",UNKNOWN_HW,OTHER,NO_UNLESS_DEPENDENCY_PROVES,LOW,8,,memory,X=unknown,LF5A2,mainline/unknown,0xB001;0xB250,,indexed_unresolved,low_unresolved
0xF5AB,BMHM_$31_main_window_ORG_0xF161,source_listing_no_bytes,"STD $05,X",W,"$05,X",UNKNOWN_HW,OTHER,NO_UNLESS_DEPENDENCY_PROVES,LOW,16,,D,X=unknown,LF5A2,mainline/unknown,0xB001;0xB250,,indexed_unresolved,low_unresolved
0xF5AD,BMHM_$31_main_window_ORG_0xF161,source_listing_no_bytes,"LDD $01,X",R,"$01,X",UNKNOWN_HW,OTHER,NO_UNLESS_DEPENDENCY_PROVES,LOW,16,,memory,X=unknown,LF5A2,mainline/unknown,0xB001;0xB250,,indexed_unresolved,low_unresolved
0xF5B0,BMHM_$31_main_window_ORG_0xF161,source_listing_no_bytes,"ADDB $05,X",R,"$05,X",UNKNOWN_HW,OTHER,NO_UNLESS_DEPENDENCY_PROVES,LOW,8,,ADDB,X=unknown,LF5A2,mainline/unknown,0xB001;0xB250,,indexed_unresolved,low_unresolved
0xF5B4,BMHM_$31_main_window_ORG_0xF161,source_listing_no_bytes,"STD $04,X",W,"$04,X",UNKNOWN_HW,OTHER,NO_UNLESS_DEPENDENCY_PROVES,LOW,16,,D,X=unknown,LF5A2,mainline/unknown,0xB001;0xB250,,indexed_unresolved,low_unresolved
0xF5B6,BMHM_$31_main_window_ORG_0xF161,source_listing_no_bytes,"LDAA 0,X",R,"0,X",UNKNOWN_HW,OTHER,NO_UNLESS_DEPENDENCY_PROVES,LOW,8,,memory,X=unknown,LF5A2,mainline/unknown,0xB001;0xB250,,indexed_unresolved,low_unresolved
0xF5B8,BMHM_$31_main_window_ORG_0xF161,source_listing_no_bytes,"LDAB $03,X",R,"$03,X",UNKNOWN_HW,OTHER,NO_UNLESS_DEPENDENCY_PROVES,LOW,8,,memory,X=unknown,LF5A2,mainline/unknown,0xB001;0xB250,,indexed_unresolved,low_unresolved
0xF5BA,BMHM_$31_main_window_ORG_0xF161,source_listing_no_bytes,"CLR $03,X",RMW,"$03,X",UNKNOWN_HW,OTHER,NO_UNLESS_DEPENDENCY_PROVES,LOW,8,,CLR,X=unknown,LF5A2,mainline/unknown,0xB001;0xB250,,indexed_unresolved,low_unresolved
0xF5BD,BMHM_$31_main_window_ORG_0xF161,source_listing_no_bytes,"ADDD $04,X",R,"$04,X",UNKNOWN_HW,OTHER,NO_UNLESS_DEPENDENCY_PROVES,LOW,16,,ADDD,X=unknown,LF5A2,mainline/unknown,0xB001;0xB250,,indexed_unresolved,low_unresolved
0xF5BF,BMHM_$31_main_window_ORG_0xF161,source_listing_no_bytes,"ROL $03,X",RMW,"$03,X",UNKNOWN_HW,OTHER,NO_UNLESS_DEPENDENCY_PROVES,LOW,8,,ROL,X=unknown,LF5A2,mainline/unknown,0xB001;0xB250,,indexed_unresolved,low_unresolved
0xF5C1,BMHM_$31_main_window_ORG_0xF161,source_listing_no_bytes,"STD $04,X",W,"$04,X",UNKNOWN_HW,OTHER,NO_UNLESS_DEPENDENCY_PROVES,LOW,16,,D,X=unknown,LF5A2,mainline/unknown,0xB001;0xB250,,indexed_unresolved,low_unresolved
0xF5C3,BMHM_$31_main_window_ORG_0xF161,source_listing_no_bytes,"LDAA 0,X",R,"0,X",UNKNOWN_HW,OTHER,NO_UNLESS_DEPENDENCY_PROVES,LOW,8,,memory,X=unknown,LF5A2,mainline/unknown,0xB001;0xB250,,indexed_unresolved,low_unresolved
0xF5C5,BMHM_$31_main_window_ORG_0xF161,source_listing_no_bytes,"LDAB $02,X",R,"$02,X",UNKNOWN_HW,OTHER,NO_UNLESS_DEPENDENCY_PROVES,LOW,8,,memory,X=unknown,LF5A2,mainline/unknown,0xB001;0xB250,,indexed_unresolved,low_unresolved
0xF5C8,BMHM_$31_main_window_ORG_0xF161,source_listing_no_bytes,"ADDD $03,X",R,"$03,X",UNKNOWN_HW,OTHER,NO_UNLESS_DEPENDENCY_PROVES,LOW,16,,ADDD,X=unknown,LF5A2,mainline/unknown,0xB001;0xB250,,indexed_unresolved,low_unresolved
0xF5F6,BMHM_$31_main_window_ORG_0xF161,source_listing_no_bytes,"LDX 0,X",R,"0,X",UNKNOWN_HW,OTHER,NO_UNLESS_DEPENDENCY_PROVES,LOW,16,,memory,X=unknown,LF5E8,mainline/unknown,0x7A05,,GET SELECTED ADDRESS THIS LOOP | indexed_unresolved,low_unresolved
0xF5FA,BMHM_$31_main_window_ORG_0xF161,source_listing_no_bytes,"LDAA 2,X",R,"2,X",UNKNOWN_HW,OTHER,NO_UNLESS_DEPENDENCY_PROVES,LOW,8,,memory,X=unknown,LF5E8,mainline/unknown,0x7A05,,indexed_unresolved,low_unresolved
0xF608,BMHM_$31_main_window_ORG_0xF161,source_listing_no_bytes,LDAB L302E,R,0x302E,ALDL,ALDL_SCI,YES,MEDIUM,8,,memory,,LF5E8,mainline/unknown,0x7A05,SCI,SCSR SCI status | GET SCI STATUS,high
0xF60B,BMHM_$31_main_window_ORG_0xF161,source_listing_no_bytes,STAA L302F,W,0x302F,ALDL,ALDL_SCI,YES,HIGH,8,,A,,LF5E8,mainline/unknown,0x7A05,,SCDR SCI data | TX 8192 DATA,high
0xF611,BMHM_$31_main_window_ORG_0xF161,source_listing_no_bytes,"LDAB $04,X",R,"$04,X",UNKNOWN_HW,OTHER,NO_UNLESS_DEPENDENCY_PROVES,LOW,8,,memory,X=unknown,LF5E8,mainline/unknown,0x7A05,,BYT CNT ?? | indexed_unresolved,low_unresolved
0xF619,BMHM_$31_main_window_ORG_0xF161,source_listing_no_bytes,"LDAA $03,X",R,"$03,X",UNKNOWN_HW,OTHER,NO_UNLESS_DEPENDENCY_PROVES,LOW,8,,memory,X=unknown,LF5E8,mainline/unknown,0x7A05,,indexed_unresolved,low_unresolved
0xF61F,BMHM_$31_main_window_ORG_0xF161,source_listing_no_bytes,"LDY $05,X",R,"$05,X",UNKNOWN_HW,OTHER,NO_UNLESS_DEPENDENCY_PROVES,LOW,16,,memory,X=unknown,LF5E8,mainline/unknown,0x7A05,,indexed_unresolved,low_unresolved
0xF623,BMHM_$31_main_window_ORG_0xF161,source_listing_no_bytes,"LDX $09,X",R,"$09,X",UNKNOWN_HW,OTHER,NO_UNLESS_DEPENDENCY_PROVES,LOW,16,,memory,X=unknown,LF5E8,mainline/unknown,0x7A05,,indexed_unresolved,low_unresolved
0xF625,BMHM_$31_main_window_ORG_0xF161,source_listing_no_bytes,"LDAA 0,X",R,"0,X",UNKNOWN_HW,OTHER,NO_UNLESS_DEPENDENCY_PROVES,LOW,8,,memory,X=unknown,LF5E8,mainline/unknown,0x7A05,,indexed_unresolved,low_unresolved
0xF627,BMHM_$31_main_window_ORG_0xF161,source_listing_no_bytes,"STAA 0,Y",W,"0,Y",UNKNOWN_HW,OTHER,NO_UNLESS_DEPENDENCY_PROVES,LOW,8,,A,Y=unknown,LF5E8,mainline/unknown,0x7A05,,indexed_unresolved,low_unresolved
0xF637,BMHM_$31_main_window_ORG_0xF161,source_listing_no_bytes,LDD L3FFC,R,0x3FFC,ASIC_3FXX,IO_LATCH_OUTPUT,YES,MEDIUM,16,,memory,,LF5E8,mainline/unknown,0x7A05,,ASIC I/O D port / external output latch | I/O D PORT ..,high
0xF63F,BMHM_$31_main_window_ORG_0xF161,source_listing_no_bytes,STD L3FFC,W,0x3FFC,ASIC_3FXX,IO_LATCH_OUTPUT,YES,HIGH,16,,D,,LF5E8,mainline/unknown,0x7A05,,ASIC I/O D port / external output latch | I/O D PORT ..,high
0xF645,BMHM_$31_main_window_ORG_0xF161,source_listing_no_bytes,STAA L302D,W,0x302D,ALDL,ALDL_SCI,YES,HIGH,8,,A=0x88,,LF5E8,mainline/unknown,0x7A05,SCI,SCCR2 SCI control 2 | SCI CNT'L REG #2,high
0xF7A2,BMHM_$31_main_window_ORG_0xF161,source_listing_no_bytes,LDD L3FFC,R,0x3FFC,ASIC_3FXX,IO_LATCH_OUTPUT,YES,MEDIUM,16,,memory,,LF781,mainline/unknown,0xAE9D,,ASIC I/O D port / external output latch | I/O D PORT ..,high
0xF7AA,BMHM_$31_main_window_ORG_0xF161,source_listing_no_bytes,STD L3FFC,W,0x3FFC,ASIC_3FXX,IO_LATCH_OUTPUT,YES,HIGH,16,,D,,LF781,mainline/unknown,0xAE9D,,ASIC I/O D port / external output latch | I/O D PORT ..,high
0xF7AF,BMHM_$31_main_window_ORG_0xF161,source_listing_no_bytes,STAA L302D,W,0x302D,ALDL,ALDL_SCI,YES,HIGH,8,,A=0x26,,LF781,mainline/unknown,0xAE9D,SCI,SCCR2 SCI control 2 | SCI CNT'L REG #2,high
0xF7ED,BMHM_$31_main_window_ORG_0xF161,source_listing_no_bytes,"BRCLR $2D,X,#$20,LF7FA",R,0x302D,ALDL,ALDL_SCI,YES,MEDIUM,bit,0x20,bit test 0x20,X=0x3000,LF781,SCI/ALDL interrupt,0xAE9D,ALDL,"SCCR2 SCI control 2 | BR IF NOT b5, (RX INT ENABLED) | indexed_resolved",high
0xF7F1,BMHM_$31_main_window_ORG_0xF161,source_listing_no_bytes,"BRCLR $2E,X,#$20,LF821",R,0x302E,ALDL,ALDL_SCI,YES,MEDIUM,bit,0x20,bit test 0x20,X=0x3000,LF781,SCI/ALDL interrupt,0xAE9D,ALDL,"SCSR SCI status | BR IF NOT b5,	(RX REG FULL) | indexed_resolved",high
0xF7FA,BMHM_$31_main_window_ORG_0xF161,source_listing_no_bytes,"BRCLR $2D,X,#$80,LF807",R,0x302D,ALDL,ALDL_SCI,YES,MEDIUM,bit,0x80,bit test 0x80,X=0x3000,LF781,SCI/ALDL interrupt,0xAE9D,ALDL,"SCCR2 SCI control 2 | BR IF NOT b7, (TX INT ENABLED) | indexed_resolved",high
0xF7FE,BMHM_$31_main_window_ORG_0xF161,source_listing_no_bytes,"BRCLR $2E,X,#$80,LF821",R,0x302E,ALDL,ALDL_SCI,YES,MEDIUM,bit,0x80,bit test 0x80,X=0x3000,LF781,SCI/ALDL interrupt,0xAE9D,ALDL,"SCSR SCI status | BR IF NOT b7,	(TX REG EMPTY) | indexed_resolved",high
0xF807,BMHM_$31_main_window_ORG_0xF161,source_listing_no_bytes,"BRCLR $2D,X,#$40,LF821",R,0x302D,ALDL,ALDL_SCI,YES,MEDIUM,bit,0x40,bit test 0x40,X=0x3000,LF781,SCI/ALDL interrupt,0xAE9D,ALDL,"SCCR2 SCI control 2 | BR IF NOT b6, (TC DONE INT ENABLED) | indexed_resolved",high
0xF80B,BMHM_$31_main_window_ORG_0xF161,source_listing_no_bytes,"BRCLR $2E,X,#$40,LF821",R,0x302E,ALDL,ALDL_SCI,YES,MEDIUM,bit,0x40,bit test 0x40,X=0x3000,LF781,SCI/ALDL interrupt,0xAE9D,ALDL,"SCSR SCI status | BR IF NOT b6,	(TC DONE) | indexed_resolved",high
0xF811,BMHM_$31_main_window_ORG_0xF161,source_listing_no_bytes,"STAA $2D,X",W,0x302D,ALDL,ALDL_SCI,YES,HIGH,8,,A=0x26,X=0x3000,LF781,SCI/ALDL interrupt,0xAE9D,SCI|ALDL,SCCR2 SCI control 2 | SCI CNT'L REG #2 | indexed_resolved,high
0xF813,BMHM_$31_main_window_ORG_0xF161,source_listing_no_bytes,LDD L3FFC,R,0x3FFC,ASIC_3FXX,IO_LATCH_OUTPUT,YES,MEDIUM,16,,memory,,LF781,SCI/ALDL interrupt,0xAE9D,ALDL,ASIC I/O D port / external output latch | I/O D PORT ..,high
0xF81B,BMHM_$31_main_window_ORG_0xF161,source_listing_no_bytes,STD L3FFC,W,0x3FFC,ASIC_3FXX,IO_LATCH_OUTPUT,YES,HIGH,16,,D,,LF781,SCI/ALDL interrupt,0xAE9D,ALDL,ASIC I/O D port / external output latch | I/O D PORT ..,high
0xF82B,BMHM_$31_main_window_ORG_0xF161,source_listing_no_bytes,"LDAA 4,X",R,"4,X",UNKNOWN_HW,OTHER,NO_UNLESS_DEPENDENCY_PROVES,LOW,8,,memory,X=unknown,LF822,mainline/unknown,0xF802,ALDL,indexed_unresolved,low_unresolved
0xF872,BMHM_$31_main_window_ORG_0xF161,source_listing_no_bytes,"BRSET $03,X,#$80,LF881",R,"$03,X,#$80,LF881",UNKNOWN_HW,OTHER,NO_UNLESS_DEPENDENCY_PROVES,LOW,bit,0x80,bit test 0x80,X=unknown,LF822,mainline/unknown,0xF802,ALDL,BR IF b7 | indexed_unresolved,low_unresolved
0xF876,BMHM_$31_main_window_ORG_0xF161,source_listing_no_bytes,"BRSET $03,X,#$40,LF88C",R,"$03,X,#$40,LF88C",UNKNOWN_HW,OTHER,NO_UNLESS_DEPENDENCY_PROVES,LOW,bit,0x40,bit test 0x40,X=unknown,LF822,mainline/unknown,0xF802,ALDL,BR IF b6 | indexed_unresolved,low_unresolved
0xF87A,BMHM_$31_main_window_ORG_0xF161,source_listing_no_bytes,"LDX $05,X",R,"$05,X",UNKNOWN_HW,OTHER,NO_UNLESS_DEPENDENCY_PROVES,LOW,16,,memory,X=unknown,LF822,mainline/unknown,0xF802,ALDL,indexed_unresolved,low_unresolved
0xF87D,BMHM_$31_main_window_ORG_0xF161,source_listing_no_bytes,"LDAA 0,X",R,"0,X",UNKNOWN_HW,OTHER,NO_UNLESS_DEPENDENCY_PROVES,LOW,8,,memory,X=unknown,LF822,mainline/unknown,0xF802,ALDL,indexed_unresolved,low_unresolved
0xF888,BMHM_$31_main_window_ORG_0xF161,source_listing_no_bytes,"LDX $0009,X",R,"$0009,X",UNKNOWN_HW,OTHER,NO_UNLESS_DEPENDENCY_PROVES,LOW,16,,memory,X=unknown,LF822,mainline/unknown,0xF802,ALDL,indexed_unresolved,low_unresolved
0xF88D,BMHM_$31_main_window_ORG_0xF161,source_listing_no_bytes,"LDX $05,X",R,"$05,X",UNKNOWN_HW,OTHER,NO_UNLESS_DEPENDENCY_PROVES,LOW,16,,memory,X=unknown,LF822,mainline/unknown,0xF802,ALDL,indexed_unresolved,low_unresolved
0xF8B0,BMHM_$31_main_window_ORG_0xF161,source_listing_no_bytes,"LDX 0,X",R,"0,X",UNKNOWN_HW,OTHER,NO_UNLESS_DEPENDENCY_PROVES,LOW,16,,memory,X=unknown,LF822,mainline/unknown,0xF802,ALDL,indexed_unresolved,low_unresolved
0xF8B5,BMHM_$31_main_window_ORG_0xF161,source_listing_no_bytes,"LDX 0,X",R,"0,X",UNKNOWN_HW,OTHER,NO_UNLESS_DEPENDENCY_PROVES,LOW,16,,memory,X=unknown,LF822,mainline/unknown,0xF802,ALDL,indexed_unresolved,low_unresolved
0xF8CA,BMHM_$31_main_window_ORG_0xF161,source_listing_no_bytes,"LDD 0,X",R,"0,X",UNKNOWN_HW,OTHER,NO_UNLESS_DEPENDENCY_PROVES,LOW,16,,memory,X=unknown,LF822,mainline/unknown,0xF802,ALDL,indexed_unresolved,low_unresolved
0xF8DC,BMHM_$31_main_window_ORG_0xF161,source_listing_no_bytes,"LDAA 0,X",R,"0,X",UNKNOWN_HW,OTHER,NO_UNLESS_DEPENDENCY_PROVES,LOW,8,,memory,X=unknown,LF822,mainline/unknown,0xF802,ALDL,indexed_unresolved,low_unresolved
0xF8E6,BMHM_$31_main_window_ORG_0xF161,source_listing_no_bytes,STAA L302F,W,0x302F,ALDL,ALDL_SCI,YES,HIGH,8,,A,,LF8E6,mainline/unknown,0xF84F;0xF866,ALDL,SCDR SCI data | TX A BYTE VIA 8192,high
0xF8FF,BMHM_$31_main_window_ORG_0xF161,source_listing_no_bytes,LDAA L302E,R,0x302E,ALDL,ALDL_SCI,YES,MEDIUM,8,,memory,,LF8E6,mainline/unknown,0xF84F;0xF866,SCI|ALDL,SCSR SCI status | GET SCI STATUS,high
0xF902,BMHM_$31_main_window_ORG_0xF161,source_listing_no_bytes,LDAA L302F,R,0x302F,ALDL,ALDL_SCI,YES,MEDIUM,8,,memory,,LF8E6,mainline/unknown,0xF84F;0xF866,ALDL,SCDR SCI data | GET 8192 RX'ED DATA,high
0xF907,BMHM_$31_main_window_ORG_0xF161,source_listing_no_bytes,STAA L302D,W,0x302D,ALDL,ALDL_SCI,YES,HIGH,8,,A=0x40,,LF8E6,mainline/unknown,0xF84F;0xF866,SCI|ALDL,SCCR2 SCI control 2 | SCI CNT'L REG #2,high
0xF90B,BMHM_$31_main_window_ORG_0xF161,source_listing_no_bytes,LDAB L302E,R,0x302E,ALDL,ALDL_SCI,YES,MEDIUM,8,,memory,,LF90B,mainline/unknown,0xF7F5,SCI|ALDL,SCSR SCI status | SCI STATUS REG,high
0xF90E,BMHM_$31_main_window_ORG_0xF161,source_listing_no_bytes,LDAA L302F,R,0x302F,ALDL,ALDL_SCI,YES,MEDIUM,8,,memory,,LF90B,mainline/unknown,0xF7F5,SCI|ALDL,SCDR SCI data | SCI DATA REG,high
0xF950,BMHM_$31_main_window_ORG_0xF161,source_listing_no_bytes,STAA L302D,W,0x302D,ALDL,ALDL_SCI,YES,HIGH,8,,A=0x24,,LF90B,mainline/unknown,0xF7F5,SCI|ALDL,SCCR2 SCI control 2 | SCI CNT'L REG #2,high
0xF97B,BMHM_$31_main_window_ORG_0xF161,source_listing_no_bytes,"LDX 9,X",R,"9,X",UNKNOWN_HW,OTHER,NO_UNLESS_DEPENDENCY_PROVES,LOW,16,,memory,X=unknown,LF90B,mainline/unknown,0xF7F5,ALDL,indexed_unresolved,low_unresolved
0xF9A5,BMHM_$31_main_window_ORG_0xF161,source_listing_no_bytes,"LDX 0,X",R,"0,X",UNKNOWN_HW,OTHER,NO_UNLESS_DEPENDENCY_PROVES,LOW,16,,memory,X=unknown,LF90B,mainline/unknown,0xF7F5,ALDL,indexed_unresolved,low_unresolved
0xF9AB,BMHM_$31_main_window_ORG_0xF161,source_listing_no_bytes,"LDX 7,X",R,"7,X",UNKNOWN_HW,OTHER,NO_UNLESS_DEPENDENCY_PROVES,LOW,16,,memory,X=unknown,LF90B,mainline/unknown,0xF7F5,ALDL,indexed_unresolved,low_unresolved
0xF9AE,BMHM_$31_main_window_ORG_0xF161,source_listing_no_bytes,"STAA 0,X",W,"0,X",UNKNOWN_HW,OTHER,NO_UNLESS_DEPENDENCY_PROVES,LOW,8,,A,X=unknown,LF90B,mainline/unknown,0xF7F5,ALDL,indexed_unresolved,low_unresolved
0xF9BE,BMHM_$31_main_window_ORG_0xF161,source_listing_no_bytes,"LDAB $02,X",R,"$02,X",UNKNOWN_HW,OTHER,NO_UNLESS_DEPENDENCY_PROVES,LOW,8,,memory,X=unknown,LF90B,mainline/unknown,0xF7F5,ALDL,indexed_unresolved,low_unresolved
0xFA24,BMHM_$31_main_window_ORG_0xF161,source_listing_no_bytes,"BRSET $0004,X,#$80,LFA4D",R,"$0004,X,#$80,LFA4D",UNKNOWN_HW,OTHER,NO_UNLESS_DEPENDENCY_PROVES,LOW,bit,0x80,bit test 0x80,X=unknown,LF90B,mainline/unknown,0xF7F5,ALDL,BR IF NOT b7 | indexed_unresolved,low_unresolved
0xFA2B,BMHM_$31_main_window_ORG_0xF161,source_listing_no_bytes,LDAB L302E,R,0x302E,ALDL,ALDL_SCI,YES,MEDIUM,8,,memory,,LFA28,mainline/unknown,0xFBD1,SCI|ALDL,SCSR SCI status | SCI STATUS REG,high
0xFA2E,BMHM_$31_main_window_ORG_0xF161,source_listing_no_bytes,"LDAA $02,X",R,"$02,X",UNKNOWN_HW,OTHER,NO_UNLESS_DEPENDENCY_PROVES,LOW,8,,memory,X=unknown,LFA28,mainline/unknown,0xFBD1,ALDL,indexed_unresolved,low_unresolved
0xFA30,BMHM_$31_main_window_ORG_0xF161,source_listing_no_bytes,STAA L302F,W,0x302F,ALDL,ALDL_SCI,YES,HIGH,8,,A,,LFA28,mainline/unknown,0xFBD1,SCI|ALDL,SCDR SCI data | SCI DATA REG,high
0xFA3B,BMHM_$31_main_window_ORG_0xF161,source_listing_no_bytes,LDD L3FFC,R,0x3FFC,ASIC_3FXX,IO_LATCH_OUTPUT,YES,MEDIUM,16,,memory,,LFA28,mainline/unknown,0xFBD1,ALDL,ASIC I/O D port / external output latch | I/O D PORT ..,high
0xFA43,BMHM_$31_main_window_ORG_0xF161,source_listing_no_bytes,STD L3FFC,W,0x3FFC,ASIC_3FXX,IO_LATCH_OUTPUT,YES,HIGH,16,,D,,LFA28,mainline/unknown,0xFBD1,ALDL,ASIC I/O D port / external output latch | I/O D PORT ..,high
0xFA48,BMHM_$31_main_window_ORG_0xF161,source_listing_no_bytes,STAA L302D,W,0x302D,ALDL,ALDL_SCI,YES,HIGH,8,,A=0x88,,LFA28,mainline/unknown,0xFBD1,SCI|ALDL,SCCR2 SCI control 2 | SCI CNT'L REG #2,high
0xFA57,BMHM_$31_main_window_ORG_0xF161,source_listing_no_bytes,STAA L302D,W,0x302D,ALDL,ALDL_SCI,YES,HIGH,8,,A=0x26,,LFA4D,mainline/unknown,0xF9B6,SCI|ALDL,SCCR2 SCI control 2 | SCI CNT'L REG #2,high
0xFA6B,BMHM_$31_main_window_ORG_0xF161,source_listing_no_bytes,LDAA L3031,R,0x3031,HC11_REG,SENSOR_ADC,YES,MEDIUM,8,,memory,,LFA5B,mainline/unknown,0x7955,,"ADR1 A/D result 1 | GET A/D RESULT #1,",high
0xFA7B,BMHM_$31_main_window_ORG_0xF161,source_listing_no_bytes,LDAA L3031,R,0x3031,HC11_REG,SENSOR_ADC,YES,MEDIUM,8,,memory,,LFA5B,mainline/unknown,0x7955,,ADR1 A/D result 1 | GET A/D RESULT #1,high
0xFA87,BMHM_$31_main_window_ORG_0xF161,source_listing_no_bytes,STAA L303A,W,0x303A,HC11_REG,BOOT_WATCHDOG_CPU,YES,HIGH,8,,A=0xAA,,LFA5B,mainline/unknown,0x7955,,COPRST watchdog clear | COP 1,high
0xFA8A,BMHM_$31_main_window_ORG_0xF161,source_listing_no_bytes,STAB L303A,W,0x303A,HC11_REG,BOOT_WATCHDOG_CPU,YES,HIGH,8,,B=0x55,,LFA5B,mainline/unknown,0x7955,,COPRST watchdog clear,high
0xFAA5,BMHM_$31_main_window_ORG_0xF161,source_listing_no_bytes,"JSR 0,X",EXEC,"0,X",UNKNOWN_HW,OTHER,NO_UNLESS_DEPENDENCY_PROVES,LOW,,,control transfer,X=unknown,LFA5B,mainline/unknown,0x7955,,indexed_unresolved,low_unresolved
0xFABC,BMHM_$31_main_window_ORG_0xF161,source_listing_no_bytes,"STAA 0,X",W,"0,X",UNKNOWN_HW,SPARK_EST,YES,HIGH,8,,A,X=unknown,LFA5B,mainline/unknown,0x7955,EST,XFER DATA TO DEST RAM LOC | indexed_unresolved,low_unresolved
0xFAD4,BMHM_$31_main_window_ORG_0xF161,source_listing_no_bytes,"BRCLR 0,Y,#$80,LFB39",R,0x3064,UNKNOWN_HW,UNKNOWN_306X_BOARD_IO,TEST_ITEM,HIGH_UNCLASSIFIED,bit,0x80,bit test 0x80,Y=0x3064,LFA5B,mainline/unknown,0x7955,,BR IF | indexed_resolved,high
0xFADC,BMHM_$31_main_window_ORG_0xF161,source_listing_no_bytes,STX L3FCC,W,0x3FCC,ASIC_3FXX,ASIC_COMMAND_OUTPUT,YES,HIGH,16,,X,,LFA5B,mainline/unknown,0x7955,,ASIC fuel/scheduler command candidate A,high
0xFAE5,BMHM_$31_main_window_ORG_0xF161,source_listing_no_bytes,STX L3FEA,W,0x3FEA,ASIC_3FXX,ASIC_COMMAND_OUTPUT,YES,HIGH,16,,X,,LFA5B,mainline/unknown,0x7955,,ASIC fuel/scheduler command candidate B,high
0xFAEE,BMHM_$31_main_window_ORG_0xF161,source_listing_no_bytes,STD L3FCE,W,0x3FCE,ASIC_3FXX,ASIC_COMMAND_OUTPUT,YES,HIGH,16,,D=0x00C5,,LFA5B,mainline/unknown,0x7955,,ASIC EFI PW / fuel pulse-width handoff | SAVE TO EFI PW,high
0xFAF7,BMHM_$31_main_window_ORG_0xF161,source_listing_no_bytes,STX L3FDC,W,0x3FDC,ASIC_3FXX,SPARK_EST,YES,HIGH,16,,X,,LFA5B,mainline/unknown,0x7955,,"ASIC spark dwell / spark work period handoff | SPK WP, (DWELL)",high
0xFB03,BMHM_$31_main_window_ORG_0xF161,source_listing_no_bytes,STD L3FF6,W,0x3FF6,ASIC_3FXX,SPARK_EST,YES,HIGH,16,,D,,LFA5B,mainline/unknown,0x7955,EST,ASIC EST fall counter / output scheduler | EST FALL CNT'R,high
0xFB14,BMHM_$31_main_window_ORG_0xF161,source_listing_no_bytes,LDAA L3062,R,0x3062,UNKNOWN_HW,SPARK_EST,YES,MEDIUM,8,,memory,,LFA5B,mainline/unknown,0x7955,,External 306x hardware latch/status candidate | I/O PORT D,high
0xFB28,BMHM_$31_main_window_ORG_0xF161,source_listing_no_bytes,STAB L3062,W,0x3062,UNKNOWN_HW,SPARK_EST,YES,HIGH,8,,B,,LFA5B,mainline/unknown,0x7955,,External 306x hardware latch/status candidate,high
0xFB39,BMHM_$31_main_window_ORG_0xF161,source_listing_no_bytes,LDAA L3062,R,0x3062,UNKNOWN_HW,SPARK_EST,YES,MEDIUM,8,,memory,,LFA5B,mainline/unknown,0x7955,,External 306x hardware latch/status candidate | I/O PORT D,high
0xFB3E,BMHM_$31_main_window_ORG_0xF161,source_listing_no_bytes,STAA L3062,W,0x3062,UNKNOWN_HW,SPARK_EST,YES,HIGH,8,,A,,LFA5B,mainline/unknown,0x7955,,External 306x hardware latch/status candidate | I/O PORT D,high
0xFB44,BMHM_$31_main_window_ORG_0xF161,source_listing_no_bytes,STD L3FCE,W,0x3FCE,ASIC_3FXX,ASIC_COMMAND_OUTPUT,YES,HIGH,16,,D=0x0000,,LFA5B,mainline/unknown,0x7955,,ASIC EFI PW / fuel pulse-width handoff,high
0xFB4A,BMHM_$31_main_window_ORG_0xF161,source_listing_no_bytes,LDAA L3060,R,0x3060,UNKNOWN_HW,UNKNOWN_306X_BOARD_IO,TEST_ITEM,HIGH_UNCLASSIFIED,8,,memory,,LFA5B,mainline/unknown,0x7955,,I/O PORT,high
0xFB4F,BMHM_$31_main_window_ORG_0xF161,source_listing_no_bytes,"ORAA 0,X",R,"0,X",UNKNOWN_HW,OTHER,NO_UNLESS_DEPENDENCY_PROVES,LOW,8,,ORAA,X=unknown,LFA5B,mainline/unknown,0x7955,,indexed_unresolved,low_unresolved
0xFB51,BMHM_$31_main_window_ORG_0xF161,source_listing_no_bytes,STAA L3060,W,0x3060,UNKNOWN_HW,UNKNOWN_306X_BOARD_IO,TEST_ITEM,HIGH_UNCLASSIFIED,8,,A,,LFA5B,mainline/unknown,0x7955,,I/O PORT,high
0xFB54,BMHM_$31_main_window_ORG_0xF161,source_listing_no_bytes,LDAA L3062,R,0x3062,UNKNOWN_HW,SPARK_EST,YES,MEDIUM,8,,memory,,LFA5B,mainline/unknown,0x7955,,External 306x hardware latch/status candidate | I/O PORT D,high
0xFB59,BMHM_$31_main_window_ORG_0xF161,source_listing_no_bytes,"ORAA $01,X",R,"$01,X",UNKNOWN_HW,OTHER,NO_UNLESS_DEPENDENCY_PROVES,LOW,8,,ORAA,X=unknown,LFA5B,mainline/unknown,0x7955,,indexed_unresolved,low_unresolved
0xFB5B,BMHM_$31_main_window_ORG_0xF161,source_listing_no_bytes,STAA L3062,W,0x3062,UNKNOWN_HW,SPARK_EST,YES,HIGH,8,,A,,LFA5B,mainline/unknown,0x7955,,External 306x hardware latch/status candidate | I/O PORT D,high
0xFB5F,BMHM_$31_main_window_ORG_0xF161,source_listing_no_bytes,LDD L3FFC,R,0x3FFC,ASIC_3FXX,IO_LATCH_OUTPUT,YES,MEDIUM,16,,memory,,LFA5B,mainline/unknown,0x7955,,ASIC I/O D port / external output latch | I/O D PORT ..,high
0xFB67,BMHM_$31_main_window_ORG_0xF161,source_listing_no_bytes,"ORAB 2,X",R,"2,X",UNKNOWN_HW,OTHER,NO_UNLESS_DEPENDENCY_PROVES,LOW,8,,ORAB,X=unknown,LFA5B,mainline/unknown,0x7955,,SET ... | indexed_unresolved,low_unresolved
0xFB69,BMHM_$31_main_window_ORG_0xF161,source_listing_no_bytes,STD L3FFC,W,0x3FFC,ASIC_3FXX,IO_LATCH_OUTPUT,YES,HIGH,16,,D,,LFA5B,mainline/unknown,0x7955,,ASIC I/O D port / external output latch | I/O D PORT ..,high
0xFB78,BMHM_$31_main_window_ORG_0xF161,source_listing_no_bytes,STX L3FD4,W,0x3FD4,ASIC_3FXX,ASIC_COMMAND_OUTPUT,YES,HIGH,16,,X,,LFA5B,mainline/unknown,0x7955,,ASIC output compare/scheduler slot D4,high
0xFB7D,BMHM_$31_main_window_ORG_0xF161,source_listing_no_bytes,STX L3FD6,W,0x3FD6,ASIC_3FXX,ASIC_COMMAND_OUTPUT,YES,HIGH,16,,X,,LFA5B,mainline/unknown,0x7955,,ASIC output compare/scheduler slot D6,high
0xFB82,BMHM_$31_main_window_ORG_0xF161,source_listing_no_bytes,STX L3FD8,W,0x3FD8,ASIC_3FXX,ASIC_COMMAND_OUTPUT,YES,HIGH,16,,X,,LFA5B,mainline/unknown,0x7955,,ASIC output compare/scheduler slot D8,high
0xFB87,BMHM_$31_main_window_ORG_0xF161,source_listing_no_bytes,STX L3FDA,W,0x3FDA,ASIC_3FXX,ASIC_COMMAND_OUTPUT,YES,HIGH,16,,X,,LFA5B,mainline/unknown,0x7955,,ASIC output compare/scheduler slot DA,high
0xFB8A,BMHM_$31_main_window_ORG_0xF161,source_listing_no_bytes,STX L306A,W,0x306A,UNKNOWN_HW,UNKNOWN_306X_BOARD_IO,TEST_ITEM,HIGH_UNCLASSIFIED,16,,X,,LFA5B,mainline/unknown,0x7955,,,high
0xFB8D,BMHM_$31_main_window_ORG_0xF161,source_listing_no_bytes,STX L306C,W,0x306C,UNKNOWN_HW,UNKNOWN_306X_BOARD_IO,TEST_ITEM,HIGH_UNCLASSIFIED,16,,X,,LFA5B,mainline/unknown,0x7955,,,high
0xFB90,BMHM_$31_main_window_ORG_0xF161,source_listing_no_bytes,STX L306E,W,0x306E,UNKNOWN_HW,IO_LATCH_OUTPUT,YES,HIGH,16,,X,,LFA5B,mainline/unknown,0x7955,,External 306x I/O latch candidate,high
0xFB93,BMHM_$31_main_window_ORG_0xF161,source_listing_no_bytes,STX L3068,W,0x3068,UNKNOWN_HW,IO_LATCH_OUTPUT,YES,HIGH,16,,X,,LFA5B,mainline/unknown,0x7955,,External 306x output command candidate,high
0xFB9B,BMHM_$31_main_window_ORG_0xF161,source_listing_no_bytes,STX L3FD4,W,0x3FD4,ASIC_3FXX,ASIC_COMMAND_OUTPUT,YES,HIGH,16,,X,,LFA5B,mainline/unknown,0x7955,,ASIC output compare/scheduler slot D4,high
0xFBA3,BMHM_$31_main_window_ORG_0xF161,source_listing_no_bytes,STX L3FD6,W,0x3FD6,ASIC_3FXX,ASIC_COMMAND_OUTPUT,YES,HIGH,16,,X,,LFA5B,mainline/unknown,0x7955,,ASIC output compare/scheduler slot D6,high
0xFBAB,BMHM_$31_main_window_ORG_0xF161,source_listing_no_bytes,STX L3FD8,W,0x3FD8,ASIC_3FXX,ASIC_COMMAND_OUTPUT,YES,HIGH,16,,X,,LFA5B,mainline/unknown,0x7955,,ASIC output compare/scheduler slot D8,high
0xFBB3,BMHM_$31_main_window_ORG_0xF161,source_listing_no_bytes,STX L3FDA,W,0x3FDA,ASIC_3FXX,ASIC_COMMAND_OUTPUT,YES,HIGH,16,,X,,LFA5B,mainline/unknown,0x7955,,ASIC output compare/scheduler slot DA,high
0xFBB9,BMHM_$31_main_window_ORG_0xF161,source_listing_no_bytes,STX L306A,W,0x306A,UNKNOWN_HW,UNKNOWN_306X_BOARD_IO,TEST_ITEM,HIGH_UNCLASSIFIED,16,,X,,LFA5B,mainline/unknown,0x7955,,,high
0xFBBF,BMHM_$31_main_window_ORG_0xF161,source_listing_no_bytes,STX L306C,W,0x306C,UNKNOWN_HW,UNKNOWN_306X_BOARD_IO,TEST_ITEM,HIGH_UNCLASSIFIED,16,,X,,LFA5B,mainline/unknown,0x7955,,,high
0xFBC5,BMHM_$31_main_window_ORG_0xF161,source_listing_no_bytes,STX L306E,W,0x306E,UNKNOWN_HW,IO_LATCH_OUTPUT,YES,HIGH,16,,X,,LFA5B,mainline/unknown,0x7955,,"External 306x I/O latch candidate | 32,614",high
0xFBCB,BMHM_$31_main_window_ORG_0xF161,source_listing_no_bytes,STX L3068,W,0x3068,UNKNOWN_HW,IO_LATCH_OUTPUT,YES,HIGH,16,,X,,LFA5B,mainline/unknown,0x7955,,External 306x output command candidate,high
0xFC16,BMHM_$31_main_window_ORG_0xFBD7,source_listing_no_bytes,STAA L3023,W,0x3023,HC11_REG,FUEL_SCHED_TIMER,YES,HIGH,8,,A=0x01,,LFC11,XIRQ/vector handler,0x74EE,,TFLG1 timer interrupt flags / write-one-clear,high
0xFC31,BMHM_$31_main_window_ORG_0xFBD7,source_listing_no_bytes,STAA L3022,W,0x3022,HC11_REG,FUEL_SCHED_TIMER,YES,HIGH,8,,A=0xA0,,LFC2F,TIC/RTI vector handler,,,TMSK1 timer interrupt mask | TMSK1,high
0xFC36,BMHM_$31_main_window_ORG_0xFBD7,source_listing_no_bytes,STAA L3023,W,0x3023,HC11_REG,FUEL_SCHED_TIMER,YES,HIGH,8,,A=0x5F,,LFC2F,TIC/RTI vector handler,,,TFLG1 timer interrupt flags / write-one-clear | TFLG1,high
0xFC3C,BMHM_$31_main_window_ORG_0xFBD7,source_listing_no_bytes,STAA L3024,W,0x3024,HC11_REG,BOOT_WATCHDOG_CPU,YES,HIGH,8,,A=0x03,,LFC2F,TIC/RTI vector handler,,,TMSK2 timer prescale/RTI mask | TMSK2,high
0xFC41,BMHM_$31_main_window_ORG_0xFBD7,source_listing_no_bytes,STAA L3025,W,0x3025,HC11_REG,HC11_CORE,NO_UNLESS_DEPENDENCY_PROVES,LOW,8,,A=0xFF,,LFC2F,TIC/RTI vector handler,,,TFLG2 timer flags | TFLG2,high
